municipio,provincia,codigo_ine,lat,lon,poblacion_2025,poblacion_1996,var_1996_2025_pct,var_10a_pct,alquiler_eur_m2,alquiler_p25,alquiler_p75,alquiler_80m2_mes,anuncios
Madrid,Madrid,28079,40.416782,-3.703507,3506730,2866850,22.3,10.8,17.65,12.5,23.26,1412.0,43
Barcelona,Barcelona,08019,41.3825802,2.177073,1731649,1508805,14.8,7.6,20.0,13.44,30.0,1600.0,37
València,Valencia,46250,39.4697065,-0.3763353,840792,746683,12.6,6.4,15.61,10.0,20.0,1249.0,50
Zaragoza,Zaragoza,50297,41.6521342,-0.8809428,693091,601674,15.2,4.8,13.18,9.67,16.67,1055.0,54
Sevilla,Sevilla,41091,37.3886303,-5.9953403,689423,697487,-1.2,-0.2,13.18,9.55,18.0,1054.0,55
Málaga,Málaga,29067,36.7213028,-4.4216366,599063,549135,9.1,5.3,16.75,11.54,25.0,1340.0,47
Murcia,Murcia,30030,37.9923795,-1.1305431,479405,345759,38.7,8.7,10.54,7.52,15.56,844.0,52
Palma,Baleares,07040,39.5695818,2.6500745,434786,304250,42.9,7.9,19.25,14.22,23.97,1540.0,50
"Palmas de Gran Canaria, Las",Las Palmas,35016,28.1288694,-15.4349015,381868,355563,7.4,0.8,,,,,
Alacant/Alicante,Alicante,03014,38.3436365,-0.4881708,366221,274577,33.4,10.8,14.59,10.59,20.0,1167.0,42
Bilbao,Bizkaia,48020,43.2519245,-2.9331224,351124,358875,-2.2,1.7,17.14,13.24,21.05,1371.0,61
Córdoba,Córdoba,14021,37.8845813,-4.7760138,323262,306248,5.6,-1.0,9.41,6.44,12.5,753.0,50
Valladolid,Valladolid,47186,41.6521807,-4.728605,302614,319805,-5.4,0.2,9.64,7.6,13.53,771.0,55
Vigo,Pontevedra,36057,42.2376602,-8.7247205,294489,286774,2.7,0.6,10.68,7.73,18.0,855.0,54
"Hospitalet de Llobregat, L'",Barcelona,08101,41.3595118,2.0996318,289510,255050,13.5,13.6,23.66,14.91,34.0,1893.0,34
Gijón,Asturias,33024,43.5449422,-5.66275,269894,264381,2.1,-1.3,12.23,9.88,18.0,978.0,56
Vitoria-Gasteiz,Álava,01059,42.8465088,-2.6724025,260699,214234,21.7,6.6,12.31,10.0,16.65,985.0,7
"Coruña, A",A Coruña,15030,43.3709703,-8.3959425,251543,243785,3.2,3.1,15.29,13.68,20.0,1223.0,5
Elx/Elche,Alicante,03065,38.2653307,-0.6988391,245557,191660,28.1,7.9,8.15,6.5,11.11,652.0,58
Granada,Granada,18087,37.1734995,-3.5995337,233975,245640,-4.7,-0.3,9.47,6.0,13.57,758.0,53
Terrassa,Barcelona,08279,41.5629623,2.0100492,233270,163862,42.4,8.4,15.61,6.71,20.76,1249.0,36
Badalona,Barcelona,08015,41.4493539,2.248254,231542,210987,9.7,7.4,11.74,4.84,25.8,939.0,59
Sabadell,Barcelona,08187,41.5460801,2.1083214,225368,185798,21.3,8.2,11.88,7.37,22.84,950.0,34
Oviedo,Asturias,33044,43.3618625,-5.8483581,223968,200049,12.0,1.5,11.78,9.64,15.87,942.0,56
Cartagena,Murcia,30016,37.6155018,-0.987511,220704,170483,29.5,2.8,10.56,8.0,18.46,845.0,47
Móstoles,Madrid,28092,40.3238525,-3.8649214,214817,196173,9.5,4.5,9.17,7.37,15.69,734.0,33
Jerez de la Frontera,Cádiz,11020,36.6816936,-6.1377402,213634,182269,17.2,0.4,10.23,7.14,14.12,818.0,36
Santa Cruz de Tenerife,Santa Cruz de Tenerife,38038,28.467178,-16.2507843,211957,203787,4.0,4.1,15.61,10.66,22.86,1249.0,56
Pamplona/Iruña,Navarra,31201,42.8181992,-1.6440089,209094,166279,25.7,6.9,11.5,9.31,15.62,920.0,41
Almería,Almería,04013,36.8414197,-2.4628135,205468,170503,20.5,5.6,9.47,7.5,13.16,758.0,41
Alcalá de Henares,Madrid,28005,40.481954,-3.363981,203208,163386,24.4,3.7,11.66,10.23,16.47,933.0,32
Leganés,Madrid,28074,40.3281942,-3.76527,195734,174593,12.1,4.6,17.74,16.45,21.15,1419.0,49
Getafe,Madrid,28065,40.3070639,-3.7331808,193238,143153,35.0,9.4,21.24,15.23,25.3,1699.0,34
Fuenlabrada,Madrid,28058,40.282476,-3.7923422,190076,163567,16.2,-2.1,15.0,12.5,19.09,1200.0,55
Donostia/San Sebastián,Gipuzkoa,20069,43.3224219,-1.9838889,189866,176908,7.3,2.0,17.89,15.0,21.98,1431.0,49
Castelló de la Plana,Castellón,12040,39.9860347,-0.0377354,183711,135729,35.4,7.4,9.04,5.6,14.29,723.0,50
Burgos,Burgos,09059,42.343926,-3.696977,177402,163156,8.7,0.4,10.71,8.89,14.12,857.0,54
Alcorcón,Madrid,28007,40.3492998,-3.8284295,175719,141465,24.2,5.0,15.71,11.12,18.44,1257.0,41
Santander,Cantabria,39075,43.4618932,-3.8100255,175425,185410,-5.4,1.6,13.02,10.0,17.65,1042.0,56
Albacete,Albacete,02003,38.9950921,-1.8559154,175400,143799,22.0,1.7,8.95,6.67,10.77,716.0,54
San Cristóbal de La Laguna,Santa Cruz de Tenerife,38023,28.4857715,-16.3159422,161108,121769,32.3,5.2,14.29,10.0,19.0,1143.0,61
Marbella,Málaga,29069,36.508976,-4.88562,159786,98823,61.7,13.5,20.54,16.0,25.0,1643.0,42
Logroño,La Rioja,26089,42.4661196,-2.4396676,152150,123841,22.9,0.8,9.58,6.82,12.32,766.0,34
Badajoz,Badajoz,06015,38.878187,-6.9701115,150209,122510,22.6,0.2,8.0,6.43,10.12,640.0,55
Lleida,Lleida,25120,41.6147605,0.6267842,146266,112035,30.6,5.9,8.7,6.41,12.67,696.0,45
Salamanca,Salamanca,37274,40.9651572,-5.6640182,146110,159225,-8.2,0.8,9.5,8.0,12.8,760.0,56
Tarragona,Tarragona,43148,41.1172364,1.2546057,143649,112176,28.1,9.6,11.82,7.5,16.46,946.0,41
Torrejón de Ardoz,Madrid,28148,40.4587767,-3.4793343,143526,88821,61.6,13.0,17.31,11.73,23.33,1385.0,54
Huelva,Huelva,21041,37.2575874,-6.9484945,143215,140675,1.8,-1.5,11.54,6.5,18.52,923.0,33
Dos Hermanas,Sevilla,41038,37.283689,-5.9226718,142519,91138,56.4,8.1,9.82,6.92,13.64,786.0,49
Parla,Madrid,28106,40.2373952,-3.7718902,137471,69163,98.8,10.3,13.39,10.0,16.27,1071.0,46
Mataró,Barcelona,08121,41.5399994,2.4448577,131683,102018,29.1,4.9,16.76,13.43,19.18,1341.0,21
Algeciras,Cádiz,11004,36.1311725,-5.4473991,126589,101907,24.2,5.0,10.0,7.06,14.29,800.0,57
Santa Coloma de Gramenet,Barcelona,08245,41.4519395,2.2080809,123981,123175,0.7,5.8,,,,,
León,León,24089,42.5989995,-5.5682413,123446,145242,-15.0,-2.2,8.59,6.85,11.82,687.0,57
Alcobendas,Madrid,28006,40.5400082,-3.6358494,123342,83031,48.5,8.8,13.92,10.0,18.12,1114.0,40
Jaén,Jaén,23050,37.7728858,-3.7883289,112235,104776,7.1,-2.1,6.31,5.0,7.73,505.0,53
Reus,Tarragona,43123,41.1555564,1.1076133,111601,90993,22.6,7.7,13.33,10.53,14.62,1066.0,50
Roquetas de Mar,Almería,04079,36.7630203,-2.6115886,111240,37237,198.7,21.0,8.95,7.39,11.33,716.0,49
Cádiz,Cádiz,11012,36.5297438,-6.2928976,109950,145595,-24.5,-7.5,12.19,8.47,17.78,975.0,38
Girona,Girona,17079,41.9793006,2.8199439,108666,70576,54.0,10.6,16.39,12.16,25.0,1311.0,33
Ourense,Ourense,32054,42.3436415,-7.8674242,105769,107060,-1.2,-0.1,8.82,6.84,12.0,706.0,59
Telde,Las Palmas,35026,27.9984538,-15.4166761,104168,84389,23.4,2.0,13.08,8.76,17.33,1046.0,57
Rivas-Vaciamadrid,Madrid,28123,40.3536054,-3.5310879,103148,22620,356.0,24.7,24.19,13.89,39.06,1935.0,20
Barakaldo,Bizkaia,48013,43.2954207,-2.996996,102986,100474,2.5,3.0,16.67,15.0,21.33,1334.0,56
Santiago de Compostela,A Coruña,15078,42.8804219,-8.5458608,100965,93672,7.8,5.2,10.87,8.18,16.28,870.0,56
Lugo,Lugo,27028,43.0118437,-7.5565749,100143,85174,17.6,1.9,9.15,6.47,12.86,732.0,45
"Rozas de Madrid, Las",Madrid,28127,40.4933095,-3.8758396,99037,45280,118.7,4.8,15.84,9.8,20.83,1268.0,46
Lorca,Murcia,30024,37.6711989,-1.6988592,98969,69045,43.3,7.9,7.7,6.32,10.53,616.0,12
Torrevieja,Alicante,03133,37.9775416,-0.6828446,98533,35998,173.7,17.0,12.51,9.33,20.91,1001.0,52
Sant Cugat del Vallès,Barcelona,08205,41.4707933,2.0848815,97983,47210,107.5,10.2,17.2,6.72,23.64,1376.0,21
San Sebastián de los Reyes,Madrid,28134,40.5473698,-3.6260586,96992,57632,68.3,12.5,21.13,11.94,27.54,1690.0,29
Cáceres,Cáceres,10037,39.4745175,-6.3716761,96651,77768,24.3,0.9,7.77,6.5,11.67,622.0,56
Mijas,Málaga,29070,36.5957471,-4.6375188,95104,35423,168.5,22.3,16.05,9.55,22.03,1284.0,48
San Fernando,Cádiz,11031,36.4646672,-6.1983492,93338,85882,8.7,-2.7,12.5,8.7,18.67,1000.0,55
Guadalajara,Guadalajara,19130,40.6326979,-3.1646067,92834,67108,38.3,11.0,8.33,6.0,13.96,666.0,15
Cornellà de Llobregat,Barcelona,08073,41.355724,2.0706225,92237,82490,11.8,7.2,11.79,10.33,23.33,943.0,32
"Ejido, El",Almería,04902,36.7743863,-2.8124886,91440,47610,92.1,3.0,9.5,7.67,20.39,760.0,46
Torrent,Valencia,46244,39.436668,-0.4656213,90928,60999,49.1,12.6,13.48,10.0,19.6,1078.0,28
Chiclana de la Frontera,Cádiz,11015,36.4191096,-6.1460683,90864,53001,71.4,9.9,13.0,8.0,20.83,1040.0,34
"Puerto de Santa María, El",Cádiz,11027,36.6004006,-6.2252702,89983,72460,24.2,2.0,10.93,8.85,20.0,874.0,54
Pozuelo de Alarcón,Madrid,28115,40.4346528,-3.814834,89770,60120,49.3,5.6,18.57,11.36,27.78,1486.0,25
Arona,Santa Cruz de Tenerife,38006,28.0996248,-16.6809103,87793,28208,211.2,10.9,17.31,12.66,22.67,1385.0,51
Toledo,Toledo,45168,39.8558913,-4.024265,87216,66006,32.1,4.5,9.23,6.8,15.0,739.0,56
Melilla,Melilla,52001,35.2919028,-2.9407146,86780,59576,45.7,0.9,11.66,8.85,13.93,932.0,56
Vélez-Málaga,Málaga,29094,36.7818354,-4.0988099,86048,53071,62.1,9.1,13.0,10.0,18.0,1040.0,37
Valdemoro,Madrid,28161,40.1886844,-3.6705725,85972,21240,304.8,17.8,12.06,6.82,25.0,965.0,38
Sant Boi de Llobregat,Barcelona,08200,41.3459033,2.0413673,85610,78005,9.7,3.9,13.36,9.66,23.63,1069.0,21
Fuengirola,Málaga,29054,36.5388398,-4.6233974,85211,41713,104.3,10.0,17.54,12.07,25.0,1403.0,52
Orihuela,Alicante,03099,38.0856891,-0.9448805,84560,50724,66.7,5.2,7.46,5.79,13.53,597.0,48
Talavera de la Reina,Toledo,45165,39.9603798,-4.8311717,83803,70922,18.2,-0.4,7.29,6.25,12.22,583.0,20
Ceuta,Ceuta,51001,35.888361,-5.304138,83595,68796,21.5,-1.1,,,,,
Pontevedra,Pontevedra,36038,42.4318876,-8.6431592,83316,74287,12.2,0.9,10.62,7.05,15.16,850.0,47
Gandia,Valencia,46131,38.9675925,-0.1803423,83135,56555,47.0,11.1,10.91,6.33,14.84,873.0,9
Rubí,Barcelona,08184,41.4936194,2.0319476,82823,54085,53.1,10.2,15.93,9.75,28.0,1274.0,40
Manresa,Barcelona,08113,41.7288939,1.8286765,80974,64385,25.8,8.3,8.93,5.52,13.71,714.0,13
Coslada,Madrid,28049,40.423802,-3.5552882,80512,76001,5.9,-4.8,19.16,17.04,20.83,1532.0,44
Estepona,Málaga,29051,36.4268068,-5.1468484,79621,37557,112.0,19.4,17.6,13.75,22.32,1408.0,37
Santa Lucía de Tirajana,Las Palmas,35022,27.9115471,-15.5405202,78584,40127,95.8,13.6,16.25,12.35,23.64,1300.0,57
Molina de Segura,Murcia,30027,38.0572339,-1.2095298,78458,41109,90.9,12.7,10.09,6.25,14.12,807.0,52
Benalmádena,Málaga,29025,36.594519,-4.572284,78338,27147,188.6,16.5,19.17,15.0,26.92,1534.0,49
Alcalá de Guadaíra,Sevilla,41004,37.3397709,-5.8408396,77474,56313,37.6,3.2,9.09,6.9,13.5,727.0,53
Palencia,Palencia,34120,42.0108856,-4.5328735,77466,78831,-1.7,-2.1,9.42,7.14,13.33,754.0,29
Benidorm,Alicante,03031,38.5406255,-0.1290929,77327,50040,54.5,16.0,19.91,12.5,23.0,1593.0,51
Ciudad Real,Ciudad Real,13034,38.9854201,-3.9285138,76217,59392,28.3,2.9,8.33,5.53,10.0,666.0,53
Paterna,Valencia,46190,39.5039227,-0.4421014,76019,47414,60.3,12.0,13.75,9.69,20.0,1100.0,39
Getxo,Bizkaia,48044,43.3510223,-3.0097514,75752,82196,-7.8,-3.6,14.72,11.36,20.0,1178.0,52
Avilés,Asturias,33004,43.5555299,-5.9222186,75517,85696,-11.9,-5.7,11.25,7.83,14.29,900.0,35
Majadahonda,Madrid,28080,40.4728425,-3.8723542,73625,40042,83.9,4.1,19.44,12.23,24.55,1555.0,27
Sagunt/Sagunto,Valencia,46220,39.6792916,-0.2786451,73031,58135,25.6,13.3,10.86,8.76,17.44,869.0,58
Vilanova i la Geltrú,Barcelona,08307,41.2241992,1.7256327,71641,47979,49.3,8.6,16.47,10.67,21.37,1318.0,33
Torremolinos,Málaga,29901,36.6242841,-4.4995448,71329,35408,101.4,5.2,16.14,12.0,20.83,1291.0,50
Arrecife,Las Palmas,35004,28.9639681,-13.5499014,70811,38091,85.9,21.0,19.23,13.4,24.49,1538.0,22
Castelldefels,Barcelona,08056,41.2861022,1.9824173,70057,38509,81.9,8.0,14.65,11.26,20.83,1172.0,6
Sanlúcar de Barrameda,Cádiz,11032,36.7761393,-6.3534794,70012,61088,14.6,3.5,8.22,6.88,11.54,658.0,48
Viladecans,Barcelona,08301,41.3163083,2.0156034,67587,53235,27.0,2.7,11.32,9.54,16.42,906.0,6
Collado Villalba,Madrid,28047,40.6432432,-3.992353,67274,36950,82.1,9.2,14.17,12.14,18.33,1134.0,33
Boadilla del Monte,Madrid,28022,40.4053485,-3.8764663,66349,17814,272.5,33.3,14.29,8.0,15.44,1143.0,9
"Prat de Llobregat, El",Barcelona,08169,41.3305918,2.0930815,66338,63255,4.9,4.5,17.94,11.81,27.5,1435.0,34
Granollers,Barcelona,08096,41.6079555,2.2876008,65341,50951,28.2,8.6,13.41,11.4,15.56,1073.0,22
"Línea de la Concepción, La",Cádiz,11022,36.1677899,-5.3482396,64499,59293,8.8,1.9,10.0,8.8,18.46,800.0,43
Ferrol,A Coruña,15036,43.4845713,-8.2329968,64367,83048,-22.5,-5.8,8.36,7.22,10.59,669.0,51
Irun,Gipuzkoa,20045,43.3383176,-1.7888095,63835,55215,15.6,3.6,17.24,13.72,19.0,1379.0,25
Ponferrada,León,24115,42.5454124,-6.5938719,63186,61575,2.6,-4.9,6.33,5.1,9.15,506.0,15
Aranjuez,Madrid,28013,40.0322289,-3.6040097,63040,38900,62.1,8.8,13.12,8.79,16.3,1049.0,14
Alcoi/Alcoy,Alicante,03009,38.6982348,-0.4747619,61468,60921,0.9,3.8,8.78,7.02,11.25,702.0,41
Arganda del Rey,Madrid,28014,40.3007913,-3.4381627,60419,29224,106.7,11.4,13.18,10.42,25.51,1054.0,28
Sant Vicent del Raspeig/San Vicente del Raspeig,Alicante,03122,38.3964248,-0.5250339,60247,34986,72.2,6.2,11.12,8.3,14.13,890.0,40
Mérida,Badajoz,06083,38.9174665,-6.3443977,60225,51830,16.2,1.8,7.21,6.25,10.71,577.0,24
Motril,Granada,18140,36.7450888,-3.5207655,59862,50316,19.0,-0.8,10.29,7.25,12.05,823.0,42
Zamora,Zamora,49275,41.5056332,-5.744755,59815,63783,-6.2,-5.4,6.9,5.38,9.41,552.0,14
Ávila,Ávila,05019,40.656478,-4.7002172,59107,47187,25.3,1.8,7.89,5.73,10.82,631.0,52
Granadilla de Abona,Santa Cruz de Tenerife,38017,28.1221408,-16.5766728,58752,18508,217.4,29.6,15.47,7.68,20.9,1238.0,40
Colmenar Viejo,Madrid,28045,40.6588118,-3.7659076,58730,28328,107.3,22.3,15.11,10.0,19.75,1209.0,24
Cerdanyola del Vallès,Barcelona,08266,41.4909972,2.1405506,58528,50503,15.9,1.7,15.27,10.61,31.05,1222.0,24
Pinto,Madrid,28113,40.240985,-3.7005072,56651,25038,126.3,14.4,20.73,13.56,25.58,1659.0,40
Linares,Jaén,23055,38.09315,-3.6357408,55633,60222,-7.6,-5.4,6.15,5.44,6.88,492.0,36
Huesca,Huesca,22125,42.1382539,-0.4080901,55454,45607,21.6,6.1,10.73,7.73,14.55,859.0,44
Eivissa,Baleares,07026,38.910072,1.430454,55337,29447,87.9,11.7,16.55,9.55,19.89,1324.0,52
Elda,Alicante,03066,38.4789671,-0.7956759,55222,52751,4.7,4.7,6.82,5.83,10.0,546.0,32
Tres Cantos,Madrid,28903,40.6012354,-3.7038475,54592,27715,97.0,22.0,14.14,10.13,19.75,1131.0,34
San Bartolomé de Tirajana,Las Palmas,35019,27.9252512,-15.5729983,54291,35443,53.2,0.9,24.72,19.0,31.11,1978.0,48
Calvià,Baleares,07011,39.5650931,2.5046323,53793,28748,87.1,8.5,20.07,14.52,24.26,1606.0,40
Vila-real,Castellón,12135,39.9372616,-0.1004465,53623,39550,35.6,6.7,9.44,8.33,12.38,755.0,56
Cuenca,Cuenca,16078,40.0661031,-2.1313528,53600,43733,22.6,-2.7,7.85,7.26,11.34,628.0,22
Siero,Asturias,33066,43.3914146,-5.6608367,53049,46315,14.5,2.1,11.74,8.67,15.0,939.0,56
Mollet del Vallès,Barcelona,08124,41.5393484,2.2130934,52990,41911,26.4,2.9,16.05,13.18,19.9,1284.0,30
Rincón de la Victoria,Málaga,29082,36.7162109,-4.2793767,52454,19247,172.5,19.2,15.19,10.59,21.67,1215.0,46
Utrera,Sevilla,41095,37.1824646,-5.7817506,52403,46173,13.5,-0.5,9.01,5.61,12.0,720.0,8
Segovia,Segovia,40194,40.9481192,-4.1172101,52375,54287,-3.5,0.2,10.91,9.23,17.31,873.0,52
Torrelavega,Cantabria,39087,43.3487303,-4.0515082,51796,58196,-11.0,-1.9,9.74,6.43,15.0,779.0,66
Vic,Barcelona,08298,41.9302021,2.2545943,50796,30397,67.1,17.3,11.38,6.31,16.2,910.0,8
Adeje,Santa Cruz de Tenerife,38001,28.1219416,-16.7241893,50021,14029,256.6,5.7,18.59,11.43,25.0,1488.0,46
Figueres,Girona,17066,42.2666314,2.9638434,49689,33157,49.9,8.7,8.33,6.79,8.98,666.0,5
Manacor,Baleares,07033,39.5696458,3.2106461,49153,30018,63.7,22.0,15.22,10.95,21.88,1218.0,38
Gavà,Barcelona,08089,41.3050933,2.0063126,48243,37985,27.0,4.3,12.77,9.51,18.85,1022.0,7
Alzira,Valencia,46017,39.151212,-0.4346556,48236,40556,18.9,8.4,9.09,6.52,12.4,727.0,40
Esplugues de Llobregat,Barcelona,08077,41.3778094,2.0886257,48221,46810,3.0,5.4,,,,,
Mairena del Aljarafe,Sevilla,41059,37.3444908,-6.0606771,48017,30659,56.6,6.6,,,,,
Dénia,Alicante,03063,38.8408382,0.1061105,47261,27469,72.1,14.0,15.89,11.94,21.43,1271.0,46
Mislata,Valencia,46169,39.4751444,-0.4179125,47079,40302,16.8,9.5,15.0,12.63,18.67,1200.0,59
Sant Feliu de Llobregat,Barcelona,08211,41.3812851,2.0446381,46781,35797,30.7,6.1,,,,,
Santurtzi,Bizkaia,48082,43.3287527,-3.0318766,46442,49976,-7.1,0.9,14.95,11.82,20.0,1196.0,54
Puerto del Rosario,Las Palmas,35017,28.4993424,-13.8599051,46150,19030,142.5,21.0,,,,,
Puertollano,Ciudad Real,13071,38.6852161,-4.1111749,45565,50772,-10.3,-7.3,6.47,5.38,7.35,518.0,14
Alhaurín de la Torre,Málaga,29007,36.6627542,-4.562753,45066,16914,166.4,16.2,,,,,
Portugalete,Bizkaia,48078,43.3189646,-3.0198633,44843,54071,-17.1,-3.3,14.23,12.5,16.25,1138.0,54
Alcantarilla,Murcia,30005,37.9680649,-1.2149543,43876,31872,37.7,6.6,10.0,6.44,17.44,800.0,53
Lucena,Córdoba,14038,37.4091334,-4.4860128,43408,34786,24.8,1.9,7.31,6.92,8.33,585.0,9
Lloret de Mar,Girona,17095,41.6986894,2.8474332,43000,16674,157.9,16.1,,,,,
Blanes,Girona,17023,41.6742134,2.7918175,42699,27713,54.1,9.3,20.33,12.22,27.42,1626.0,28
Vilafranca del Penedès,Barcelona,08305,41.3463825,1.6995213,42607,28553,49.2,8.2,,,,,
Puerto Real,Cádiz,11028,36.5286856,-6.1902161,42527,33069,28.6,2.6,,,,,
"Orotava, La",Santa Cruz de Tenerife,38026,28.3898829,-16.5235692,42514,35642,19.3,3.0,,,,,
Santa Eulària des Riu,Baleares,07054,38.9846117,1.534421,42479,19452,118.4,17.6,,,,,
Igualada,Barcelona,08102,41.5790182,1.617346,42085,32512,29.4,7.9,,,,,
Antequera,Málaga,29015,37.0183652,-4.5596649,41849,40181,4.2,1.9,,,,,
Torre-Pacheco,Murcia,30037,37.7429385,-0.9537734,41479,20345,103.9,19.8,,,,,
Burjassot,Valencia,46078,39.5090599,-0.4108581,41299,34061,21.3,10.6,18.11,12.9,26.67,1449.0,52
"Vendrell, El",Tarragona,43163,41.2199677,1.5348566,41133,19010,116.4,12.7,,,,,
Soria,Soria,42173,41.7633842,-2.4642041,41025,33597,22.1,4.7,7.69,6.31,9.72,615.0,13
"Rinconada, La",Sevilla,41081,37.4867198,-5.9814868,40724,26059,56.3,6.4,,,,,
Llucmajor,Baleares,07031,39.490845,2.8913179,40502,20474,97.8,15.5,19.27,12.17,27.27,1542.0,26
Marratxí,Baleares,07036,39.6216062,2.7502292,40422,16180,149.8,12.3,20.0,14.17,27.14,1600.0,35
Basauri,Bizkaia,48015,43.2356196,-2.8905271,40274,48490,-16.9,-1.7,18.67,14.55,24.55,1494.0,58
Plasencia,Cáceres,10148,40.029921,-6.090168,40132,37299,7.6,-1.3,6.84,5.0,10.0,547.0,30
Narón,A Coruña,15054,43.5010981,-8.1923091,39953,31207,28.0,1.3,8.03,6.62,10.16,642.0,42
Ripollet,Barcelona,08180,41.4993372,2.1573095,39897,28903,38.0,6.0,6.77,4.74,29.55,542.0,61
Santa Pola,Alicante,03121,38.1923641,-0.5555464,39709,17099,132.2,26.8,,,,,
Écija,Sevilla,41039,37.5406007,-5.079589,39659,37292,6.3,-1.5,,,,,
Olot,Girona,17114,42.1822177,2.4890211,39519,27482,43.8,16.2,,,,,
Errenteria,Gipuzkoa,20067,43.3125271,-1.8986133,39363,39663,-0.8,-0.0,18.66,17.5,20.71,1493.0,44
Sant Adrià de Besòs,Barcelona,08194,41.4304832,2.2182775,39323,33361,17.9,7.7,,,,,
Arucas,Las Palmas,35006,28.1184492,-15.5232237,39232,29719,32.0,5.2,15.0,10.14,18.69,1200.0,54
San Fernando de Henares,Madrid,28130,40.4248548,-3.5350369,39059,29688,31.6,-2.6,,,,,
Tudela,Navarra,31232,42.063972,-1.6053391,38903,26857,44.9,10.6,9.01,7.51,16.67,721.0,6
Oleiros,A Coruña,15058,43.3330642,-8.3170764,38793,23057,68.2,10.8,10.24,8.59,14.2,819.0,56
"Palacios y Villafranca, Los",Sevilla,41069,37.1582119,-5.9244567,38761,31718,22.2,1.5,,,,,
Langreo,Asturias,33031,43.2950131,-5.683431,38612,50597,-23.7,-6.3,11.61,9.33,14.55,929.0,57
Arroyomolinos,Madrid,28015,40.2729225,-3.9157978,38075,2709,1305.5,35.1,,,,,
Don Benito,Badajoz,06044,38.9540269,-5.8619466,37986,31022,22.4,2.7,,,,,
Borriana/Burriana,Castellón,12032,39.8876912,-0.0846321,37915,26211,44.7,9.4,,,,,
Vilagarcía de Arousa,Pontevedra,36060,42.5947625,-8.7669178,37888,33375,13.5,1.6,,,,,
"Realejos, Los",Santa Cruz de Tenerife,38031,28.3814745,-16.58385,37867,32599,16.2,4.8,,,,,
Águilas,Murcia,30003,37.4099628,-1.5804922,37811,25702,47.1,8.9,11.82,7.86,20.0,946.0,45
Montcada i Reixac,Barcelona,08125,41.4800754,2.187009,37460,27068,38.4,7.6,,,,,
"Vila Joiosa, la/Villajoyosa",Alicante,03139,38.5100778,-0.2296202,37449,22866,63.8,11.5,,,,,
Tomelloso,Ciudad Real,13082,39.1585549,-3.0214851,37060,29586,25.3,0.9,,,,,
Cambrils,Tarragona,43038,41.0679423,1.0657579,37042,17536,111.2,11.3,12.25,9.29,17.86,980.0,44
Ontinyent,Valencia,46184,38.8208523,-0.6099929,37012,31024,19.3,4.2,6.14,4.27,8.33,491.0,11
Galapagar,Madrid,28061,40.5773999,-4.0037374,36758,16503,122.7,13.4,16.09,10.81,23.64,1287.0,36
Teruel,Teruel,44216,40.3436719,-1.1081939,36655,28994,26.4,3.1,9.64,8.09,10.83,771.0,9
Miranda de Ebro,Burgos,09219,42.6855632,-2.9478451,36622,35502,3.2,1.9,,,,,
San Javier,Murcia,30035,37.8059567,-0.8345537,36524,16773,117.8,14.9,,,,,
Yecla,Murcia,30043,38.6135956,-1.1157882,36453,28415,28.3,7.1,,,,,
Mieres,Asturias,33037,43.2488161,-5.7722468,36373,51423,-29.3,-7.9,,,,,
Inca,Baleares,07027,39.7211448,2.9111493,36262,21129,71.6,17.2,12.6,10.0,16.67,1008.0,41
Tortosa,Tarragona,43155,40.8110158,0.5209333,35997,30088,19.6,6.7,8.88,6.14,12.71,710.0,14
Sant Joan Despí,Barcelona,08217,41.3667951,2.0570346,35926,26805,34.0,7.2,,,,,
Azuqueca de Henares,Guadalajara,19046,40.5683808,-3.2627134,35924,16013,124.3,3.5,,,,,
Andújar,Jaén,23005,38.0392362,-4.0505603,35610,37705,-5.6,-6.2,,,,,
Cieza,Murcia,30019,38.2392273,-1.418875,35577,31680,12.3,1.3,,,,,
Mazarrón,Murcia,30026,37.5984446,-1.31515,35449,16142,119.6,15.5,10.51,8.43,15.15,841.0,46
Villena,Alicante,03140,38.6360967,-0.8659745,34712,31555,10.0,1.6,,,,,
Aldaia,Valencia,46021,39.4647886,-0.4607604,34630,23425,47.8,10.8,14.04,10.11,16.67,1123.0,53
Almendralejo,Badajoz,06011,38.6846791,-6.4067802,34587,27209,27.1,0.1,6.06,4.57,6.74,485.0,6
Salt,Girona,17155,41.9741672,2.7949886,34491,21519,60.3,17.3,21.43,13.75,24.0,1714.0,56
Arteixo,A Coruña,15005,43.3039732,-8.5048967,34403,20898,64.6,10.1,10.46,9.39,12.57,837.0,58
San Roque,Cádiz,11033,36.2100586,-5.3868293,34310,22168,54.8,16.0,,,,,
Petrer,Alicante,03104,38.485008,-0.7703987,34022,26505,28.4,-1.5,7.0,6.41,11.0,560.0,31
Barberà del Vallès,Barcelona,08252,41.5172534,2.1265942,33987,25484,33.4,3.5,,,,,
Aranda de Duero,Burgos,09018,41.6715067,-3.6851172,33956,29222,16.2,4.1,,,,,
Agüimes,Las Palmas,35002,27.9049541,-15.4445131,33800,18284,84.9,9.9,15.83,10.64,26.09,1266.0,50
Ronda,Málaga,29084,36.7421339,-5.1665916,33671,34385,-2.1,-2.1,7.91,5.42,11.67,633.0,28
Úbeda,Jaén,23092,38.0111398,-3.3719098,33588,32086,4.7,-3.6,5.66,5.0,7.32,453.0,23
Castro-Urdiales,Cantabria,39020,43.3843347,-3.2162576,33450,15167,120.5,4.9,,,,,
Totana,Murcia,30039,37.7697645,-1.5025376,33358,21441,55.6,7.7,,,,,
Navalcarnero,Madrid,28096,40.2877169,-4.014299,33331,11601,187.3,23.7,13.37,10.71,28.75,1070.0,35
Níjar,Almería,04066,36.962894,-2.2063758,33319,15017,121.9,16.6,,,,,
Illescas,Toledo,45081,40.1248436,-3.8492688,33301,9743,241.8,24.9,10.06,8.17,13.46,805.0,28
Ames,A Coruña,15002,42.8594847,-8.6501713,33276,13288,150.4,8.9,10.0,8.33,12.5,800.0,56
Ingenio,Las Palmas,35011,27.9183781,-15.4357949,32905,24394,34.9,8.5,14.84,11.49,19.0,1187.0,52
Leioa,Bizkaia,48054,43.3271048,-2.9846079,32748,26256,24.7,6.1,16.0,10.0,19.41,1280.0,58
Sant Pere de Ribes,Barcelona,08231,41.2619218,1.7721357,32705,18695,74.9,9.6,,,,,
Calafell,Tarragona,43037,41.2010618,1.5686734,32624,9772,233.9,34.3,12.5,11.11,18.46,1000.0,31
Sitges,Barcelona,08270,41.2353596,1.8114102,32609,16801,94.1,14.5,20.35,15.48,31.11,1628.0,21
Manises,Valencia,46159,39.492989,-0.4621429,32609,25170,29.6,6.2,13.95,10.0,17.33,1116.0,55
Ciutadella de Menorca,Baleares,07015,40.0004404,3.8352372,32431,21296,52.3,13.2,,,,,
"Vall d'Uixó, la",Castellón,12126,39.8235837,-0.2316995,32242,28283,14.0,1.3,,,,,
Carballo,A Coruña,15019,43.2134123,-8.6891286,32120,27287,17.7,2.8,8.38,5.86,13.33,670.0,48
Xirivella,Valencia,46110,39.4655723,-0.4307834,32093,26478,21.2,11.5,14.16,11.11,16.43,1132.0,58
Alcázar de San Juan,Ciudad Real,13005,39.3899806,-3.2101376,31914,25961,22.9,3.1,,,,,
Salou,Tarragona,43905,41.0768193,1.1440411,31491,10708,194.1,19.3,12.86,10.5,15.38,1029.0,44
"Campello, el",Alicante,03050,38.427416,-0.3983685,31419,15200,106.7,14.7,,,,,
Coria del Río,Sevilla,41034,37.2892112,-6.0535287,31278,23362,33.9,2.8,,,,,
Arcos de la Frontera,Cádiz,11006,36.7526913,-5.8122092,31267,28110,11.2,0.5,,,,,
Culleredo,A Coruña,15031,43.2884816,-8.3894589,31254,18513,68.8,5.5,10.0,8.69,12.36,800.0,57
Puerto de la Cruz,Santa Cruz de Tenerife,38028,28.4159024,-16.5532956,31137,24542,26.9,5.6,,,,,
Xàtiva,Valencia,46145,38.988085,-0.5200428,31008,24760,25.2,7.0,6.45,4.35,8.06,516.0,6
Crevillent,Alicante,03059,38.2493099,-0.8111359,30921,23781,30.0,7.8,9.62,7.27,11.93,770.0,55
Seseña,Toledo,45161,40.1039653,-3.6923825,30907,3597,759.2,40.3,13.19,11.14,27.52,1055.0,28
Hellín,Albacete,02037,38.5106649,-1.6995137,30836,26021,18.5,1.4,,,,,
Valdepeñas,Ciudad Real,13087,38.7594573,-3.3847392,30782,26217,17.4,1.7,,,,,
Maó,Baleares,07032,39.8894922,4.2662071,30666,21884,40.1,9.1,,,,,
Xàbia/Jávea,Alicante,03082,38.7893804,0.1634168,30642,21393,43.2,12.6,,,,,
Catarroja,Valencia,46094,39.4033747,-0.4028759,30604,20627,48.4,10.4,12.19,9.43,19.0,975.0,56
Camargo,Cantabria,39016,43.4314171,-3.8584093,30577,22311,37.0,-0.1,11.34,9.57,14.44,907.0,51
Vinaròs,Castellón,12138,40.4703992,0.4746076,30529,20940,45.8,7.9,7.82,6.02,12.14,626.0,62
Benicarló,Castellón,12027,40.4180244,0.4229813,30296,19229,57.6,14.4,8.15,5.2,11.11,652.0,40
Carmona,Sevilla,41024,37.4717882,-5.641291,30240,25266,19.7,5.8,6.81,5.56,14.17,545.0,8
Durango,Bizkaia,48027,43.1707065,-2.6334897,30192,23909,26.3,4.0,,,,,
Alaquàs,Valencia,46005,39.4572928,-0.46098,30166,25514,18.2,1.7,15.0,10.0,18.46,1200.0,55
Villaviciosa de Odón,Madrid,28181,40.3573787,-3.9002334,30127,17019,77.0,10.5,,,,,
Pineda de Mar,Barcelona,08163,41.6276807,2.6898707,30108,17884,68.4,14.7,,,,,
"Oliva, La",Las Palmas,35014,28.6110279,-13.9281312,30022,6956,331.6,22.5,,,,,
Puente Genil,Córdoba,14056,37.387395,-4.7716241,29963,27472,9.1,-0.4,,,,,
San Andrés del Rabanedo,León,24142,42.6112327,-5.6168662,29944,23226,28.9,-4.8,,,,,
Sant Josep de sa Talaia,Baleares,07048,38.9220629,1.2939942,29761,11841,151.3,15.1,,,,,
Lepe,Huelva,21044,37.2551712,-7.201556,29677,18325,61.9,8.3,14.29,11.11,16.67,1143.0,48
San Pedro del Pinatar,Murcia,30036,37.833892,-0.7902428,29674,13644,117.5,20.3,,,,,
Premià de Mar,Barcelona,08172,41.4926822,2.3605846,29431,24420,20.5,5.6,,,,,
Vícar,Almería,04102,36.8316986,-2.6430297,29342,14807,98.2,17.6,7.79,6.0,9.43,623.0,40
Cártama,Málaga,29038,36.7100716,-4.631539,29333,12713,130.7,18.2,12.61,7.95,17.46,1009.0,46
Rota,Cádiz,11030,36.6228636,-6.3599595,29289,24197,21.0,0.9,14.91,11.84,21.88,1193.0,32
Sueca,Valencia,46235,39.2025604,-0.3111645,29194,24869,17.4,3.9,18.23,9.17,22.22,1458.0,46
Martorell,Barcelona,08114,41.4743886,1.9307159,29175,17822,63.7,5.5,15.27,10.97,16.67,1222.0,30
Almassora,Castellón,12009,39.9435743,-0.0634783,29159,16306,78.8,13.8,10.78,8.87,12.22,862.0,58
Sant Antoni de Portmany,Baleares,07046,38.9830568,1.3009485,29132,14292,103.8,19.0,,,,,
Camas,Sevilla,41021,37.4020115,-6.0331571,29089,25679,13.3,6.7,15.44,10.42,20.0,1235.0,47
Candelaria,Santa Cruz de Tenerife,38011,28.3546715,-16.3710091,29023,12392,134.2,8.5,14.18,9.89,20.0,1135.0,56
Redondela,Pontevedra,36045,42.284221,-8.6085992,28874,28893,-0.1,-2.3,14.15,8.64,20.73,1132.0,44
Sant Vicenç dels Horts,Barcelona,08263,41.3934193,2.0099482,28746,22621,27.1,2.8,,,,,
Mutxamel,Alicante,03090,38.4136518,-0.444471,28621,12779,124.0,16.9,12.08,7.63,13.43,966.0,49
Bétera,Valencia,46070,39.5917307,-0.4622695,28560,11619,145.8,25.8,11.11,8.72,16.0,889.0,43
Sestao,Bizkaia,48084,43.309341,-3.0074501,28512,34496,-17.3,2.4,15.62,12.62,18.12,1250.0,47
Algemesí,Valencia,46029,39.190758,-0.4357471,28306,25029,13.1,2.5,7.5,6.0,12.31,600.0,54
Paiporta,Valencia,46186,39.4279722,-0.4184254,28136,17259,63.0,12.2,12.94,9.43,19.0,1035.0,58
Lebrija,Sevilla,41053,36.9193102,-6.0764057,27788,23833,16.6,1.4,,,,,
Paracuellos de Jarama,Madrid,28104,40.5048527,-3.5317621,27650,5293,422.4,19.7,,,,,
Calp,Alicante,03047,38.6443252,0.046012,27616,14216,94.3,41.0,14.71,10.0,20.0,1177.0,37
Jumilla,Murcia,30022,38.4735408,-1.3285417,27574,20439,34.9,8.7,,,,,
Alhaurín el Grande,Málaga,29008,36.6421248,-4.6867447,27552,16859,63.4,13.3,,,,,
Almuñécar,Granada,18017,36.7328699,-3.68968,27544,21472,28.3,0.5,10.0,6.8,13.33,800.0,55
Eibar,Gipuzkoa,20030,43.1842839,-2.4732748,27484,30314,-9.3,0.4,,,,,
"Pobla de Vallbona, la",Valencia,46202,39.5907339,-0.5532185,27471,9871,178.3,17.4,,,,,
Molins de Rei,Barcelona,08123,41.4138087,2.0159626,27300,18752,45.6,7.7,,,,,
Morón de la Frontera,Sevilla,41065,37.1215305,-5.4559583,27210,28303,-3.9,-3.1,,,,,
Ribeira,A Coruña,15073,42.5564829,-8.9922031,27102,26572,2.0,-0.5,16.19,7.89,26.15,1295.0,29
Sant Andreu de la Barca,Barcelona,08196,41.4499661,1.9719894,27094,18332,47.8,-1.2,,,,,
Quart de Poblet,Valencia,46102,39.4827253,-0.4438854,26967,27112,-0.5,8.8,,,,,
Piélagos,Cantabria,39052,43.3538905,-3.951932,26901,10741,150.5,9.5,9.23,8.7,12.88,739.0,52
Sant Joan d'Alacant,Alicante,03119,38.4014162,-0.4359957,26834,16008,67.6,17.2,,,,,
Oliva,Valencia,46181,38.9202443,-0.1208981,26813,20654,29.8,4.0,8.88,7.05,11.73,711.0,52
Novelda,Alicante,03093,38.3842144,-0.7674146,26606,23188,14.7,2.1,7.46,6.41,9.74,597.0,41
Coín,Málaga,29042,36.6600506,-4.7565615,26574,17572,51.2,23.9,11.33,8.64,18.75,906.0,46
Ciempozuelos,Madrid,28040,40.1580087,-3.6205514,26350,12445,111.7,10.8,13.56,11.76,17.95,1085.0,35
Alboraia/Alboraya,Valencia,46013,39.5010119,-0.3499577,26273,13127,100.1,10.2,,,,,
Onda,Castellón,12084,39.965214,-0.2625745,26190,18680,40.2,5.4,10.0,8.18,12.94,800.0,49
Santa Perpètua de Mogoda,Barcelona,08260,41.5343245,2.1835803,26130,18124,44.2,2.2,16.84,11.79,20.45,1347.0,26
Caravaca de la Cruz,Murcia,30015,38.1046979,-1.861118,26126,21824,19.7,2.1,,,,,
Villanueva de la Serena,Badajoz,06153,38.9736819,-5.8003669,25773,23833,8.1,-0.8,,,,,
Valls,Tarragona,43161,41.2835355,1.2473637,25518,20206,26.3,5.1,,,,,
Adra,Almería,04003,36.748834,-3.0203617,25501,20898,22.0,3.2,5.39,4.55,6.67,431.0,13
Torrelodones,Madrid,28152,40.5762809,-3.928603,25433,10743,136.7,10.0,14.17,12.14,18.33,1134.0,34
Tomares,Sevilla,41093,37.3762863,-6.0456365,25432,16980,49.8,2.3,13.0,7.33,16.0,1040.0,51
Castellar del Vallès,Barcelona,08051,41.6183431,2.0879423,25422,15845,60.4,7.6,,,,,
Villarrobledo,Albacete,02081,39.2681742,-2.6042132,25400,22165,14.6,-0.7,4.44,4.0,5.61,355.0,45
Calahorra,La Rioja,26036,42.3035212,-1.9648758,25367,18926,34.0,6.5,,,,,
Llíria,Valencia,46147,39.6251478,-0.5952749,25333,15550,62.9,11.1,7.73,4.98,13.95,618.0,21
Armilla,Granada,18021,37.1431197,-3.6277259,25300,12859,96.7,5.9,10.0,8.0,11.99,800.0,57
Gáldar,Las Palmas,35009,28.1442408,-15.6542506,25108,21704,15.7,3.3,13.4,9.52,19.78,1072.0,29
Mejorada del Campo,Madrid,28084,40.3971902,-3.4896253,25049,14677,70.7,9.4,,,,,
Olesa de Montserrat,Barcelona,08147,41.5439614,1.8913809,24966,15797,58.0,5.6,,,,,
Almonte,Huelva,21005,37.2611686,-6.5175751,24864,16264,52.9,7.1,10.0,5.3,20.0,800.0,5
Galdakao,Bizkaia,48036,43.2316161,-2.8440741,24776,29646,-16.4,-15.5,18.67,14.55,22.81,1494.0,58
Cambre,A Coruña,15017,43.2923291,-8.3444415,24765,14972,65.4,2.6,9.18,8.17,14.86,734.0,49
"Masnou, El",Barcelona,08118,41.4796899,2.3118347,24761,20387,21.5,7.1,,,,,
Cullera,Valencia,46105,39.1647217,-0.2542313,24702,20595,19.9,11.6,20.55,11.17,32.22,1644.0,45
Erandio,Bizkaia,48902,43.3043264,-2.9740562,24659,23613,4.4,1.7,13.68,10.38,21.25,1094.0,54
Tacoronte,Santa Cruz de Tenerife,38043,28.4805316,-16.4137605,24619,19056,29.2,3.6,12.5,8.33,16.0,1000.0,41
Icod de los Vinos,Santa Cruz de Tenerife,38022,28.3680548,-16.7176389,24616,21364,15.2,8.9,,,,,
Riba-roja de Túria,Valencia,46214,39.5463524,-0.5699662,24616,11236,119.1,14.4,,,,,
Almansa,Albacete,02009,38.8682065,-1.0978627,24615,23507,4.7,-0.7,7.25,6.25,8.62,580.0,42
Altea,Alicante,03018,38.6028245,-0.0472059,24592,13519,81.9,13.1,14.84,10.0,20.41,1187.0,50
Palafrugell,Girona,17117,41.9183618,3.1619905,24543,17303,41.8,7.3,19.6,10.14,25.0,1568.0,31
Ibi,Alicante,03079,38.623288,-0.5730513,24500,21076,16.2,4.9,7.13,6.15,10.83,570.0,42
Martos,Jaén,23060,37.7222633,-3.9703241,24462,22307,9.7,0.9,7.82,5.49,8.36,626.0,5
"Barrios, Los",Cádiz,11008,36.1853519,-5.4928657,24449,15507,57.7,4.9,,,,,
Mairena del Alcor,Sevilla,41058,37.3730933,-5.7489246,24339,16071,51.4,5.6,,,,,
Pilar de la Horadada,Alicante,03902,37.8675489,-0.7925673,24316,9528,155.2,13.9,,,,,
Alhama de Murcia,Murcia,30008,37.8515145,-1.4251045,24163,15318,57.7,13.4,,,,,
Conil de la Frontera,Cádiz,11014,36.277054,-6.0881874,24102,16687,44.4,8.1,,,,,
Moguer,Huelva,21050,37.2746182,-6.8373527,24083,13371,80.1,12.5,12.35,8.5,17.0,988.0,54
Villanueva de la Cañada,Madrid,28176,40.4472106,-4.002795,24028,7913,203.7,22.5,,,,,
Teguise,Las Palmas,35024,29.0592518,-13.5602184,24027,8691,176.5,10.6,12.24,11.82,24.53,979.0,6
Marín,Pontevedra,36026,42.3922393,-8.7029421,23991,24731,-3.0,-3.6,12.5,7.14,22.22,1000.0,38
San Miguel de Abona,Santa Cruz de Tenerife,38035,28.0992051,-16.6167914,23960,5776,314.8,34.1,,,,,
Vila-seca,Tarragona,43171,41.1109268,1.144961,23917,12124,97.3,9.0,,,,,
"Gabias, Las",Granada,18905,37.1365244,-3.6694292,23584,7576,211.3,17.8,,,,,
Zarautz,Gipuzkoa,20079,43.2834873,-2.1723467,23496,19202,22.4,1.6,17.86,12.82,29.41,1429.0,38
San Juan de Aznalfarache,Sevilla,41086,37.3599507,-6.03286,23408,21484,9.0,8.6,,,,,
Ponteareas,Pontevedra,36042,42.1741836,-8.5050427,23211,17360,33.7,1.1,10.0,8.57,13.33,800.0,27
Picassent,Valencia,46194,39.363519,-0.4611789,23202,15438,50.3,13.2,9.46,7.6,17.46,756.0,52
Sant Feliu de Guíxols,Girona,17160,41.7838827,3.0283195,23141,17779,30.2,6.3,,,,,
Amposta,Tarragona,43014,40.7079905,0.5827636,23080,15900,45.2,11.7,7.76,6.9,8.46,621.0,7
Bormujos,Sevilla,41017,37.3715939,-6.07133,23071,6839,237.3,7.4,12.2,6.33,16.42,976.0,46
Almoradí,Alicante,03015,38.1096615,-0.7919322,22965,13479,70.4,14.0,12.0,8.24,16.05,960.0,91
Laguna de Duero,Valladolid,47076,41.582811,-4.7214404,22965,14234,61.3,1.2,,,,,
Valle de Egüés/Eguesibar,Navarra,31086,42.8254142,-1.5527118,22825,8467,169.6,13.9,,,,,
Arroyo de la Encomienda,Valladolid,47010,41.6210806,-4.7809773,22800,1930,1081.3,19.7,,,,,
Aljaraque,Huelva,21002,37.2664912,-7.0246859,22737,9587,137.2,9.6,9.68,6.67,12.5,775.0,54
"Torres de Cotillas, Las",Murcia,30038,38.0312689,-1.2416427,22676,15093,50.2,6.3,,,,,
Esparreguera,Barcelona,08076,41.5389434,1.8705935,22665,14501,56.3,4.1,15.08,11.2,21.0,1206.0,27
Guía de Isora,Santa Cruz de Tenerife,38019,28.2101368,-16.7787271,22654,12560,80.4,10.7,,,,,
Barbate,Cádiz,11007,36.1923983,-5.9192837,22635,21888,3.4,-0.4,8.57,7.06,15.0,686.0,39
Arrasate/Mondragón,Gipuzkoa,20055,43.0656783,-2.4900779,22450,24571,-8.6,2.1,,,,,
Aspe,Alicante,03019,38.3460834,-0.7692034,22397,16391,36.6,9.3,7.72,7.0,11.11,618.0,50
Montilla,Córdoba,14042,37.5811178,-4.6414726,22305,22949,-2.8,-4.5,,,,,
Maracena,Granada,18127,37.2076275,-3.633024,22294,14095,58.2,1.1,9.49,8.67,12.27,759.0,51
Alfafar,Valencia,46022,39.4200749,-0.3891355,22270,20302,9.7,7.2,12.23,9.48,20.0,978.0,59
Moncada,Valencia,46171,39.5450484,-0.3941015,22213,18420,20.6,2.4,11.84,8.26,15.15,947.0,46
Nerja,Málaga,29075,36.7468565,-3.8790164,22132,14965,47.9,4.4,15.0,10.71,17.78,1200.0,9
Torrox,Málaga,29091,36.758442,-3.952409,22015,11869,85.5,45.8,13.09,10.29,17.74,1048.0,38
Güímar,Santa Cruz de Tenerife,38020,28.3150189,-16.4099501,22009,14014,57.1,15.8,14.29,9.38,18.0,1143.0,53
Ayamonte,Huelva,21010,37.215797,-7.4060169,22001,17566,25.2,6.7,10.53,5.33,17.0,842.0,29
Castrillón,Asturias,33016,43.5595112,-5.9774317,21998,22361,-1.6,-2.8,9.24,6.7,13.46,739.0,41
Carcaixent,Valencia,46083,39.1209651,-0.4472814,21934,20397,7.5,6.9,7.5,5.0,11.33,600.0,45
Alcúdia,Baleares,07003,39.8532473,3.1212505,21907,10284,113.0,13.5,16.2,14.04,23.08,1296.0,28
Priego de Córdoba,Córdoba,14055,37.4384292,-4.1980422,21764,21732,0.1,-4.8,,,,,
Puçol,Valencia,46205,39.6172229,-0.3028272,21659,13662,58.5,11.4,14.77,8.84,18.57,1182.0,53
Tías,Las Palmas,35028,28.9543147,-13.6529153,21613,10096,114.1,7.9,13.68,9.16,24.75,1094.0,7
Pájara,Las Palmas,35015,28.3497867,-14.1080857,21570,5812,271.1,11.2,,,,,
Isla Cristina,Huelva,21042,37.2036925,-7.3238913,21525,17310,24.4,1.7,,,,,
Alcalá la Real,Jaén,23002,37.4619794,-3.922384,21496,21558,-0.3,-1.2,,,,,
Cartaya,Huelva,21021,37.2829111,-7.1545752,21471,11435,87.8,12.4,8.89,7.07,16.67,711.0,46
Manlleu,Barcelona,08112,41.9999811,2.2841159,21425,17035,25.8,6.6,11.46,6.31,15.05,917.0,5
"Unión, La",Murcia,30041,37.6171895,-0.8778441,21380,14046,52.2,8.9,,,,,
Burlada/Burlata,Navarra,31060,42.8230299,-1.614076,21280,15366,38.5,16.0,,,,,
Vilassar de Mar,Barcelona,08219,41.5064041,2.3913883,21227,14821,43.2,2.7,,,,,
Mogán,Las Palmas,35012,27.8838269,-15.7229909,21172,10398,103.6,0.6,25.38,19.17,28.89,2030.0,48
Algete,Madrid,28009,40.5961297,-3.4974479,21144,12335,71.4,4.1,,,,,
"Alfàs del Pi, l'",Alicante,03011,38.580117,-0.102513,21080,12547,68.0,-1.9,,,,,
Sant Just Desvern,Barcelona,08221,41.3858295,2.0757651,21037,13306,58.1,24.3,,,,,
San Martín de la Vega,Madrid,28132,40.2110462,-3.5771806,21010,8995,133.6,12.1,,,,,
Requena,Valencia,46213,39.4880777,-1.1001643,20982,18795,11.6,2.3,,,,,
"Porriño, O",Pontevedra,36039,42.1618812,-8.6202683,20965,15749,33.1,7.1,,,,,
Loja,Granada,18122,37.1664839,-4.1496374,20951,20032,4.6,1.5,,,,,
Atarfe,Granada,18022,37.2226964,-3.6865662,20914,10516,98.9,15.6,8.33,5.36,12.63,666.0,51
Archena,Murcia,30009,38.1178119,-1.3025236,20908,14163,47.6,11.6,8.78,6.44,13.0,702.0,6
"Franqueses del Vallès, Les",Barcelona,08086,41.6359209,2.2971318,20881,10810,93.2,7.5,,,,,
Banyoles,Girona,17015,42.1180477,2.7653607,20865,14395,44.9,8.5,21.43,14.97,23.08,1714.0,36
Calella,Barcelona,08035,41.6132925,2.6576102,20864,11687,78.5,13.9,16.0,11.93,28.17,1280.0,43
Huércal-Overa,Almería,04053,37.3895979,-1.9450652,20860,13756,51.6,12.2,,,,,
Baza,Granada,18023,37.4888637,-2.7709805,20587,20685,-0.5,-0.3,,,,,
"Llanos de Aridane, Los",Santa Cruz de Tenerife,38024,28.6592222,-17.9151945,20582,17944,14.7,2.7,,,,,
Benicàssim/Benicasim,Castellón,12028,40.0554183,0.0644655,20539,9913,107.2,14.4,,,,,
Humanes de Madrid,Madrid,28073,40.2508847,-3.8270997,20500,8305,146.8,4.8,,,,,
Silla,Valencia,46230,39.3632045,-0.4112618,20482,16165,26.7,10.9,10.0,8.54,17.33,800.0,56
Palma del Río,Córdoba,14049,37.6949622,-5.2804262,20438,19011,7.5,-3.8,,,,,
"Alcázares, Los",Murcia,30902,37.7390005,-0.8516046,20408,5501,271.0,33.5,,,,,
"Zubia, La",Granada,18193,37.1206862,-3.5850833,20389,11887,71.5,7.6,,,,,
Hernani,Gipuzkoa,20040,43.2661107,-1.9747419,20375,18627,9.4,3.4,18.12,14.67,23.33,1450.0,41
Roses,Girona,17152,42.2632018,3.1755328,20365,11483,77.3,4.8,15.5,7.71,22.07,1240.0,8
Lalín,Pontevedra,36024,42.6614127,-8.1109759,20292,20515,-1.1,1.2,,,,,
Vera,Almería,04100,37.2475942,-1.8681961,20282,6453,214.3,33.7,10.27,9.38,14.12,821.0,34
Medina del Campo,Valladolid,47085,41.3085496,-4.9150256,20215,20174,0.2,-2.7,,,,,
Sant Quirze del Vallès,Barcelona,08238,41.5331789,2.0806453,20209,10342,95.4,2.8,,,,,
Calatayud,Zaragoza,50067,41.3527628,-1.6422977,20158,17078,18.0,-0.2,,,,,
"Estrada, A",Pontevedra,36017,42.6880102,-8.4907139,20112,22492,-10.6,-3.7,,,,,
Chipiona,Cádiz,11016,36.7355451,-6.4348221,20076,15518,29.4,5.1,13.31,10.53,19.48,1065.0,34
Tolosa,Gipuzkoa,20071,43.1386097,-2.0723558,20070,17979,11.6,4.7,,,,,
Cabra,Córdoba,14013,37.4718153,-4.4335616,19995,20707,-3.4,-3.4,,,,,
Callosa de Segura,Alicante,03049,38.1251825,-0.8778548,19988,15230,31.2,8.1,,,,,
"Eliana, l'",Valencia,46116,39.5659086,-0.5302784,19839,11526,72.1,12.8,,,,,
Albolote,Granada,18003,37.2306219,-3.6570779,19768,12455,58.7,6.9,,,,,
Malgrat de Mar,Barcelona,08110,41.6459118,2.7414054,19714,12707,55.1,7.8,,,,,
Amorebieta-Etxano,Bizkaia,48003,43.2201761,-2.7323154,19660,16060,22.4,4.2,,,,,
Barañáin/Barañain,Navarra,31901,42.8048344,-1.6810202,19642,18936,3.7,-3.4,,,,,
San Bartolomé,Las Palmas,35018,29.0017041,-13.6139122,19551,9852,98.4,7.7,,,,,
Arahal,Sevilla,41011,37.2623933,-5.5449325,19546,18110,7.9,-0.2,,,,,
"Viso del Alcor, El",Sevilla,41102,37.3891783,-5.7224779,19458,15886,22.5,1.5,,,,,
Lasarte-Oria,Gipuzkoa,20902,43.2684642,-2.0193784,19435,17861,8.8,7.1,,,,,
Marchena,Sevilla,41060,37.3269051,-5.4161717,19405,17921,8.3,-1.9,,,,,
Moaña,Pontevedra,36029,42.2816553,-8.7356868,19320,17687,9.2,-0.7,,,,,
Fuente Álamo de Murcia,Murcia,30021,37.7225502,-1.1728574,19171,9046,111.9,18.3,,,,,
Felanitx,Baleares,07022,39.4731713,3.1476769,19146,14123,35.6,10.5,,,,,
"Nucia, la",Alicante,03094,38.6133727,-0.1257319,19121,7010,172.8,-4.2,,,,,
Utebo,Zaragoza,50272,41.7140829,-0.9943593,19116,9075,110.6,3.5,,,,,
Tàrrega,Lleida,25217,41.6472761,1.1409115,19057,11855,60.8,15.6,,,,,
Cardedeu,Barcelona,08046,41.6385167,2.3558408,19046,10805,76.3,4.9,,,,,
Tordera,Barcelona,08284,41.7013581,2.7182911,19039,8918,113.5,15.7,,,,,
Sant Celoni,Barcelona,08202,41.6895041,2.4914526,18977,12890,47.2,8.2,,,,,
Teo,A Coruña,15082,42.7954277,-8.5481857,18968,13915,36.3,2.5,,,,,
Boiro,A Coruña,15011,42.6462941,-8.8858718,18967,17932,5.8,0.5,,,,,
Palamós,Girona,17118,41.8495354,3.1278785,18933,14239,33.0,7.1,,,,,
Monforte de Lemos,Lugo,27031,42.5236693,-7.5096951,18933,19180,-1.3,0.1,,,,,
Villaquilambre,León,24222,42.6469775,-5.5596277,18905,7048,168.2,1.7,,,,,
Parets del Vallès,Barcelona,08159,41.5729405,2.2338087,18885,12601,49.9,0.3,,,,,
Guadix,Granada,18089,37.2991265,-3.1373303,18881,20310,-7.0,0.5,,,,,
San Lorenzo de El Escorial,Madrid,28131,40.5926673,-4.1471642,18872,10828,74.3,4.6,,,,,
Yaiza,Las Palmas,35034,28.9528697,-13.7642134,18842,3363,460.3,18.2,,,,,
Santa Brígida,Las Palmas,35021,28.035684,-15.4974676,18766,16809,11.6,1.8,,,,,
Villalbilla,Madrid,28172,40.4323665,-3.2987815,18687,3586,421.1,46.9,,,,,
Huércal de Almería,Almería,04052,36.8836087,-2.4398613,18660,5366,247.7,9.3,,,,,
Tarifa,Cádiz,11035,36.0129082,-5.6050213,18613,14993,24.1,2.7,,,,,
Caldes de Montbui,Barcelona,08033,41.6344802,2.1626124,18567,12788,45.2,8.3,,,,,
Guardamar del Segura,Alicante,03076,38.0899985,-0.65381,18564,8227,125.6,20.7,,,,,
Monzón,Huesca,22158,41.9128162,0.1926668,18525,14576,27.1,7.5,,,,,
Villanueva del Pardillo,Madrid,28177,40.4949232,-3.9600065,18466,2887,539.6,8.9,,,,,
"Astillero, El",Cantabria,39008,43.4001931,-3.8185789,18448,13010,41.8,1.7,,,,,
Baena,Córdoba,14007,37.6173035,-4.324371,18386,18736,-1.9,-7.1,,,,,
Torredembarra,Tarragona,43153,41.146155,1.3959508,18237,8907,104.7,18.0,,,,,
Nigrán,Pontevedra,36035,42.1405445,-8.8070821,18174,15197,19.6,3.3,,,,,
Manilva,Málaga,29068,36.3769979,-5.2489786,18165,5131,254.0,23.2,,,,,
Mungia,Bizkaia,48069,43.3540663,-2.8464157,18129,12807,41.6,4.8,,,,,
Lora del Río,Sevilla,41055,37.6574267,-5.5275818,18122,18895,-4.1,-5.2,,,,,
Laudio/Llodio,Álava,01036,43.1417601,-2.9622358,18077,19913,-9.2,-0.7,,,,,
Sanxenxo,Pontevedra,36051,42.4003559,-8.8065952,18016,16034,12.4,4.1,,,,,
Puerto Lumbreras,Murcia,30033,37.5635045,-1.8076233,18006,10474,71.9,21.1,,,,,
"Rosario, El",Santa Cruz de Tenerife,38032,28.4523588,-16.3670301,17958,10880,65.1,4.5,,,,,
Chiva,Valencia,46111,39.4726098,-0.7178348,17951,8794,104.1,21.6,,,,,
Mula,Murcia,30029,38.0418669,-1.4906872,17937,13386,34.0,7.5,,,,,
Piera,Barcelona,08161,41.5216923,1.7526335,17880,7574,136.1,19.2,,,,,
Tavernes de la Valldigna,Valencia,46238,39.0716224,-0.2678815,17866,16412,8.9,2.2,,,,,
Pollença,Baleares,07042,39.8792073,3.0157098,17807,12945,37.6,9.8,,,,,
Barbastro,Huesca,22048,42.0366952,0.127238,17807,14520,22.6,5.0,,,,,
Balaguer,Lleida,25040,41.7896408,0.8050711,17729,13103,35.3,7.3,,,,,
Manzanares,Ciudad Real,13053,38.9962242,-3.3722143,17728,18097,-2.0,-4.0,,,,,
Daimiel,Ciudad Real,13039,39.072196,-3.6143611,17722,16929,4.7,-3.7,,,,,
Cubelles,Barcelona,08074,41.2083363,1.6730541,17673,4715,274.8,21.0,,,,,
Rojales,Alicante,03113,38.0871747,-0.7228213,17652,7195,145.3,0.2,,,,,
Massamagrell,Valencia,46164,39.5703995,-0.3302101,17566,12283,43.0,12.8,,,,,
Guadarrama,Madrid,28068,40.6724354,-4.0890384,17547,7830,124.1,13.3,,,,,
Berga,Barcelona,08022,42.1011456,1.8454758,17473,14207,23.0,8.0,,,,,
Canovelles,Barcelona,08041,41.616165,2.2822363,17473,13287,31.5,9.6,,,,,
Tui,Pontevedra,36055,42.0501298,-8.6465733,17468,16003,9.2,3.0,,,,,
Poio,Pontevedra,36041,42.447593,-8.6865167,17434,13683,27.4,3.2,,,,,
"Garriga, La",Barcelona,08088,41.6849111,2.2865796,17426,10476,66.3,9.5,,,,,
Sada,A Coruña,15075,43.3515799,-8.2534683,17421,9997,74.3,15.0,,,,,
Osuna,Sevilla,41068,37.2373532,-5.1033306,17396,17212,1.1,-1.9,,,,,
Albal,Valencia,46007,39.3956438,-0.4150821,17365,10523,65.0,7.6,,,,,
Navalmoral de la Mata,Cáceres,10131,39.8915481,-5.540719,17352,15819,9.7,0.6,,,,,
Benavente,Zamora,49021,42.0032862,-5.6738595,17309,16055,7.8,-5.5,,,,,
"Escorial, El",Madrid,28054,40.5836411,-4.1281427,17171,8554,100.7,11.8,,,,,
Gernika-Lumo,Bizkaia,48046,43.3143976,-2.6778593,17129,15439,10.9,1.5,,,,,
Ejea de los Caballeros,Zaragoza,50095,42.1264892,-1.1382958,17129,15227,12.5,3.6,,,,,
Bailén,Jaén,23010,38.096787,-3.7765601,17119,17408,-1.7,-5.3,,,,,
Montornès del Vallès,Barcelona,08136,41.542545,2.2670557,17102,11970,42.9,5.5,,,,,
Castilleja de la Cuesta,Sevilla,41029,37.3867839,-6.054127,17074,15726,8.6,-2.6,,,,,
Arenys de Mar,Barcelona,08006,41.5797031,2.5491562,17042,11827,44.1,11.7,,,,,
Bermeo,Bizkaia,48017,43.4194242,-2.7231562,17038,17176,-0.8,1.0,,,,,
Pozoblanco,Córdoba,14054,38.3780204,-4.848573,16931,16042,5.5,-2.1,,,,,
Churriana de la Vega,Granada,18062,37.1478086,-3.646255,16878,6458,161.4,18.7,,,,,
Carlet,Valencia,46085,39.2251696,-0.5202051,16857,14366,17.3,9.6,,,,,
Tuineje,Las Palmas,35030,28.3256078,-14.0460201,16834,7544,123.1,20.7,,,,,
"Algaba, La",Sevilla,41007,37.4619114,-6.0137162,16803,12792,31.4,3.7,,,,,
Hondarribia,Gipuzkoa,20036,43.3624468,-1.7914309,16788,14453,16.2,-1.0,,,,,
Tarancón,Cuenca,16203,40.0086075,-3.0102243,16748,11304,48.2,13.5,,,,,
Zafra,Badajoz,06158,38.4253489,-6.4193627,16735,14884,12.4,-0.7,,,,,
Benetússer,Valencia,46054,39.4228928,-0.3974783,16734,13961,19.9,15.4,,,,,
Ubrique,Cádiz,11038,36.6769347,-5.4457808,16615,18102,-8.2,-0.9,,,,,
Lliçà d'Amunt,Barcelona,08107,41.6085694,2.239484,16540,7668,115.7,12.1,,,,,
Zizur Mayor/Zizur Nagusia,Navarra,31907,42.7887152,-1.692616,16510,8248,100.2,13.0,,,,,
Alcañiz,Teruel,44013,41.0506674,-0.1299694,16505,12679,30.2,2.9,,,,,
Espartinas,Sevilla,41040,37.3814997,-6.125652,16479,4160,296.1,8.4,,,,,
Santomera,Murcia,30901,38.0614851,-1.0488795,16443,9978,64.8,3.1,,,,,
"Cabezas de San Juan, Las",Sevilla,41020,36.9806706,-5.9406692,16388,15509,5.7,-0.8,,,,,
Cunit,Tarragona,43051,41.197596,1.6344596,16385,4246,285.9,38.8,,,,,
Punta Umbría,Huelva,21060,37.1830237,-6.9662203,16281,10998,48.0,8.2,,,,,
Vallirana,Barcelona,08295,41.3877623,1.9320806,16245,8407,93.2,10.7,,,,,
"Ràpita, La",Tarragona,43136,40.6178149,0.5900091,16119,10828,48.9,9.5,,,,,
Corbera de Llobregat,Barcelona,08072,41.4164771,1.927753,16010,7600,110.7,13.0,,,,,
Miguelturra,Ciudad Real,13056,38.9648147,-3.8898604,15924,8866,79.6,5.2,,,,,
Meco,Madrid,28083,40.553746,-3.3281561,15922,4142,284.4,18.6,,,,,
Pasaia,Gipuzkoa,20064,43.3271675,-1.9198872,15820,17300,-8.6,-2.4,,,,,
Corvera de Asturias,Asturias,33020,43.5219547,-5.8703957,15785,16502,-4.3,-1.1,,,,,
Mollerussa,Lleida,25137,41.6298226,0.8937727,15763,9400,67.7,8.1,,,,,
Santa Cruz de la Palma,Santa Cruz de Tenerife,38037,28.6818901,-17.7663354,15690,17265,-9.1,-0.1,,,,,
Alpedrete,Madrid,28010,40.6599262,-4.0251362,15686,5211,201.0,8.8,,,,,
"Roda, La",Albacete,02069,39.20702,-2.1581637,15643,13523,15.7,-0.7,,,,,
Palau-solità i Plegamans,Barcelona,08156,41.5875286,2.1786438,15614,9689,61.2,7.7,,,,,
Fraga,Huesca,22112,41.5221304,0.3501756,15576,11783,32.2,4.4,,,,,
Baeza,Jaén,23009,37.9945171,-3.4708163,15575,16012,-2.7,-3.3,,,,,
Ocaña,Toledo,45121,39.9586665,-3.5007717,15560,6102,155.0,48.3,,,,,
San Martín del Rey Aurelio,Asturias,33060,43.2752687,-5.6039826,15531,22129,-29.8,-7.8,,,,,
Cuevas del Almanzora,Almería,04035,37.2961366,-1.8807223,15526,9625,61.3,16.2,,,,,
Ermua,Bizkaia,48034,43.1862849,-2.5027614,15516,17346,-10.5,-3.2,,,,,
Santa Fe,Granada,18175,37.1895171,-3.7183561,15494,12349,25.5,2.8,,,,,
Santa Úrsula,Santa Cruz de Tenerife,38039,28.4253094,-16.4917392,15429,9591,60.9,9.2,,,,,
Cuarte de Huerva,Zaragoza,50089,41.5935919,-0.9388829,15408,1720,795.8,22.5,,,,,
Villaviciosa,Asturias,33076,43.4813776,-5.4344978,15379,14465,6.3,5.0,,,,,
Torelló,Barcelona,08285,42.0478304,2.2643391,15334,11952,28.3,10.5,,,,,
Azpeitia,Gipuzkoa,20018,43.1838618,-2.2657422,15301,13536,13.0,4.3,,,,,
"Solana, La",Ciudad Real,13079,38.941937,-3.236528,15242,14845,2.7,-3.5,,,,,
Ogíjares,Granada,18145,37.1200092,-3.6069199,15239,7607,100.3,11.1,,,,,
Mos,Pontevedra,36033,42.1908301,-8.6409344,15233,13755,10.7,-0.0,,,,,
Montijo,Badajoz,06088,38.9098936,-6.6151799,15198,15480,-1.8,-3.0,,,,,
Canet de Mar,Barcelona,08040,41.5900933,2.5777998,15198,9455,60.7,6.4,,,,,
Arnedo,La Rioja,26018,42.2273401,-2.0995697,15140,12715,19.1,3.6,,,,,
Viveiro,Lugo,27066,43.6621866,-7.5955019,15120,15209,-0.6,-3.2,,,,,
Gondomar,Pontevedra,36021,42.1107672,-8.7620688,15066,11147,35.2,6.2,,,,,
Sopela,Bizkaia,48085,43.3802735,-2.9838326,15048,9460,59.1,12.2,,,,,
"Pobla, Sa",Baleares,07044,39.7697409,3.0246803,14990,10213,46.8,17.9,,,,,
Santa Marta de Tormes,Salamanca,37294,40.9492102,-5.6306215,14976,9392,59.5,0.2,,,,,
Alginet,Valencia,46031,39.2651129,-0.4716912,14844,11632,27.6,11.8,,,,,
Moralzarzal,Madrid,28090,40.6791517,-3.9721764,14772,3672,302.3,19.4,,,,,
"Carolina, La",Jaén,23024,38.2742478,-3.6152701,14677,15048,-2.5,-5.8,,,,,
Sanlúcar la Mayor,Sevilla,41087,37.3864113,-6.2024485,14648,10412,40.7,8.2,,,,,
Mont-roig del Camp,Tarragona,43092,41.0846728,0.9613021,14615,6064,141.0,26.9,,,,,
Alovera,Guadalajara,19024,40.5953571,-3.2487763,14526,1422,921.5,17.1,,,,,
Andoain,Gipuzkoa,20009,43.2183411,-2.0199432,14517,14540,-0.2,-0.7,,,,,
Cehegín,Murcia,30017,38.0925078,-1.7987525,14506,14085,3.0,-5.3,,,,,
"Carlota, La",Córdoba,14017,37.6746159,-4.9325335,14503,10023,44.7,4.1,,,,,
Velilla de San Antonio,Madrid,28167,40.3671767,-3.4874809,14468,4597,214.7,18.4,,,,,
Valdemorillo,Madrid,28160,40.5016772,-4.0688878,14420,3997,260.8,18.5,,,,,
Bergara,Gipuzkoa,20074,43.1175442,-2.4133452,14404,15317,-6.0,-2.3,,,,,
Estella-Lizarra,Navarra,31097,42.672094,-2.0314834,14317,12552,14.1,4.7,,,,,
Nules,Castellón,12082,39.8532265,-0.1550092,14315,11493,24.6,7.6,,,,,
Bollullos Par del Condado,Huelva,21013,37.3382055,-6.5384658,14314,12741,12.3,1.0,,,,,
Santa María de Guía de Gran Canaria,Las Palmas,35023,28.1390522,-15.6318282,14311,13117,9.1,2.4,,,,,
Torrijos,Toledo,45173,39.9808552,-4.2842335,14307,9822,45.7,7.9,,,,,
Guillena,Sevilla,41049,37.5464709,-6.057052,14260,8281,72.2,13.4,,,,,
"Carballiño, O",Ourense,32019,42.4300001,-8.0780235,14249,12146,17.3,2.4,,,,,
Pilas,Sevilla,41075,37.3012094,-6.3027773,14222,11122,27.9,1.6,,,,,
Antigua,Las Palmas,35003,28.4204111,-14.0130914,14164,3004,371.5,30.7,,,,,
Noia,A Coruña,15057,42.7850763,-8.8877375,14123,14422,-2.1,-1.5,,,,,
Santa Margalida,Baleares,07055,39.7033676,3.1026602,14056,6789,107.0,20.8,,,,,
Beasain,Gipuzkoa,20019,43.0473269,-2.2032868,14048,12331,13.9,0.7,,,,,
Jaca,Huesca,22130,42.5692878,-0.5493763,14024,11310,24.0,8.5,,,,,
Llanera,Asturias,33035,43.4401653,-5.8513316,14020,11407,22.9,1.3,,,,,
Santa Coloma de Farners,Girona,17180,41.8603109,2.6659047,13993,8404,66.5,11.2,,,,,
"Casar, El",Guadalajara,19071,40.7041033,-3.429641,13962,2222,528.4,20.4,,,,,
Verín,Ourense,32085,41.9406091,-7.4406032,13956,12271,13.7,-0.5,,,,,
Santa Cruz de Bezana,Cantabria,39073,43.4429407,-3.9049243,13904,7046,97.3,9.7,,,,,
Sóller,Baleares,07061,39.7663047,2.7150538,13882,10515,32.0,0.7,,,,,
Vilalba,Lugo,27065,43.2962819,-7.6787671,13852,15797,-12.3,-4.4,,,,,
San Agustín del Guadalix,Madrid,28129,40.6793973,-3.616004,13825,4603,200.3,7.5,,,,,
Cambados,Pontevedra,36006,42.51439,-8.8138414,13787,12936,6.6,-1.4,,,,,
Canals,Valencia,46081,38.9623954,-0.5832175,13746,12886,6.7,-0.2,,,,,
Tomiño,Pontevedra,36054,41.9914493,-8.7432331,13738,10478,31.1,1.4,,,,,
Sarria,Lugo,27057,42.7784203,-7.4146607,13726,13023,5.4,2.9,,,,,
Álora,Málaga,29012,36.8238814,-4.7063011,13650,12862,6.1,5.5,,,,,
Gines,Sevilla,41047,37.3877985,-6.0785818,13634,8634,57.9,2.8,,,,,
Albatera,Alicante,03005,38.1786069,-0.8695616,13566,8417,61.2,15.4,,,,,
Betanzos,A Coruña,15009,43.279239,-8.2105792,13533,12299,10.0,4.4,,,,,
Godella,Valencia,46135,39.5184276,-0.4103168,13533,10408,30.0,3.9,,,,,
Llanes,Asturias,33036,43.4211205,-4.7530835,13486,13184,2.3,-2.6,,,,,
"Barco de Valdeorras, O",Ourense,32009,42.416462,-6.9843044,13368,11828,13.0,-2.9,,,,,
"Llagosta, La",Barcelona,08105,41.5131188,2.1931226,13280,11264,17.9,0.2,,,,,
Gibraleón,Huelva,21035,37.3746324,-6.9690748,13261,11166,18.8,5.9,,,,,
Abarán,Murcia,30002,38.2058512,-1.3971219,13228,12002,10.2,0.3,,,,,
Abrera,Barcelona,08001,41.5162832,1.9017313,13227,7003,88.9,8.3,,,,,
Aranguren,Navarra,31023,42.7894395,-1.6171023,13216,2786,374.4,34.8,,,,,
Torredonjimeno,Jaén,23087,37.7610096,-3.9511024,13213,13688,-3.5,-4.8,,,,,
Teror,Las Palmas,35027,28.0590002,-15.5475653,13211,11225,17.7,5.8,,,,,
Yuncos,Toledo,45205,40.0871868,-3.8735226,13189,3307,298.8,24.3,,,,,
Capdepera,Baleares,07014,39.7023418,3.4321679,13135,6321,107.8,15.7,,,,,
Vejer de la Frontera,Cádiz,11039,36.251937,-5.9670492,13131,12823,2.4,2.7,,,,,
Aguilar de la Frontera,Córdoba,14002,37.5146967,-4.6567166,13130,13334,-1.5,-2.8,,,,,
Berja,Almería,04029,36.8428832,-2.945818,13120,13043,0.6,6.0,,,,,
Monòver/Monóvar,Alicante,03089,38.4387815,-0.8396316,13116,12085,8.5,6.9,,,,,
Ceutí,Murcia,30018,38.0776952,-1.2741301,13089,6924,89.0,15.6,,,,,
Santanyí,Baleares,07057,39.3543115,3.1294799,13067,7702,69.7,16.5,,,,,
Castellbisbal,Barcelona,08054,41.4765136,1.9832978,13061,6271,108.3,6.4,,,,,
Badia del Vallès,Barcelona,08904,41.5075702,2.1153773,13060,17058,-23.4,-3.1,,,,,
"Seu d'Urgell, La",Lleida,25203,42.3575723,1.4560067,13009,10711,21.5,6.8,,,,,
Ordes,A Coruña,15059,43.076756,-8.407816,12990,11893,9.2,2.5,,,,,
Brenes,Sevilla,41018,37.5494873,-5.8724046,12975,10623,22.1,2.3,,,,,
Palos de la Frontera,Huelva,21055,37.2276501,-6.895393,12938,6884,87.9,20.0,,,,,
Vilanova del Camí,Barcelona,08302,41.5714336,1.6361449,12936,10060,28.6,4.2,,,,,
Teulada,Alicante,03128,38.7286834,0.1044885,12912,8430,53.2,21.2,,,,,
Sant Sadurní d'Anoia,Barcelona,08240,41.4244663,1.7863949,12911,9205,40.3,2.0,,,,,
Argentona,Barcelona,08009,41.5554326,2.4002787,12891,8676,48.6,7.0,,,,,
Montgat,Barcelona,08126,41.4668611,2.2789842,12879,7659,68.2,10.8,,,,,
Campo de Criptana,Ciudad Real,13028,39.4052539,-3.1254826,12868,13892,-7.4,-7.7,,,,,
Albox,Almería,04006,37.3880282,-2.1455544,12799,9456,35.4,14.9,,,,,
Salobreña,Granada,18173,36.7463725,-3.587332,12760,10104,26.3,2.9,,,,,
Fuensalida,Toledo,45066,40.0530549,-4.2088378,12669,7525,68.4,15.2,,,,,
Benaguasil,Valencia,46051,39.5942907,-0.588849,12668,9155,38.4,15.5,,,,,
Orpesa/Oropesa del Mar,Castellón,12085,40.0932078,0.1358123,12640,2578,390.3,36.7,,,,,
Valverde del Camino,Huelva,21072,37.5739612,-6.7543559,12631,12609,0.2,-1.8,,,,,
"Alcúdia, l'",Valencia,46019,39.1947105,-0.5042406,12587,10511,19.8,6.5,,,,,
Santiago del Teide,Santa Cruz de Tenerife,38040,28.2957363,-16.8144779,12582,7506,67.6,11.0,,,,,
Torroella de Montgrí,Girona,17199,42.040982,3.1262041,12570,7726,62.7,9.2,,,,,
Campos,Baleares,07013,39.4313098,3.0197912,12485,6735,85.4,22.8,,,,,
Benissa,Alicante,03041,38.7163735,0.0534016,12471,9154,36.2,13.4,,,,,
Fene,A Coruña,15035,43.473674,-8.1625614,12467,15010,-16.9,-5.9,,,,,
Estepa,Sevilla,41041,37.29204,-4.8781876,12430,11560,7.5,-1.5,,,,,
Vegas del Genil,Granada,18911,37.1717578,-3.6674242,12424,2753,351.3,18.1,,,,,
Son Servera,Baleares,07062,39.6222728,3.3605983,12417,6872,80.7,11.7,,,,,
Baiona,Pontevedra,36003,42.1195339,-8.8501649,12361,10499,17.7,2.0,,,,,
Laviana,Asturias,33032,43.2465404,-5.5659055,12352,15085,-18.1,-7.8,,,,,
Calonge i Sant Antoni,Girona,17034,41.8621982,3.0747803,12335,5832,111.5,15.2,,,,,
Alcalá del Río,Sevilla,41005,37.5180979,-5.982018,12335,9368,31.7,4.4,,,,,
Huétor Vega,Granada,18101,37.1452042,-3.5694625,12285,7984,53.9,4.3,,,,,
Villafranca de los Barros,Badajoz,06149,38.5613352,-6.3392388,12284,12391,-0.9,-7.1,,,,,
Benifaió,Valencia,46060,39.2854089,-0.426264,12262,12178,0.7,3.0,,,,,
Pulpí,Almería,04075,37.4078925,-1.7477007,12214,5202,134.8,37.1,,,,,
Castelló d'Empúries,Girona,17047,42.2591074,3.0746425,12201,4830,152.6,13.1,,,,,
Andratx,Baleares,07005,39.5745956,2.4202061,12195,8098,50.6,12.2,,,,,
Villamartín,Cádiz,11041,36.8591822,-5.6434544,12184,11967,1.8,-0.7,,,,,
Socuéllamos,Ciudad Real,13078,39.2834014,-2.7904645,12172,11046,10.2,-3.6,,,,,
Haro,La Rioja,26071,42.5768922,-2.8466768,12167,9119,33.4,7.4,,,,,
Bolaños de Calatrava,Ciudad Real,13023,38.9062533,-3.6629811,12153,10547,15.2,1.3,,,,,
Lardero,La Rioja,26084,42.4272883,-2.4624393,12060,3729,223.4,25.4,,,,,
Deltebre,Tarragona,43901,40.7203938,0.7243445,12041,10157,18.5,4.3,,,,,
Etxebarri,Bizkaia,48029,43.2457207,-2.8932839,12038,6374,88.9,9.3,,,,,
Bullas,Murcia,30012,38.049741,-1.6705874,12027,10488,14.7,2.7,,,,,
Pallejà,Barcelona,08157,41.4223067,1.9967356,12006,6846,75.4,5.8,,,,,
Coria,Cáceres,10067,39.9831574,-6.5366803,12001,11900,0.8,-6.9,,,,,
Béjar,Salamanca,37046,40.3865812,-5.7649619,11993,16662,-28.0,-10.5,,,,,
Arrigorriaga,Bizkaia,48011,43.2065921,-2.8873537,11939,10413,14.7,-2.6,,,,,
Sant Andreu de Llavaneres,Barcelona,08197,41.5739524,2.4828158,11938,6194,92.7,12.0,,,,,
Castalla,Alicante,03053,38.5957233,-0.6702617,11908,7631,56.0,20.8,,,,,
"Puebla del Río, La",Sevilla,41079,37.2698207,-6.0627241,11903,10650,11.8,-0.8,,,,,
Picanya,Valencia,46193,39.4353965,-0.4358777,11901,8582,38.7,5.5,,,,,
Medina Sidonia,Cádiz,11023,36.4576714,-5.9272725,11838,10750,10.1,0.7,,,,,
Bueu,Pontevedra,36004,42.3272768,-8.7863966,11836,12599,-6.1,-2.9,,,,,
Valle de Trápaga-Trapagaran,Bizkaia,48080,43.303062,-3.0392135,11797,12855,-8.2,-1.9,,,,,
Olivenza,Badajoz,06095,38.6854813,-7.0995738,11789,10499,12.3,-2.0,,,,,
"Laracha, A",A Coruña,15041,43.2484663,-8.5816182,11781,10791,9.2,4.3,,,,,
Azkoitia,Gipuzkoa,20017,43.1781602,-2.3114989,11774,10240,15.0,1.6,,,,,
"Bisbal d'Empordà, La",Girona,17022,41.9598687,3.039616,11757,8007,46.8,9.4,,,,,
Ciudad Rodrigo,Salamanca,37107,40.5974852,-6.5337192,11750,14901,-21.1,-8.9,,,,,
Peligros,Granada,18153,37.2306631,-3.6279744,11725,6983,67.9,4.3,,,,,
Elgoibar,Gipuzkoa,20032,43.2143558,-2.4168588,11705,10989,6.5,1.0,,,,,
Utiel,Valencia,46249,39.5680797,-1.2051604,11663,11782,-1.0,-0.7,,,,,
Formentera,Baleares,07024,38.705403,1.428441,11661,5353,117.8,-3.8,,,,,
Beniel,Murcia,30010,38.0467801,-1.001421,11582,7862,47.3,4.2,,,,,
Cabanillas del Campo,Guadalajara,19058,40.6362915,-3.2337196,11572,2285,406.4,18.2,,,,,
Cocentaina,Alicante,03056,38.744158,-0.4400707,11498,10737,7.1,0.6,,,,,
Tegueste,Santa Cruz de Tenerife,38046,28.5232609,-16.3407638,11490,8558,34.3,3.4,,,,,
Mancha Real,Jaén,23058,37.7864076,-3.6125494,11481,8913,28.8,2.6,,,,,
Oñati,Gipuzkoa,20059,43.0328523,-2.4137149,11480,10564,8.7,1.2,,,,,
Sonseca,Toledo,45163,39.6797915,-3.9776083,11452,9142,25.3,2.3,,,,,
Fortuna,Murcia,30020,38.1800547,-1.1259457,11437,6295,81.7,14.8,,,,,
Bollullos de la Mitación,Sevilla,41016,37.3399004,-6.1376821,11431,4950,130.9,10.7,,,,,
Vilamarxant,Valencia,46256,39.5680723,-0.6227531,11403,5592,103.9,23.6,,,,,
Berriozar,Navarra,31903,42.83565,-1.6745719,11361,5500,106.6,16.5,,,,,
Quintanar de la Orden,Toledo,45142,39.5942663,-3.0397217,11355,9330,21.7,2.0,,,,,
Brunete,Madrid,28026,40.4050499,-3.9979912,11287,3940,186.5,8.8,,,,,
Jódar,Jaén,23053,37.8406832,-3.3548686,11285,12060,-6.4,-5.9,,,,,
Cangas del Narcea,Asturias,33011,43.1774374,-6.5499784,11282,18110,-37.7,-14.6,,,,,
Bargas,Toledo,45019,39.9393212,-4.0201526,11274,6608,70.6,12.5,,,,,
Barbadás,Ourense,32008,42.301551,-7.8872314,11201,5239,113.8,5.3,,,,,
San Antonio de Benagéber,Valencia,46903,39.5619478,-0.5001275,11192,,,32.2,,,,,
Sant Joan de Vilatorrada,Barcelona,08218,41.7422073,1.803625,11133,8446,31.8,3.5,,,,,
Cassà de la Selva,Girona,17044,41.8874685,2.8742461,11131,7428,49.9,11.0,,,,,
Alberic,Valencia,46011,39.1164369,-0.5201838,11099,9100,22.0,5.3,,,,,
Meliana,Valencia,46166,39.528475,-0.3488606,11055,9120,21.2,4.1,,,,,
"Roca del Vallès, La",Barcelona,08181,41.5873365,2.3260575,11014,6728,63.7,3.9,,,,,
"Corrales de Buelna, Los",Cantabria,39025,43.2619686,-4.0667653,10958,10289,6.5,-0.4,,,,,
Llinars del Vallès,Barcelona,08106,41.6400252,2.3978389,10956,6040,81.4,12.8,,,,,
Tarazona,Zaragoza,50251,41.9065093,-1.7216461,10873,10365,4.9,1.5,,,,,
Tafalla,Navarra,31227,42.5278279,-1.6744823,10854,10017,8.4,1.8,,,,,
Garrucha,Almería,04049,37.1853833,-1.820335,10845,4867,122.8,25.3,,,,,
"Palma del Condado, La",Huelva,21054,37.3841757,-6.5517596,10841,9749,11.2,2.0,,,,,
Sedaví,Valencia,46223,39.4247119,-0.3834581,10837,8198,32.2,6.5,,,,,
Santoña,Cantabria,39079,43.4449362,-3.4553628,10835,11843,-8.5,-2.3,,,,,
"Grove, O",Pontevedra,36022,42.4963582,-8.8650861,10833,11035,-1.8,0.7,,,,,
"Puebla de Cazalla, La",Sevilla,41077,37.2219965,-5.3119668,10830,10825,0.0,-3.2,,,,,
Ordizia,Gipuzkoa,20076,43.0539687,-2.1795046,10815,9120,18.6,9.5,,,,,
Griñón,Madrid,28066,40.2136607,-3.8581479,10799,3748,188.1,8.7,,,,,
Pego,Alicante,03102,38.8421876,-0.1178782,10791,10369,4.1,6.2,,,,,
Cantillana,Sevilla,41023,37.6088766,-5.8244449,10780,8930,20.7,1.3,,,,,
Valdés,Asturias,33034,43.5439003,-6.5357408,10776,16073,-33.0,-12.0,,,,,
Alcàsser,Valencia,46015,39.3677124,-0.4446741,10772,7335,46.9,11.1,,,,,
Daganzo de Arriba,Madrid,28053,40.5451953,-3.45785,10764,2429,343.1,7.8,,,,,
Rianxo,A Coruña,15072,42.6488711,-8.8173676,10758,12193,-11.8,-4.8,,,,,
Huétor Tájar,Granada,18100,37.1966709,-4.0466475,10749,8171,31.6,5.8,,,,,
Laredo,Cantabria,39035,43.41063,-3.4173,10698,12913,-17.2,-6.5,,,,,
Ripoll,Girona,17147,42.1982391,2.1932496,10665,10908,-2.2,0.8,,,,,
"Alcora, l'",Castellón,12005,40.0746619,-0.2142146,10664,8662,23.1,1.2,,,,,
Ansoáin/Antsoain,Navarra,31016,42.8338,-1.6396906,10663,5396,97.6,-1.4,,,,,
Torrejón de la Calzada,Madrid,28149,40.2006804,-3.7993298,10653,3219,230.9,30.4,,,,,
Premià de Dalt,Barcelona,08230,41.5058584,2.3459321,10632,7774,36.8,1.8,,,,,
Santa Margarida de Montbui,Barcelona,08250,41.5745942,1.6084538,10631,9113,16.7,10.6,,,,,
Salvaterra de Miño,Pontevedra,36050,42.0829591,-8.4981888,10617,8778,21.0,11.0,,,,,
Massanassa,Valencia,46165,39.4108561,-0.4000846,10607,7645,38.7,13.6,,,,,
"Álamo, El",Madrid,28004,40.2307296,-3.9905893,10594,3878,173.2,17.5,,,,,
Gelves,Sevilla,41044,37.3395756,-6.0260114,10548,5084,107.5,6.0,,,,,
Oiartzun,Gipuzkoa,20063,43.299171,-1.8602922,10480,8878,18.0,3.0,,,,,
Alhendín,Granada,18014,37.1078115,-3.6456986,10475,4107,155.1,19.9,,,,,
Caudete,Albacete,02025,38.7063356,-0.9867523,10439,8765,19.1,3.2,,,,,
Alguazas,Murcia,30007,38.0515024,-1.2416437,10431,6973,49.6,8.5,,,,,
"Espinar, El",Segovia,40076,40.7170769,-4.2459968,10409,5854,77.8,13.0,,,,,
Gozón,Asturias,33025,43.6155907,-5.7937263,10407,11410,-8.8,-1.2,,,,,
Calasparra,Murcia,30013,38.2309457,-1.7000042,10391,8917,16.5,1.2,,,,,
Lena,Asturias,33033,43.1617349,-5.8283357,10382,14323,-27.5,-9.2,,,,,
"Escala, L'",Girona,17062,42.113535,3.1387422,10374,5266,97.0,-0.2,,,,,
Caspe,Zaragoza,50074,41.2368318,-0.0394842,10365,7770,33.4,8.7,,,,,
Amurrio,Álava,01002,43.0510034,-2.9997847,10364,9758,6.2,1.0,,,,,
Sax,Alicante,03123,38.5350323,-0.818913,10346,8605,20.2,6.7,,,,,
Villacarrillo,Jaén,23095,38.11602,-3.083922,10342,11107,-6.9,-6.0,,,,,
Pizarra,Málaga,29080,36.766795,-4.707687,10334,6586,56.9,13.5,,,,,
Foz,Lugo,27019,43.5688659,-7.2550407,10329,9516,8.5,4.2,,,,,
Astorga,León,24008,42.455401,-6.052924,10305,12564,-18.0,-8.5,,,,,
Carreño,Asturias,33014,43.5900556,-5.7641846,10292,10533,-2.3,-3.2,,,,,
Alella,Barcelona,08003,41.4938663,2.2943348,10262,7696,33.3,6.5,,,,,
Alcarràs,Lleida,25011,41.5632578,0.5240396,10256,4715,117.5,10.3,,,,,
Mengíbar,Jaén,23061,37.9680499,-3.8087804,10250,8563,19.7,3.3,,,,,
Peñarroya-Pueblonuevo,Córdoba,14052,38.3026178,-5.2714828,10244,13844,-26.0,-8.2,,,,,
Binéfar,Huesca,22061,41.8491553,0.2963994,10235,8130,25.9,9.0,,,,,
Alaior,Baleares,07002,39.9337077,4.1397673,10217,6705,52.4,14.0,,,,,
"Bañeza, La",León,24010,42.2998096,-5.8970081,10195,10492,-2.8,-2.4,,,,,
Sant Vicenç de Castellet,Barcelona,08262,41.6669999,1.8625559,10164,7419,37.0,10.1,,,,,
Zumaia,Gipuzkoa,20081,43.296653,-2.2571182,10160,8280,22.7,3.3,,,,,
Vilanova de Arousa,Pontevedra,36061,42.5622257,-8.8265651,10159,15198,-33.2,-2.4,,,,,
Bigues i Riells del Fai,Barcelona,08023,41.6790719,2.2084754,10139,3969,155.5,13.7,,,,,
Alcaudete,Jaén,23003,37.5881403,-4.0812937,10129,11367,-10.9,-5.3,,,,,
Masquefa,Barcelona,08119,41.5026351,1.8110722,10120,3369,200.4,20.7,,,,,
Alcanar,Tarragona,43004,40.5438634,0.4808409,10104,7727,30.8,6.4,,,,,
Madridejos,Toledo,45087,39.4699854,-3.5323696,10088,10533,-4.2,-6.5,,,,,
Santa Maria de Palautordera,Barcelona,08259,41.693781,2.4442321,10080,5456,84.8,9.6,,,,,
Mora,Toledo,45106,39.683223,-3.7727849,10064,9312,8.1,1.7,,,,,
Montserrat,Valencia,46172,39.3576494,-0.6031,10062,2762,264.3,37.9,,,,,
Palafolls,Barcelona,08155,41.6673913,2.7499262,10038,4069,146.7,9.9,,,,,
Puigcerdà,Girona,17141,42.4317966,1.9278693,10035,6356,57.9,13.9,,,,,
Ribadeo,Lugo,27051,43.5361589,-7.0436775,10022,8813,13.7,0.5,,,,,
Aller,Asturias,33002,43.1617331,-5.6234642,10011,16347,-38.8,-11.3,,,,,
"Molar, El",Madrid,28086,40.7345156,-3.5832364,9999,3422,192.2,21.0,,,,,
Rafelbunyol,Valencia,46207,39.5884632,-0.3325421,9974,5260,89.6,12.0,,,,,
"Guarda, A",Pontevedra,36023,41.9012351,-8.87412,9970,9921,0.5,-1.6,,,,,
San Juan del Puerto,Huelva,21064,37.3142155,-6.8407764,9969,5990,66.4,11.4,,,,,
Villava/Atarrabia,Navarra,31258,42.8318984,-1.6071287,9928,8570,15.8,-3.8,,,,,
Íllora,Granada,18102,37.2885009,-3.8795173,9923,10797,-8.1,-3.5,,,,,
Alfaro,La Rioja,26011,42.1785741,-1.7492454,9923,9257,7.2,3.9,,,,,
Finestrat,Alicante,03069,38.5679236,-0.2122319,9919,1504,559.5,62.9,,,,,
Fuente Palmera,Córdoba,14030,37.7049553,-5.099948,9883,9711,1.8,-9.3,,,,,
Valsequillo de Gran Canaria,Las Palmas,35031,27.9916331,-15.4985724,9869,7796,26.6,7.0,,,,,
Buñol,Valencia,46077,39.4189582,-0.7909637,9858,9410,4.8,2.5,,,,,
Rute,Córdoba,14058,37.3253037,-4.3699771,9824,10047,-2.2,-2.2,,,,,
Tavernes Blanques,Valencia,46237,39.5064294,-0.3625992,9824,8299,18.4,7.0,,,,,
Pinos Puente,Granada,18158,37.2516033,-3.749268,9807,13275,-26.1,-6.8,,,,,
Segorbe,Castellón,12104,39.8519011,-0.4895537,9805,7657,28.1,8.9,,,,,
Sevilla la Nueva,Madrid,28141,40.3475422,-4.0275268,9802,2650,269.9,10.1,,,,,
"Pontes de García Rodríguez, As",A Coruña,15070,43.4501505,-7.8531464,9796,12664,-22.6,-5.8,,,,,
Matadepera,Barcelona,08120,41.6012311,2.0275199,9776,6082,60.7,8.8,,,,,
San Fulgencio,Alicante,03118,38.1120067,-0.7188823,9769,2888,238.3,32.3,,,,,
Consuegra,Toledo,45053,39.460918,-3.6070786,9767,10113,-3.4,-5.4,,,,,
Cervelló,Barcelona,08068,41.3964186,1.9585925,9743,7069,37.8,10.0,,,,,
Solsona,Lleida,25207,41.9945762,1.5184038,9717,7128,36.3,9.0,,,,,
Xinzo de Limia,Ourense,32032,42.0637802,-7.7245257,9699,9716,-0.2,-3.0,,,,,
Sabiñánigo,Huesca,22199,42.518364,-0.3647899,9695,8759,10.7,3.7,,,,,
Grado,Asturias,33026,43.3892333,-6.0696299,9681,12051,-19.7,-4.4,,,,,
Zumarraga,Gipuzkoa,20080,43.0859968,-2.3140925,9678,10324,-6.3,-2.4,,,,,
Fernán-Núñez,Córdoba,14027,37.669931,-4.7253088,9670,9442,2.4,-0.4,,,,,
Padul,Granada,18150,37.0222913,-3.6274938,9667,6673,44.9,14.5,,,,,
Manzanares el Real,Madrid,28082,40.7267591,-3.8649327,9648,3087,212.5,15.0,,,,,
Colmenarejo,Madrid,28044,40.5607257,-4.0165248,9640,3558,170.9,7.8,,,,,
Burela,Lugo,27902,43.6606329,-7.3587521,9630,7925,21.5,0.8,,,,,
Caldas de Reis,Pontevedra,36005,42.6041056,-8.6421712,9615,9307,3.3,-2.2,,,,,
Cervera,Lleida,25072,41.6730667,1.2729426,9603,7153,34.3,6.5,,,,,
Catral,Alicante,03055,38.1602989,-0.8014035,9600,4881,96.7,12.3,,,,,
Llagostera,Girona,17089,41.8289064,2.8920386,9585,5410,77.2,16.0,,,,,
San Sebastián de la Gomera,Santa Cruz de Tenerife,38036,28.0910382,-17.1110077,9574,6199,54.4,10.0,,,,,
Arenys de Munt,Barcelona,08007,41.6095429,2.5400513,9558,5483,74.3,10.7,,,,,
Sentmenat,Barcelona,08267,41.6087633,2.1359408,9548,5253,81.8,9.7,,,,,
Santa María de Cayón,Cantabria,39074,43.30976,-3.85548,9538,6196,53.9,5.1,,,,,
Olivares,Sevilla,41067,37.4167096,-6.1564286,9537,7604,25.4,1.3,,,,,
Cuéllar,Segovia,40063,41.3997643,-4.3150702,9527,9118,4.5,0.3,,,,,
Villarrubia de los Ojos,Ciudad Real,13096,39.2181465,-3.6070212,9512,9539,-0.3,-6.3,,,,,
Arico,Santa Cruz de Tenerife,38005,28.1665942,-16.5016992,9505,5064,87.7,28.0,,,,,
"Puig de Santa Maria, el",Valencia,46204,39.5887818,-0.3062566,9490,6868,38.2,8.6,,,,,
Cistérniga,Valladolid,47052,41.6121464,-4.6851558,9489,2488,281.4,6.7,,,,,
"Ametlla del Vallès, L'",Barcelona,08005,41.669334,2.2614527,9474,4771,98.6,13.6,,,,,
Benahavís,Málaga,29023,36.5222736,-5.0441068,9472,1721,450.4,29.0,,,,,
Umbrete,Sevilla,41094,37.368665,-6.1573611,9455,4709,100.8,9.1,,,,,
"Victoria de Acentejo, La",Santa Cruz de Tenerife,38051,28.4347861,-16.4681748,9448,7678,23.1,5.3,,,,,
Santa Comba,A Coruña,15077,43.0339953,-8.8066593,9442,11109,-15.0,-1.2,,,,,
Tocina,Sevilla,41092,37.6097702,-5.7354252,9431,8660,8.9,-2.7,,,,,
Palomares del Río,Sevilla,41070,37.3189698,-6.0634037,9421,3448,173.2,13.3,,,,,
Sant Fost de Campsentelles,Barcelona,08209,41.518752,2.2328323,9419,5711,64.9,8.9,,,,,
Villacañas,Toledo,45185,39.6213826,-3.3392996,9411,9301,1.2,-5.3,,,,,
Salceda de Caselas,Pontevedra,36049,42.1016729,-8.5592365,9409,6074,54.9,5.6,,,,,
Vilassar de Dalt,Barcelona,08214,41.5163595,2.3592879,9404,7208,30.5,5.0,,,,,
Soto del Real,Madrid,28144,40.7533621,-3.7868456,9400,3992,135.5,10.8,,,,,
Miajadas,Cáceres,10121,39.1501902,-5.9090558,9396,9907,-5.2,-4.9,,,,,
Abanto y Ciérvana-Abanto Zierbena,Bizkaia,48002,43.3150471,-3.0742767,9379,8417,11.4,-2.1,,,,,
Muro de Alcoy,Alicante,03092,38.7806171,-0.4358479,9372,7104,31.9,0.7,,,,,
Binissalem,Baleares,07008,39.6889279,2.8420532,9350,4885,91.4,17.4,,,,,
"Sauzal, El",Santa Cruz de Tenerife,38041,28.4798777,-16.4357489,9345,7034,32.9,5.3,,,,,
Sant Fruitós de Bages,Barcelona,08213,41.7532735,1.8749418,9333,5300,76.1,11.3,,,,,
Tiana,Barcelona,08282,41.4819226,2.2689473,9331,5172,80.4,9.1,,,,,
San Martín de Valdeiglesias,Madrid,28133,40.3625,-4.3986503,9324,5969,56.2,11.7,,,,,
Hoyo de Manzanares,Madrid,28072,40.6227334,-3.9072054,9310,5080,83.3,16.9,,,,,
Monforte del Cid,Alicante,03088,38.3791541,-0.7290459,9283,5082,82.7,23.8,,,,,
Villamediana de Iregua,La Rioja,26168,42.4259906,-2.4187939,9263,1945,376.2,20.4,,,,,
Loeches,Madrid,28075,40.3834989,-3.4092989,9261,2672,246.6,10.4,,,,,
"Pobla de Farnals, la",Valencia,46199,39.577785,-0.3264302,9255,4960,86.6,20.2,,,,,
Sant Llorenç des Cardassar,Baleares,07051,39.6106866,3.285451,9231,5282,74.8,13.4,,,,,
Almagro,Ciudad Real,13013,38.888238,-3.7118218,9190,8436,8.9,2.5,,,,,
Olías del Rey,Toledo,45122,39.9447357,-3.9872516,9174,4205,118.2,24.7,,,,,
Colmenar de Oreja,Madrid,28043,40.1074198,-3.3871634,9127,5596,63.1,14.9,,,,,
"Pobra do Caramiñal, A",A Coruña,15067,42.6034611,-8.9380386,9126,10165,-10.2,-4.2,,,,,
Jerez de los Caballeros,Badajoz,06070,38.3201991,-6.7713389,9095,9429,-3.5,-4.6,,,,,
"Matanza de Acentejo, La",Santa Cruz de Tenerife,38025,28.4505127,-16.4523156,9089,6451,40.9,3.6,,,,,
Almussafes,Valencia,46035,39.2924334,-0.4138577,9070,6881,31.8,2.3,,,,,
Porto do Son,A Coruña,15071,42.7262866,-9.0049547,9060,10586,-14.4,-3.5,,,,,
Suances,Cantabria,39085,43.4260091,-4.041568,9034,6117,47.7,5.3,,,,,
Casares,Málaga,29041,36.4433477,-5.2728863,9009,3206,181.0,55.5,,,,,
Montoro,Córdoba,14043,38.0215633,-4.3827296,9004,9394,-4.2,-6.5,,,,,
Cheste,Valencia,46109,39.4939368,-0.6842101,8951,6857,30.5,5.7,,,,,
Silleda,Pontevedra,36052,42.697981,-8.2466373,8917,9527,-6.4,2.1,,,,,
Montmeló,Barcelona,08135,41.5515189,2.2480812,8886,7675,15.8,1.2,,,,,
Vidreres,Girona,17213,41.7888681,2.7792768,8862,4095,116.4,16.1,,,,,
Tudela de Duero,Valladolid,47175,41.5837494,-4.5796496,8861,5745,54.2,3.3,,,,,
Pedreguer,Alicante,03101,38.7938437,0.0343336,8849,5853,51.2,19.1,,,,,
"Olleria, l'",Valencia,46183,38.9144633,-0.5535651,8818,7010,25.8,6.1,,,,,
"Mojonera, La",Almería,04903,36.7522747,-2.6837945,8793,6460,36.1,0.6,,,,,
"Cuervo de Sevilla, El",Sevilla,41903,36.8534583,-6.0388327,8783,7588,15.7,1.2,,,,,
Peníscola/Peñíscola,Castellón,12089,40.3577844,0.4073793,8774,3821,129.6,18.2,,,,,
Tordesillas,Valladolid,47165,41.500851,-5.00053,8773,7946,10.4,-1.5,,,,,
Zuera,Zaragoza,50298,41.8659094,-0.7886383,8766,5374,63.1,9.9,,,,,
Corella,Navarra,31077,42.1152097,-1.7893729,8756,6329,38.3,14.6,,,,,
Ortuella,Bizkaia,48083,43.3105667,-3.0555981,8735,8601,1.6,4.4,,,,,
Marchamalo,Guadalajara,19171,40.668958,-3.2013493,8714,,,25.0,,,,,
Tineo,Asturias,33073,43.333974,-6.4165462,8679,13578,-36.1,-12.4,,,,,
Caldes de Malavella,Girona,17033,41.839282,2.8097485,8673,3598,141.1,20.1,,,,,
Monachil,Granada,18134,37.1324336,-3.5395284,8664,5074,70.8,12.8,,,,,
Herencia,Ciudad Real,13047,39.3679627,-3.3550331,8661,7073,22.5,0.9,,,,,
Santiponce,Sevilla,41089,37.4355931,-6.039916,8634,6770,27.5,2.3,,,,,
Artà,Baleares,07006,39.6950088,3.3506343,8629,5971,44.5,15.9,,,,,
Trujillo,Cáceres,10195,39.4605657,-5.8816626,8611,9315,-7.6,-8.7,,,,,
Roquetes,Tarragona,43133,40.8203657,0.50343,8607,6057,42.1,5.4,,,,,
Polinyà,Barcelona,08167,41.5576041,2.1566544,8581,3956,116.9,3.4,,,,,
Colindres,Cantabria,39023,43.3949637,-3.449786,8570,6099,40.5,2.9,,,,,
Reinosa,Cantabria,39059,43.0010076,-4.1378363,8570,11786,-27.3,-9.8,,,,,
Cintruénigo,Navarra,31072,42.0799132,-1.8034973,8565,5430,57.7,10.1,,,,,
Campillos,Málaga,29032,37.0470137,-4.8621698,8561,7737,10.7,0.6,,,,,
Nàquera/Náquera,Valencia,46178,39.6583957,-0.4255343,8556,2075,312.3,40.6,,,,,
Tona,Barcelona,08283,41.8538039,2.2280115,8527,5765,47.9,7.2,,,,,
"Pinós, el/Pinoso",Alicante,03105,38.4021056,-1.041617,8523,5970,42.8,11.7,,,,,
Carboneras,Almería,04032,36.9968699,-1.8946552,8458,6215,36.1,8.2,,,,,
Aracena,Huelva,21007,37.8949414,-6.5624496,8425,6708,25.6,6.3,,,,,
Muro,Baleares,07039,39.7370637,3.0567069,8398,6060,38.6,24.8,,,,,
Morata de Tajuña,Madrid,28091,40.2293683,-3.4366818,8397,5438,54.4,11.2,,,,,
Reocín,Cantabria,39060,43.3598661,-4.0876962,8389,6837,22.7,0.9,,,,,
Legazpi,Gipuzkoa,20051,43.051235,-2.3344403,8384,9278,-9.6,-1.2,,,,,
Moncofa,Castellón,12077,39.808205,-0.1452657,8339,3610,131.0,34.9,,,,,
Nájera,La Rioja,26102,42.416745,-2.7336874,8336,6952,19.9,2.4,,,,,
Toro,Zamora,49219,41.5216963,-5.3939824,8336,9821,-15.1,-8.5,,,,,
Zalla,Bizkaia,48096,43.2139314,-3.1310476,8334,7518,10.9,-1.3,,,,,
Padrón,A Coruña,15065,42.7390228,-8.6602504,8334,10066,-17.2,-2.9,,,,,
Camarma de Esteruelas,Madrid,28032,40.5497252,-3.3785043,8331,2086,299.4,18.2,,,,,
Villanueva de Córdoba,Córdoba,14069,38.3230235,-4.6279655,8328,10164,-18.1,-7.5,,,,,
Dolores,Alicante,03064,38.1392436,-0.769318,8326,6127,35.9,14.6,,,,,
Canet d'En Berenguer,Valencia,46082,39.6804554,-0.2209621,8297,1975,320.1,27.4,,,,,
"Paso, El",Santa Cruz de Tenerife,38027,28.6514036,-17.8799155,8290,7006,18.3,11.2,,,,,
Redován,Alicante,03111,38.1151709,-0.9069281,8283,5268,57.2,6.7,,,,,
Santa Coloma de Cervelló,Barcelona,08244,41.3687006,2.0174512,8273,3358,146.4,2.5,,,,,
Roda de Berà,Tarragona,43131,41.1857961,1.4569904,8260,2851,189.7,29.2,,,,,
Cenes de la Vega,Granada,18047,37.1600004,-3.5390463,8254,4006,106.0,4.9,,,,,
Berango,Bizkaia,48016,43.3628719,-2.9957746,8242,4645,77.4,18.2,,,,,
Cabezón de la Sal,Cantabria,39012,43.3080667,-4.2358532,8226,7076,16.3,-1.4,,,,,
Gelida,Barcelona,08091,41.4408877,1.8634309,8198,3903,110.0,13.3,,,,,
Brión,A Coruña,15013,42.8661588,-8.6785466,8192,6378,28.4,7.9,,,,,
Callosa d'en Sarrià,Alicante,03048,38.6513893,-0.1225274,8182,6322,29.4,14.5,,,,,
Muros,A Coruña,15053,42.7744106,-9.0575351,8173,11065,-26.1,-7.5,,,,,
Chantada,Lugo,27016,42.6096223,-7.7705862,8171,10227,-20.1,-3.1,,,,,
Trigueros,Huelva,21070,37.3830829,-6.834095,8159,7280,12.1,7.0,,,,,
"Puebla de Montalbán, La",Toledo,45136,39.8644503,-4.3592794,8144,6969,16.9,2.3,,,,,
Sant Esteve Sesrovires,Barcelona,08208,41.4932429,1.8747348,8121,4486,81.0,6.2,,,,,
Onil,Alicante,03096,38.6298061,-0.6740951,8114,6786,19.6,8.3,,,,,
Archidona,Málaga,29017,37.0945779,-4.3906561,8105,8246,-1.7,-4.6,,,,,
"Santos de Maimona, Los",Badajoz,06122,38.4494338,-6.3817648,8088,8004,1.0,-1.6,,,,,
"Almunia de Doña Godina, La",Zaragoza,50025,41.4777806,-1.3732963,8080,5373,50.4,5.0,,,,,
Maçanet de la Selva,Girona,17103,41.7774422,2.7309252,8071,3263,147.3,18.4,,,,,
Ondarroa,Bizkaia,48073,43.3221481,-2.4221989,8060,10247,-21.3,-5.1,,,,,
Valencina de la Concepción,Sevilla,41096,37.4175713,-6.0738363,8050,5922,35.9,1.3,,,,,
Villarejo de Salvanés,Madrid,28180,40.1683582,-3.2738764,8042,5384,49.4,10.7,,,,,
Bembibre,León,24014,42.615398,-6.416971,8041,11104,-27.6,-14.1,,,,,
Almodóvar del Río,Córdoba,14005,37.8112483,-5.0194742,8040,7237,11.1,1.2,,,,,
Navia,Asturias,33041,43.5391112,-6.7233704,8031,9136,-12.1,-5.6,,,,,
Rociana del Condado,Huelva,21061,37.3082195,-6.5978918,8024,6348,26.4,3.7,,,,,
Moya,Las Palmas,35013,28.1107662,-15.583223,8007,8663,-7.6,2.4,,,,,
Tobarra,Albacete,02074,38.5942277,-1.6886969,8006,7344,9.0,2.4,,,,,
Foios,Valencia,46126,39.5381541,-0.3561396,7995,5235,52.7,10.9,,,,,
Gerena,Sevilla,41045,37.5293784,-6.1556433,7971,5405,47.5,7.1,,,,,
Santa Eulàlia de Ronçana,Barcelona,08248,41.6541084,2.2245705,7953,4049,96.4,12.8,,,,,
Cúllar Vega,Granada,18057,37.1535419,-3.6703193,7947,2656,199.2,10.4,,,,,
Lorquí,Murcia,30025,38.0815272,-1.2536182,7946,5424,46.5,14.0,,,,,
Valverde de la Virgen,León,24189,42.5684883,-5.6833212,7936,4116,92.8,7.9,,,,,
Huarte/Uharte,Navarra,31122,42.8313514,-1.590407,7900,2750,187.3,14.6,,,,,
Vega de San Mateo,Las Palmas,35033,28.0095796,-15.5325123,7899,7316,8.0,3.6,,,,,
Almàssera,Valencia,46032,39.5118213,-0.3562374,7887,5545,42.2,8.1,,,,,
Villaverde del Río,Sevilla,41101,37.591905,-5.875939,7885,6669,18.2,0.6,,,,,
Centelles,Barcelona,08067,41.7981296,2.2218056,7864,5771,36.3,6.1,,,,,
Arévalo,Ávila,05016,41.0632758,-4.7198921,7851,7359,6.7,-3.3,,,,,
Baztan,Navarra,31050,43.1463292,-1.5183842,7851,7806,0.6,1.7,,,,,
Olvera,Cádiz,11024,36.9348951,-5.2601194,7842,8991,-12.8,-4.7,,,,,
Malagón,Ciudad Real,13052,39.1689143,-3.8514542,7827,8197,-4.5,-4.0,,,,,
Torres de la Alameda,Madrid,28154,40.4021516,-3.360625,7824,3925,99.3,0.7,,,,,
Viladecavalls,Barcelona,08300,41.5549417,1.9538425,7817,4882,60.1,6.3,,,,,
Melide,A Coruña,15046,42.9145741,-8.0136139,7817,8625,-9.4,4.4,,,,,
Astigarraga,Gipuzkoa,20903,43.2815684,-1.9474769,7812,3178,145.8,32.9,,,,,
Santa Margarida i els Monjos,Barcelona,08251,41.3213389,1.6623519,7806,4230,84.5,6.1,,,,,
Pravia,Asturias,33051,43.4895855,-6.1139029,7792,9694,-19.6,-8.4,,,,,
Carbajosa de la Sagrada,Salamanca,37085,40.9329307,-5.6508263,7791,1126,591.9,14.7,,,,,
Oroso,A Coruña,15060,42.9687859,-8.4417454,7776,4537,71.4,4.8,,,,,
Medio Cudeyo,Cantabria,39042,43.3789198,-3.7352439,7775,5904,31.7,3.9,,,,,
"Castell, Es",Baleares,07064,39.879862,4.2904574,7774,5720,35.9,4.3,,,,,
Guissona,Lleida,25110,41.785242,1.289032,7774,2928,165.5,12.8,,,,,
Cercedilla,Madrid,28038,40.7412931,-4.0558002,7772,5051,53.9,15.1,,,,,
Abadiño,Bizkaia,48001,43.1504462,-2.6106313,7768,6897,12.6,3.1,,,,,
Cabrils,Barcelona,08030,41.5262354,2.3676258,7765,3756,106.7,6.6,,,,,
Rocafort,Valencia,46216,39.5300573,-0.4109383,7751,4799,61.5,11.7,,,,,
Santa María del Camí,Baleares,07056,39.6479453,2.7779083,7744,4394,76.2,13.3,,,,,
Santpedor,Barcelona,08192,41.7847594,1.8386882,7744,5062,53.0,3.0,,,,,
Villa del Prado,Madrid,28171,40.276496,-4.305911,7743,3758,106.0,23.0,,,,,
Cee,A Coruña,15023,42.9575581,-9.1917202,7731,7352,5.2,1.3,,,,,
Vacarisses,Barcelona,08291,41.6063852,1.9194608,7729,1711,351.7,24.8,,,,,
Firgas,Las Palmas,35008,28.1072107,-15.5632366,7728,6526,18.4,3.5,,,,,
Villamayor,Salamanca,37354,40.9983869,-5.6958422,7728,2337,230.7,9.7,,,,,
Cox,Alicante,03058,38.1413164,-0.8871616,7722,5750,34.3,7.4,,,,,
Collado Mediano,Madrid,28046,40.6943707,-4.0247212,7722,3681,109.8,17.3,,,,,
Balmaseda,Bizkaia,48090,43.1940413,-3.1945492,7718,7226,6.8,0.8,,,,,
Ondara,Alicante,03095,38.8277759,0.0170054,7717,5149,49.9,16.1,,,,,
Altsasu/Alsasua,Navarra,31010,42.8949665,-2.1685103,7717,7004,10.2,3.3,,,,,
Turís,Valencia,46248,39.3898826,-0.7104878,7717,4471,72.6,16.8,,,,,
Villanueva del Arzobispo,Jaén,23097,38.1685887,-3.0078293,7703,8495,-9.3,-8.8,,,,,
Villa de Otura,Granada,18149,37.0942895,-3.6345792,7696,3499,119.9,12.6,,,,,
Mojácar,Almería,04064,37.1402087,-1.8510071,7680,4394,74.8,18.3,,,,,
Cobeña,Madrid,28041,40.5676083,-3.5048565,7670,2074,269.8,9.4,,,,,
Xixona/Jijona,Alicante,03083,38.5392703,-0.5075903,7669,7608,0.8,8.7,,,,,
Berrioplano/Berriobeiti,Navarra,31902,42.854508,-1.6903219,7645,1057,623.3,13.6,,,,,
Bunyola,Baleares,07010,39.6961887,2.6989574,7642,4332,76.4,14.6,,,,,
Castro del Río,Córdoba,14019,37.6911602,-4.4826954,7597,8036,-5.5,-4.0,,,,,
Soutomaior,Pontevedra,36053,42.3346258,-8.5697878,7589,5236,44.9,4.7,,,,,
Azuaga,Badajoz,06014,38.2592148,-5.6768563,7587,9274,-18.2,-5.3,,,,,
Pedro Muñoz,Ciudad Real,13061,39.4060954,-2.9474164,7585,7188,5.5,0.1,,,,,
Villablino,León,24202,42.9388713,-6.3183421,7585,15284,-50.4,-18.8,,,,,
Begues,Barcelona,08020,41.3328119,1.925468,7561,3105,143.5,12.2,,,,,
Montblanc,Tarragona,43086,41.3762309,1.1620703,7542,5892,28.0,3.5,,,,,
Bigastro,Alicante,03044,38.0628171,-0.8996755,7537,4721,59.6,12.1,,,,,
Alagón,Zaragoza,50008,41.7711121,-1.1188807,7532,5595,34.6,6.9,,,,,
Moratalla,Murcia,30028,38.1884392,-1.8909344,7518,8621,-12.8,-7.7,,,,,
Bornos,Cádiz,11010,36.8157427,-5.7434863,7510,8054,-6.8,-4.5,,,,,
Quintanar del Rey,Cuenca,16175,39.3426472,-1.9291582,7508,6077,23.5,0.8,,,,,
Breña Alta,Santa Cruz de Tenerife,38008,28.6637814,-17.7867588,7487,5816,28.7,5.7,,,,,
Muskiz,Bizkaia,48071,43.3230375,-3.1243029,7465,6367,17.2,-1.5,,,,,
Burguillos,Sevilla,41019,37.5858509,-5.9678094,7448,3451,115.8,15.5,,,,,
"Ametlla de Mar, L'",Tarragona,43013,40.8838957,0.8024645,7446,4341,71.5,4.8,,,,,
Talayuela,Cáceres,10180,39.9859921,-5.6096048,7439,7122,4.5,0.8,,,,,
Pontedeume,A Coruña,15069,43.4072585,-8.1718823,7431,8881,-16.3,-7.2,,,,,
Nuevo Baztán,Madrid,28100,40.3657118,-3.2427572,7429,2108,252.4,23.4,,,,,
Casarrubios del Monte,Toledo,45041,40.185405,-4.0377056,7424,2506,196.2,39.8,,,,,
Fuente el Saz de Jarama,Madrid,28059,40.6339859,-3.5134668,7413,3208,131.1,15.8,,,,,
"Rambla, La",Córdoba,14057,37.6061688,-4.7398851,7412,7199,3.0,-2.2,,,,,
"Aldea de San Nicolás, La",Las Palmas,35020,27.9827393,-15.779715,7401,8082,-8.4,-4.4,,,,,
Albuñol,Granada,18006,36.7913663,-3.2035944,7388,5566,32.7,6.0,,,,,
Benacazón,Sevilla,41015,37.3544497,-6.1961281,7363,4936,49.2,3.2,,,,,
Miraflores de la Sierra,Madrid,28085,40.8137532,-3.7667236,7350,3365,118.4,27.7,,,,,
Alcalà de Xivert,Castellón,12004,40.3041662,0.2252763,7349,4915,49.5,6.6,,,,,
Banyeres de Mariola,Alicante,03021,38.7156535,-0.6577745,7347,7056,4.1,3.4,,,,,
Sant Lluís,Baleares,07052,39.8491294,4.2579831,7312,3928,86.2,-0.0,,,,,
Derio,Bizkaia,48901,43.2922028,-2.8852223,7294,4677,56.0,18.5,,,,,
Elorrio,Bizkaia,48032,43.1304644,-2.5426453,7277,7338,-0.8,-0.4,,,,,
Posadas,Córdoba,14053,37.8017289,-5.107031,7273,7107,2.3,-2.6,,,,,
Fuentes de Andalucía,Sevilla,41042,37.4645318,-5.3443621,7247,7470,-3.0,1.1,,,,,
Huéscar,Granada,18098,37.8085844,-2.5398281,7241,8369,-13.5,-4.8,,,,,
Cubas de la Sagra,Madrid,28050,40.1908352,-3.8378366,7238,1149,529.9,21.2,,,,,
Benalup-Casas Viejas,Cádiz,11901,36.3449297,-5.8137236,7236,5971,21.2,3.3,,,,,
Dúrcal,Granada,18071,36.9879333,-3.5663828,7234,6062,19.3,2.6,,,,,
Andorra,Teruel,44025,40.9753365,-0.4442782,7223,8282,-12.8,-8.3,,,,,
Lekeitio,Bizkaia,48057,43.3637081,-2.5059965,7211,7430,-2.9,0.4,,,,,
Aretxabaleta,Gipuzkoa,20013,43.0359732,-2.5036785,7178,5943,20.8,2.6,,,,,
Argés,Toledo,45016,39.8062915,-4.056902,7178,2242,220.2,17.8,,,,,
San Miguel de Salinas,Alicante,03120,37.9769051,-0.7890649,7177,3521,103.8,15.9,,,,,
Vandellòs i l'Hospitalet de l'Infant,Tarragona,43162,41.0201079,0.8317371,7143,4253,68.0,16.3,,,,,
Bergondo,A Coruña,15008,43.3119865,-8.231835,7135,5732,24.5,7.2,,,,,
Miño,A Coruña,15048,43.3475909,-8.2045374,7108,4817,47.6,21.9,,,,,
Constantí,Tarragona,43047,41.1528113,1.2151822,7108,5154,37.9,10.4,,,,,
Torreperogil,Jaén,23088,38.0354317,-3.2883496,7107,7490,-5.1,-4.8,,,,,
Algarrobo,Málaga,29005,36.7732439,-4.0399307,7103,4735,50.0,14.0,,,,,
Bujalance,Córdoba,14012,37.8950265,-4.3810054,7065,8163,-13.5,-7.5,,,,,
Sant Joan de Labritja,Baleares,07050,39.0780348,1.5140637,7046,3835,83.7,16.1,,,,,
Montellano,Sevilla,41064,36.9950734,-5.5713466,7032,7064,-0.5,-0.3,,,,,
Sallent,Barcelona,08191,41.8259065,1.8948758,7030,7360,-4.5,6.6,,,,,
Almacelles,Lleida,25019,41.7294989,0.4404763,7018,5475,28.2,3.2,,,,,
Trebujena,Cádiz,11037,36.8693137,-6.1767017,6999,6915,1.2,-0.8,,,,,
Guadalix de la Sierra,Madrid,28067,40.7822384,-3.7007794,6993,2481,181.9,16.9,,,,,
Campo Real,Madrid,28033,40.3381881,-3.3813911,6974,2548,173.7,18.4,,,,,
Castelló,Valencia,46257,39.0795781,-0.5123755,6972,7089,-1.7,-4.0,,,,,
Negreira,A Coruña,15056,42.9109711,-8.7349564,6969,6707,3.9,0.8,,,,,
Villanueva del Ariscal,Sevilla,41098,37.3966241,-6.1444552,6965,4432,57.2,7.3,,,,,
Tinajo,Las Palmas,35029,29.0541511,-13.7224892,6939,3755,84.8,17.1,,,,,
Roda de Ter,Barcelona,08183,41.9814126,2.3096755,6937,5002,38.7,13.4,,,,,
Cazorla,Jaén,23028,37.9128927,-3.0038873,6930,9690,-28.5,-9.7,,,,,
Sils,Girona,17193,41.8098347,2.743055,6920,2724,154.0,17.1,,,,,
Aguilar de Campoo,Palencia,34004,42.7928369,-4.2605438,6916,7741,-10.7,-0.9,,,,,
Lliçà de Vall,Barcelona,08108,41.5863002,2.2391397,6903,4513,53.0,8.4,,,,,
Teià,Barcelona,08281,41.4994081,2.3205426,6898,4669,47.7,10.3,,,,,
Riudoms,Tarragona,43129,41.1390915,1.0519702,6891,5006,37.7,4.6,,,,,
Blanca,Murcia,30011,38.1788058,-1.3741839,6882,5690,20.9,5.5,,,,,
Puerto Serrano,Cádiz,11029,36.9213346,-5.5420668,6877,6673,3.1,-3.3,,,,,
Museros,Valencia,46177,39.5603068,-0.3365952,6871,4083,68.3,9.9,,,,,
Taradell,Barcelona,08278,41.8762624,2.2859511,6854,4755,44.1,8.4,,,,,
Villa del Río,Córdoba,14066,37.980817,-4.2916403,6852,7163,-4.3,-6.1,,,,,
Carral,A Coruña,15021,43.2297016,-8.3558882,6840,5184,31.9,10.8,,,,,
Tauste,Zaragoza,50252,41.9202822,-1.2543731,6838,7017,-2.6,-1.4,,,,,
Jaraíz de la Vera,Cáceres,10104,40.0598888,-5.7551824,6831,7012,-2.6,5.2,,,,,
Moià,Barcelona,08138,41.8130391,2.0978412,6828,3806,79.4,14.6,,,,,
Sant Feliu de Codines,Barcelona,08210,41.6885036,2.1646769,6827,4007,70.4,14.4,,,,,
Valdoviño,A Coruña,15087,43.6068643,-8.143537,6818,6736,1.2,2.5,,,,,
Güeñes,Bizkaia,48045,43.2090164,-3.094502,6817,5913,15.3,2.4,,,,,
Almenara,Castellón,12011,39.7521228,-0.2251286,6813,5018,35.8,14.5,,,,,
Sant Vicenç de Montalt,Barcelona,08264,41.5787122,2.5103642,6802,2248,202.6,10.0,,,,,
San Clemente,Cuenca,16190,39.4034745,-2.4281278,6797,6568,3.5,-5.9,,,,,
"Pereiro de Aguiar, O",Ourense,32058,42.3463433,-7.8002637,6794,4718,44.0,8.6,,,,,
Villares de la Reina,Salamanca,37362,41.0091562,-5.6489616,6784,1920,253.3,8.3,,,,,
Argamasilla de Alba,Ciudad Real,13019,39.1286071,-3.0903226,6777,6631,2.2,-2.8,,,,,
Gata de Gorgos,Alicante,03071,38.7733594,0.0841004,6773,5070,33.6,16.3,,,,,
Vimianzo,A Coruña,15092,43.1102989,-9.0327488,6768,9379,-27.8,-8.3,,,,,
Paradas,Sevilla,41071,37.2896007,-5.496847,6762,7014,-3.6,-3.3,,,,,
Becerril de la Sierra,Madrid,28018,40.7163522,-3.9890699,6737,2707,148.9,23.9,,,,,
"Muela, La",Zaragoza,50182,41.580472,-1.1161953,6737,1098,513.6,32.4,,,,,
Urretxu,Gipuzkoa,20077,43.0920435,-2.3170309,6730,6242,7.8,-1.1,,,,,
Briviesca,Burgos,09056,42.549796,-3.3218059,6728,6101,10.3,-3.1,,,,,
Sant Antoni de Vilamajor,Barcelona,08198,41.6735604,2.4012202,6724,2822,138.3,14.7,,,,,
Jimena de la Frontera,Cádiz,11021,36.4327335,-5.4527477,6719,8999,-25.3,-31.1,,,,,
Piloña,Asturias,33049,43.3479103,-5.3639491,6716,9215,-27.1,-8.1,,,,,
Ulldecona,Tarragona,43156,40.5967567,0.4475376,6714,5152,30.3,5.4,,,,,
Vélez-Rubio,Almería,04099,37.6482765,-2.0745368,6685,6528,2.4,-0.1,,,,,
Villanueva de la Torre,Guadalajara,19319,40.5830897,-3.2993647,6666,330,1920.0,1.7,,,,,
Guareña,Badajoz,06060,38.8592191,-6.1028965,6665,7404,-10.0,-6.1,,,,,
Arbúcies,Girona,17009,41.8160629,2.5141453,6665,4317,54.4,4.5,,,,,
Almensilla,Sevilla,41010,37.3100014,-6.1130523,6646,2232,197.8,12.3,,,,,
Pedrezuela,Madrid,28108,40.745115,-3.6030388,6606,1154,472.4,21.1,,,,,
Herrera,Sevilla,41050,37.3653148,-4.8502348,6575,5925,11.0,1.1,,,,,
Moraleja,Cáceres,10128,40.0684783,-6.6604414,6562,8273,-20.7,-5.1,,,,,
María de Huerva,Zaragoza,50163,41.5381825,-0.9974129,6558,849,672.4,18.2,,,,,
"Puebla de Alfindén, La",Zaragoza,50219,41.631587,-0.7508841,6550,1578,315.1,8.7,,,,,
"Rosal, O",Pontevedra,36048,41.9374892,-8.8372329,6548,5866,11.6,3.1,,,,,
Cedeira,A Coruña,15022,43.6602391,-8.0546995,6547,7750,-15.5,-6.4,,,,,
Hinojosa del Duque,Córdoba,14035,38.5004402,-5.1479244,6534,8042,-18.8,-6.5,,,,,
Alpicat,Lleida,25023,41.6666421,0.5554774,6515,3412,90.9,4.5,,,,,
Yeles,Toledo,45201,40.1197677,-3.8042363,6514,1417,359.7,28.9,,,,,
Olula del Río,Almería,04069,37.3559681,-2.2965931,6506,6165,5.5,4.7,,,,,
San Adrián,Navarra,31215,42.3327818,-1.9336689,6504,5241,24.1,4.5,,,,,
Villamuriel de Cerrato,Palencia,34225,41.9515154,-4.5151999,6501,4349,49.5,1.2,,,,,
Fuente del Maestre,Badajoz,06054,38.5269007,-6.4483579,6499,6876,-5.5,-5.4,,,,,
Allariz,Ourense,32001,42.1893161,-7.8019484,6497,5178,25.5,8.6,,,,,
Méntrida,Toledo,45099,40.2379032,-4.1945535,6495,1913,239.5,32.3,,,,,
Íscar,Valladolid,47075,41.3634512,-4.5338953,6493,6133,5.9,-0.4,,,,,
Usurbil,Gipuzkoa,20073,43.2703088,-2.0502559,6488,5265,23.2,4.7,,,,,
"Borges Blanques, Les",Lleida,25058,41.5203322,0.8684098,6482,5190,24.9,8.0,,,,,
Lloseta,Baleares,07029,39.7182833,2.8665761,6463,4544,42.2,13.2,,,,,
Arenas de San Pedro,Ávila,05014,40.2107266,-5.0868775,6460,6609,-2.3,-2.3,,,,,
"Mercadal, Es",Baleares,07037,39.9881268,4.0925999,6459,2572,151.1,26.7,,,,,
Santo Domingo de la Calzada,La Rioja,26138,42.4406711,-2.9536395,6441,5661,13.8,1.1,,,,,
Torrejón del Rey,Guadalajara,19280,40.6446546,-3.3371795,6435,814,690.5,24.7,,,,,
Motilla del Palancar,Cuenca,16134,39.5633334,-1.9114547,6432,5013,28.3,9.0,,,,,
"Pedroñeras, Las",Cuenca,16154,39.449747,-2.6729813,6416,6448,-0.5,-4.5,,,,,
Marmolejo,Jaén,23059,38.044816,-4.170945,6412,7707,-16.8,-9.1,,,,,
Zaratán,Valladolid,47231,41.6594549,-4.7833204,6386,1221,423.0,3.0,,,,,
"Viso de San Juan, El",Toledo,45199,40.1438957,-3.9202854,6380,993,542.5,51.7,,,,,
Venta de Baños,Palencia,34023,41.9206919,-4.4931598,6372,6461,-1.4,-1.3,,,,,
Gójar,Granada,18084,37.104497,-3.6057759,6371,3160,101.6,15.0,,,,,
Algaida,Baleares,07004,39.5589416,2.8943429,6357,3461,83.7,17.9,,,,,
Tossa de Mar,Girona,17202,41.7197773,2.9312155,6347,3853,64.7,15.4,,,,,
Cangas de Onís,Asturias,33012,43.3512573,-5.1285448,6344,6285,0.9,-0.4,,,,,
Viator,Almería,04101,36.8887282,-2.4251246,6339,3186,99.0,11.2,,,,,
Urnieta,Gipuzkoa,20072,43.24687,-1.9917045,6327,5120,23.6,1.3,,,,,
Albaida,Valencia,46006,38.838669,-0.5181895,6322,5793,9.1,6.6,,,,,
Polanco,Cantabria,39054,43.3846227,-4.0180307,6304,3660,72.2,8.8,,,,,
Aldeamayor de San Martín,Valladolid,47007,41.5121927,-4.6398863,6290,1275,393.3,23.9,,,,,
Dosrius,Barcelona,08075,41.594347,2.4063166,6287,2269,177.1,22.0,,,,,
Navarcles,Barcelona,08140,41.7531567,1.9033612,6276,5225,20.1,4.8,,,,,
Ares,A Coruña,15004,43.4263299,-8.2440387,6275,4576,37.1,10.6,,,,,
Abanilla,Murcia,30001,38.2058263,-1.0392384,6256,6130,2.1,1.2,,,,,
Navàs,Barcelona,08141,41.8989233,1.8767736,6238,5812,7.3,3.2,,,,,
Artés,Barcelona,08010,41.7973321,1.9551567,6225,4308,44.5,11.2,,,,,
Súria,Barcelona,08274,41.8328065,1.7526606,6200,6282,-1.3,5.6,,,,,
Medina de Pomar,Burgos,09209,42.9322092,-3.4861165,6190,5512,12.3,5.5,,,,,
Lezo,Gipuzkoa,20053,43.3212392,-1.8996138,6184,5753,7.5,3.8,,,,,
Orio,Gipuzkoa,20061,43.2760488,-2.127262,6184,4266,45.0,5.7,,,,,
Torrelles de Llobregat,Barcelona,08289,41.3565232,1.9816276,6170,3114,98.1,4.0,,,,,
Peñaranda de Bracamonte,Salamanca,37246,40.9024602,-5.2006416,6162,6291,-2.1,-4.8,,,,,
Breña Baja,Santa Cruz de Tenerife,38009,28.645012,-17.7753111,6159,3746,64.4,14.5,,,,,
Xeraco,Valencia,46143,39.0331946,-0.2152033,6149,4573,34.5,7.3,,,,,
Urduliz,Bizkaia,48089,43.3784358,-2.9570717,6128,2787,119.9,47.8,,,,,
Bonares,Huelva,21014,37.3214037,-6.683161,6125,5056,21.1,1.7,,,,,
Tremp,Lleida,25234,42.1669782,0.8950137,6123,5503,11.3,1.6,,,,,
Alaró,Baleares,07001,39.7061528,2.7907216,6121,3840,59.4,15.9,,,,,
"Villares, Los",Jaén,23099,37.6877128,-3.818205,6111,4968,23.0,1.5,,,,,
Palazuelos de Eresma,Segovia,40155,40.9303438,-4.0577733,6107,2499,144.4,20.9,,,,,
Calamonte,Badajoz,06025,38.8890569,-6.3863706,6104,5869,4.0,-2.4,,,,,
Tarazona de la Mancha,Albacete,02073,39.2628034,-1.9111552,6100,5976,2.1,-5.6,,,,,
Aznalcóllar,Sevilla,41013,37.5193459,-6.2716793,6096,5812,4.9,-0.8,,,,,
Mota del Cuervo,Cuenca,16133,39.5009343,-2.8711089,6089,5502,10.7,0.7,,,,,
Lazkao,Gipuzkoa,20049,43.0334542,-2.1861651,6087,4902,24.2,9.9,,,,,
Peralta/Azkoien,Navarra,31202,42.3384306,-1.7966251,6071,4668,30.1,4.0,,,,,
Sant Hilari Sacalm,Girona,17164,41.8780822,2.5131751,6069,5064,19.8,9.0,,,,,
Guadassuar,Valencia,46139,39.1857839,-0.4778181,6039,5415,11.5,2.4,,,,,
Gorliz,Bizkaia,48043,43.4127349,-2.9375015,6034,3523,71.3,6.4,,,,,
Borriol,Castellón,12031,40.0422215,-0.0714919,6018,3129,92.3,16.0,,,,,
"Canonja, La",Tarragona,43907,41.120408,1.1820704,6001,,,2.7,,,,,
Outes,A Coruña,15062,42.8427024,-8.9082257,5998,9283,-35.4,-9.2,,,,,
Ugena,Toledo,45176,40.1574161,-3.8766994,5988,981,510.4,13.1,,,,,
Santa Cristina d'Aro,Girona,17181,41.813979,2.9974879,5987,2443,145.1,16.8,,,,,
Arafo,Santa Cruz de Tenerife,38004,28.3404454,-16.4173287,5945,4667,27.4,8.9,,,,,
Anglès,Girona,17008,41.9559224,2.6359493,5944,4785,24.2,8.6,,,,,
Porcuna,Jaén,23069,37.8710423,-4.1842853,5936,7008,-15.3,-9.1,,,,,
Arzúa,A Coruña,15006,42.9279921,-8.1605667,5916,7014,-15.7,-4.7,,,,,
Villabona,Gipuzkoa,20075,43.1876792,-2.0534727,5900,5370,9.9,0.2,,,,,
Porreres,Baleares,07043,39.5168891,3.0227517,5892,4217,39.7,13.4,,,,,
Cartes,Cantabria,39018,43.3243805,-4.069902,5874,2954,98.8,2.5,,,,,
Altafulla,Tarragona,43012,41.1423467,1.3768704,5870,2555,129.7,16.6,,,,,
Vielha e Mijaran,Lleida,25243,42.7017572,0.7954744,5865,3692,58.9,7.4,,,,,
Vilaboa,Pontevedra,36058,42.3601898,-8.6363542,5856,5639,3.8,-3.1,,,,,
Librilla,Murcia,30023,37.8855696,-1.3548724,5854,3759,55.7,14.6,,,,,
Argamasilla de Calatrava,Ciudad Real,13020,38.7268428,-4.0792825,5847,5472,6.9,-2.3,,,,,
Alfacar,Granada,18011,37.2383551,-3.5663721,5834,4211,38.5,7.5,,,,,
Esquivias,Toledo,45064,40.1040681,-3.7674804,5833,3770,54.7,8.3,,,,,
Polop,Alicante,03107,38.6226795,-0.1275385,5828,1995,192.1,28.1,,,,,
Yepes,Toledo,45202,39.9037704,-3.6240919,5820,4428,31.4,14.9,,,,,
Chauchina,Granada,18059,37.2014921,-3.7724726,5817,3969,46.6,7.3,,,,,
Puebla de la Calzada,Badajoz,06103,38.8936017,-6.6261713,5815,5481,6.1,-2.3,,,,,
Benejúzar,Alicante,03024,38.0766016,-0.8392077,5811,5009,16.0,8.3,,,,,
Móra d'Ebre,Tarragona,43093,41.0893373,0.6412887,5811,4880,19.1,4.3,,,,,
Chinchón,Madrid,28052,40.1408293,-3.4231474,5800,3849,50.7,9.6,,,,,
Sant Pol de Mar,Barcelona,08235,41.6030132,2.6238092,5793,2819,105.5,17.0,,,,,
Membrilla,Ciudad Real,13054,38.9724781,-3.3464983,5793,6642,-12.8,-5.6,,,,,
"Yébenes, Los",Toledo,45200,39.5823444,-3.8702361,5787,6573,-12.0,-5.1,,,,,
"Montesinos, Los",Alicante,03903,38.0274262,-0.7434529,5786,2436,137.5,17.8,,,,,
Valga,Pontevedra,36056,42.7001715,-8.6487183,5779,6442,-10.3,-4.4,,,,,
Benigànim,Valencia,46062,38.9438844,-0.4441621,5759,5437,5.9,-2.6,,,,,
San Cibrao das Viñas,Ourense,32075,42.2964763,-7.8723141,5751,3310,73.7,12.5,,,,,
Isla Mayor,Sevilla,41902,37.1324663,-6.1648075,5748,6022,-4.5,-2.8,,,,,
Constantina,Sevilla,41033,37.87757,-5.62185,5745,7390,-22.3,-6.1,,,,,
Torreblanca,Castellón,12117,40.2202661,0.1953363,5744,4583,25.3,6.4,,,,,
"Selva del Camp, La",Tarragona,43145,41.2145609,1.1377856,5732,3767,52.2,2.5,,,,,
Órgiva,Granada,18147,36.9005164,-3.4239036,5728,5147,11.3,3.3,,,,,
Celanova,Ourense,32024,42.1523149,-7.9580863,5723,6065,-5.6,3.9,,,,,
"Arboç, L'",Tarragona,43016,41.2677369,1.6037535,5721,3362,70.2,3.6,,,,,
Coristanco,A Coruña,15029,43.1881388,-8.7351105,5710,8416,-32.2,-11.1,,,,,
Vilanova del Vallès,Barcelona,08902,41.5536734,2.2862297,5693,1999,184.8,9.1,,,,,
Entrambasaguas,Cantabria,39028,43.3776292,-3.6823116,5693,2483,129.3,15.2,,,,,
Prado del Rey,Cádiz,11026,36.7879415,-5.5572276,5692,5726,-0.6,-1.3,,,,,
Agaete,Las Palmas,35001,28.1008499,-15.7023479,5683,6028,-5.7,2.2,,,,,
Numancia de la Sagra,Toledo,45119,40.0785096,-3.8569693,5674,1917,196.0,19.9,,,,,
Cerdedo-Cotobade,Pontevedra,36902,42.4728588,-8.4805247,5671,,,,,,,,
"Navas del Marqués, Las",Ávila,05168,40.6038003,-4.3278957,5670,4346,30.5,7.5,,,,,
"Guancha, La",Santa Cruz de Tenerife,38018,28.3738326,-16.6515762,5667,5232,8.3,4.5,,,,,
Vilafant,Girona,17221,42.2515266,2.9418008,5663,3467,63.3,3.6,,,,,
Betxí,Castellón,12021,39.9288397,-0.1974253,5659,5284,7.1,-2.1,,,,,
Pulianas,Granada,18165,37.2226481,-3.6080146,5659,3335,69.7,6.0,,,,,
Agramunt,Lleida,25003,41.787076,1.0985119,5653,4925,14.8,4.9,,,,,
Llerena,Badajoz,06074,38.2378976,-6.0149901,5642,5730,-1.5,-4.0,,,,,
Almodóvar del Campo,Ciudad Real,13015,38.7083953,-4.1760555,5637,7727,-27.0,-11.4,,,,,
Yebes,Guadalajara,19326,40.533141,-3.1104032,5637,181,3014.4,95.7,,,,,
Abegondo,A Coruña,15001,43.2273559,-8.2886505,5631,5467,3.0,1.8,,,,,
Haría,Las Palmas,35010,29.1458859,-13.5001038,5623,3531,59.2,18.0,,,,,
Celrà,Girona,17049,42.0247111,2.8789816,5621,2522,122.9,6.0,,,,,
Ponte Caldelas,Pontevedra,36043,42.3888113,-8.501742,5609,6963,-19.4,0.6,,,,,
Capellades,Barcelona,08044,41.53,1.684787,5608,5021,11.7,7.3,,,,,
Salteras,Sevilla,41085,37.4188774,-6.1109126,5604,2875,94.9,1.9,,,,,
Ribadesella,Asturias,33056,43.4617962,-5.0588575,5591,6295,-11.2,-4.4,,,,,
Moraleja de Enmedio,Madrid,28089,40.2615532,-3.8612117,5580,2289,143.8,12.0,,,,,
Montehermoso,Cáceres,10127,40.0883757,-6.3495966,5552,5368,3.4,-4.6,,,,,
"Alcúdia de Crespins, l'",Valencia,46020,38.9710757,-0.5890951,5548,4185,32.6,7.1,,,,,
Alhama de Granada,Granada,18013,37.0028286,-3.9891096,5544,5983,-7.3,-8.3,,,,,
Almazán,Soria,42020,41.4870645,-2.5335988,5544,5877,-5.7,-1.8,,,,,
Paterna de Rivera,Cádiz,11025,36.5229634,-5.864702,5539,5093,8.8,-0.6,,,,,
Simancas,Valladolid,47161,41.5902895,-4.8268115,5533,2900,90.8,5.3,,,,,
Mollina,Málaga,29072,37.1258671,-4.6578941,5528,3276,68.7,12.5,,,,,
Villanueva del Trabuco,Málaga,29097,37.0283874,-4.337989,5521,4674,18.1,3.9,,,,,
"Sénia, La",Tarragona,43044,40.6352128,0.2810833,5516,5045,9.3,-2.4,,,,,
Cájar,Granada,18036,37.1342232,-3.5712824,5511,2768,99.1,9.7,,,,,
Bellpuig,Lleida,25050,41.6254383,1.0117111,5510,3927,40.3,10.1,,,,,
"Verger, el",Alicante,03138,38.8454922,0.0104379,5508,3627,51.9,22.0,,,,,
Canyelles,Barcelona,08043,41.2858273,1.7222743,5505,1291,326.4,24.9,,,,,
Guardo,Palencia,34080,42.7895455,-4.846288,5502,8779,-37.3,-14.2,,,,,
Arroyo de la Luz,Cáceres,10021,39.4840338,-6.5845773,5495,6645,-17.3,-7.9,,,,,
Huelma,Jaén,23044,37.6473035,-3.4551806,5485,6021,-8.9,-8.9,,,,,
Carranque,Toledo,45038,40.1702567,-3.9000333,5469,1469,272.3,18.6,,,,,
Castuera,Badajoz,06036,38.7252427,-5.5460543,5457,7951,-31.4,-10.8,,,,,
Sariegos,León,24163,42.6471764,-5.6299522,5456,2122,157.1,11.3,,,,,
Añover de Tajo,Toledo,45014,39.9877375,-3.7660548,5454,4620,18.1,5.7,,,,,
Cigales,Valladolid,47050,41.7582863,-4.6989785,5454,2620,108.2,8.4,,,,,
Macael,Almería,04062,37.3309751,-2.3024387,5436,5956,-8.7,-3.4,,,,,
Guijuelo,Salamanca,37156,40.5578842,-5.6704362,5427,5002,8.5,-3.6,,,,,
Alameda,Málaga,29001,37.207778,-4.6581597,5426,4960,9.4,0.7,,,,,
Algodonales,Cádiz,11005,36.879693,-5.4047755,5425,5691,-4.7,-4.0,,,,,
Outeiro de Rei,Lugo,27039,43.1024649,-7.6136338,5420,4115,31.7,7.5,,,,,
Sarrià de Ter,Girona,17186,42.0141923,2.8175976,5406,3032,78.3,7.4,,,,,
Ortigueira,A Coruña,15061,43.6843141,-7.8543679,5384,8893,-39.5,-11.6,,,,,
"Catllar, El",Tarragona,43043,41.1748794,1.3256814,5375,1828,194.0,27.6,,,,,
Deba,Gipuzkoa,20029,43.294141,-2.3539311,5362,5042,6.3,-2.2,,,,,
Alcover,Tarragona,43005,41.2629186,1.1702772,5362,3523,52.2,5.2,,,,,
Valverde,Santa Cruz de Tenerife,38048,27.809685,-17.9151468,5338,3929,35.9,9.3,,,,,
Arjona,Jaén,23006,37.9355989,-4.0544689,5330,5660,-5.8,-6.3,,,,,
Aceuchal,Badajoz,06002,38.6479821,-6.486997,5307,5201,2.0,-3.2,,,,,
Casariche,Sevilla,41026,37.2955536,-4.7588421,5291,5132,3.1,-5.4,,,,,
Peal de Becerro,Jaén,23066,37.9121397,-3.1240597,5290,5147,2.8,-0.7,,,,,
Talavera la Real,Badajoz,06128,38.876694,-6.7722332,5288,5288,0.0,-3.0,,,,,
Gualchos,Granada,18093,36.7224798,-3.3591422,5284,2990,76.7,6.9,,,,,
Montefrío,Granada,18135,37.321018,-4.011123,5283,7426,-28.9,-5.7,,,,,
Burgo de Osma-Ciudad de Osma,Soria,42043,41.5868712,-3.0674254,5283,5053,4.6,5.6,,,,,
Ayora,Valencia,46044,39.0596612,-1.057216,5282,5556,-4.9,-0.7,,,,,
Corral de Almaguer,Toledo,45054,39.7607947,-3.168367,5280,5856,-9.8,-4.6,,,,,
Yuncler,Toledo,45203,40.0440004,-3.9008053,5275,1960,169.1,44.6,,,,,
Ponteceso,A Coruña,15068,43.2428181,-8.9005051,5268,7663,-31.3,-7.6,,,,,
Miengo,Cantabria,39044,43.4306997,-4.0000308,5265,3437,53.2,11.1,,,,,
Esporles,Baleares,07020,39.6692405,2.5775624,5264,3507,50.1,6.2,,,,,
Nambroca,Toledo,45107,39.7978442,-3.9444599,5263,2342,124.7,16.3,,,,,
Pioz,Guadalajara,19220,40.4635353,-3.1759955,5261,380,1284.5,51.6,,,,,
"Salines, Ses",Baleares,07059,39.3391978,3.054137,5248,3009,74.4,7.2,,,,,
Nava,Asturias,33040,43.3582544,-5.5057607,5244,5681,-7.7,-1.9,,,,,
Mutriku,Gipuzkoa,20056,43.3074573,-2.3871208,5238,4774,9.7,-1.7,,,,,
Meaño,Pontevedra,36027,42.4452125,-8.7825181,5237,5504,-4.9,-1.9,,,,,
Nueva Carteya,Córdoba,14046,37.5859799,-4.4677573,5235,5797,-9.7,-3.7,,,,,
Malpica de Bergantiños,A Coruña,15043,43.3226285,-8.8106696,5232,7443,-29.7,-6.8,,,,,
Alcalá de los Gazules,Cádiz,11001,36.4618805,-5.7238891,5230,5689,-8.1,-1.6,,,,,
San Vicente de Alcántara,Badajoz,06123,39.3625211,-7.137439,5227,6021,-13.2,-7.0,,,,,
Agost,Alicante,03002,38.436906,-0.6396687,5225,4017,30.1,10.5,,,,,
Marina de Cudeyo,Cantabria,39040,43.4219,-3.74848,5221,4503,15.9,0.9,,,,,
Real Sitio de San Ildefonso,Segovia,40181,40.8981268,-4.0054013,5217,5110,2.1,-2.5,,,,,
"Guardia de Jaén, La",Jaén,23038,37.7425684,-3.6937084,5212,2051,154.1,6.5,,,,,
Mugardos,A Coruña,15051,43.4618239,-8.2571246,5203,6200,-16.1,-2.5,,,,,
Borja,Zaragoza,50055,41.8347796,-1.5330224,5202,4174,24.6,5.0,,,,,
Agurain/Salvatierra,Álava,01051,42.8492823,-2.3890592,5189,3796,36.7,4.1,,,,,
Mocejón,Toledo,45102,39.9381943,-3.9168339,5188,4032,28.7,7.1,,,,,
Moral de Calatrava,Ciudad Real,13058,38.8293937,-3.5793395,5184,5194,-0.2,-2.6,,,,,
Guitiriz,Lugo,27022,43.1807643,-7.8942672,5180,6589,-21.4,-5.7,,,,,
Iznalloz,Granada,18105,37.3928352,-3.5276704,5179,6705,-22.8,2.7,,,,,
Valdetorres de Jarama,Madrid,28164,40.6956481,-3.5146559,5175,1662,211.4,21.5,,,,,
Ferreries,Baleares,07023,39.983348,4.0109465,5170,3828,35.1,12.0,,,,,
Ribadumia,Pontevedra,36046,42.5026198,-8.7657083,5166,4079,26.6,1.2,,,,,
Oza-Cesuras,A Coruña,15902,43.2150932,-8.1855333,5159,,,-0.4,,,,,
Parres,Asturias,33045,43.3892173,-5.1848708,5150,5574,-7.6,-6.0,,,,,
Valencia de Alcántara,Cáceres,10203,39.4131571,-7.2420859,5150,6578,-21.7,-8.8,,,,,
Castilblanco de los Arroyos,Sevilla,41027,37.6750431,-5.9889206,5145,4457,15.4,5.7,,,,,
Peñafiel,Valladolid,47114,41.5966366,-4.1215713,5143,5160,-0.3,-3.5,,,,,
Noreña,Asturias,33042,43.3940202,-5.7067183,5131,4207,22.0,-2.5,,,,,
Villa de Mazo,Santa Cruz de Tenerife,38053,28.604955,-17.7796556,5131,4501,14.0,6.4,,,,,
"Campana, La",Sevilla,41022,37.5671522,-5.4293186,5122,5260,-2.6,-5.1,,,,,
Cerceda,A Coruña,15024,43.1900899,-8.4727397,5116,5654,-9.5,1.7,,,,,
Valencia de Don Juan,León,24188,42.2936047,-5.5188832,5103,3826,33.4,-1.7,,,,,
Ontígola,Toledo,45123,40.00348,-3.572782,5101,1088,368.8,20.0,,,,,
Alba de Tormes,Salamanca,37008,40.8266317,-5.514271,5099,4647,9.7,-2.5,,,,,
Markina-Xemein,Bizkaia,48060,43.2675586,-2.4974864,5089,4713,8.0,2.4,,,,,
Sollana,Valencia,46233,39.2784514,-0.3818215,5089,4425,15.0,3.5,,,,,
Bescanó,Girona,17020,41.9670349,2.7389937,5088,2970,71.3,4.8,,,,,
Nerva,Huelva,21052,37.6950788,-6.5504799,5087,6594,-22.9,-7.1,,,,,
Gironella,Barcelona,08092,42.0337588,1.8825316,5083,5037,0.9,5.3,,,,,
Sotillo de la Adrada,Ávila,05240,40.2920324,-4.5826532,5081,3507,44.9,10.0,,,,,
Torrelaguna,Madrid,28151,40.8277149,-3.538293,5081,2612,94.5,8.2,,,,,
Camariñas,A Coruña,15016,43.1310578,-9.1825585,5075,7349,-30.9,-7.5,,,,,
Sant Pere de Vilamajor,Barcelona,08234,41.6843288,2.3900497,5074,1882,169.6,19.2,,,,,
Villanueva del Río y Minas,Sevilla,41099,37.6551394,-5.7112257,5073,5953,-14.8,3.4,,,,,
Pedrera,Sevilla,41072,37.2254137,-4.894143,5057,5025,0.6,-4.5,,,,,
Cabrera de Mar,Barcelona,08029,41.5276986,2.3925117,5045,3417,47.6,10.8,,,,,
Chozas de Canales,Toledo,45056,40.0994053,-4.0438492,5044,1006,401.4,36.0,,,,,
Recas,Toledo,45145,40.0531375,-3.9902585,5037,2469,104.0,16.9,,,,,
Bellreguard,Valencia,46048,38.9462948,-0.1615484,5032,3764,33.7,9.8,,,,,
"Pallaresos, Els",Tarragona,43100,41.1739791,1.2729716,5028,2179,130.7,9.4,,,,,
Candeleda,Ávila,05047,40.1557248,-5.2409617,5003,5176,-3.3,-0.6,,,,,
Castro de Rei,Lugo,27010,43.2096671,-7.4004155,5001,5833,-14.3,-1.1,,,,,
Martorelles,Barcelona,08115,41.5256667,2.2429365,4992,4937,1.1,5.7,,,,,
"Cañiza, A",Pontevedra,36009,42.2127485,-8.276041,4990,7695,-35.2,-4.7,,,,,
San Juan de la Rambla,Santa Cruz de Tenerife,38034,28.3796356,-16.6452998,4987,4743,5.1,1.6,,,,,
Beas de Segura,Jaén,23012,38.2526786,-2.8908722,4983,8261,-39.7,-7.4,,,,,
Vila de Cruces,Pontevedra,36059,42.7937228,-8.1699391,4967,7624,-34.9,-8.6,,,,,
Lodosa,Navarra,31157,42.4241886,-2.0785646,4964,4607,7.7,4.8,,,,,
Autol,La Rioja,26021,42.2130714,-2.0057815,4958,3381,46.6,10.8,,,,,
"Puebla de Almoradiel, La",Toledo,45135,39.5982659,-3.1186131,4950,5360,-7.6,-9.2,,,,,
Garachico,Santa Cruz de Tenerife,38015,28.373686,-16.7640491,4940,5728,-13.8,0.5,,,,,
Alburquerque,Badajoz,06006,39.2190169,-6.9999295,4928,5780,-14.7,-9.3,,,,,
Neda,A Coruña,15055,43.5002779,-8.1582467,4925,6221,-20.8,-5.2,,,,,
"Poble Nou de Benitatxell, el/Benitachell",Alicante,03042,38.7322971,0.1438442,4911,1989,146.9,19.7,,,,,
Sigüenza,Guadalajara,19257,41.0680324,-2.6405659,4911,4880,0.6,7.9,,,,,
Oliva de la Frontera,Badajoz,06093,38.2769879,-6.9184328,4907,6065,-19.1,-8.1,,,,,
Bárcena de Cicero,Cantabria,39009,43.42248,-3.51847,4907,2213,121.7,19.0,,,,,
Vedra,A Coruña,15089,42.7753675,-8.4813891,4903,5156,-4.9,-2.2,,,,,
Benahadux,Almería,04024,36.9251533,-2.460209,4901,2702,81.4,17.1,,,,,
Quesada,Jaén,23073,37.8429817,-3.0669209,4901,6256,-21.7,-10.6,,,,,
Torrefarrera,Lleida,25228,41.6735377,0.6066894,4900,1593,207.6,5.8,,,,,
Torrejón de Velasco,Madrid,28150,40.1869283,-3.7769069,4900,1504,225.8,15.5,,,,,
Valmojado,Toledo,45180,40.2043735,-4.0908078,4898,2325,110.7,19.1,,,,,
Benamejí,Córdoba,14010,37.2671843,-4.540364,4895,4682,4.5,-2.8,,,,,
Villafranca de Córdoba,Córdoba,14067,37.9623001,-4.5459147,4895,3777,29.6,-0.5,,,,,
Ribadavia,Ourense,32069,42.2880044,-8.1429521,4895,5650,-13.4,-3.4,,,,,
Llançà,Girona,17092,42.3617316,3.1511804,4892,3843,27.3,-0.9,,,,,
Villafranca de los Caballeros,Toledo,45187,39.4263038,-3.3598689,4884,5349,-8.7,-4.2,,,,,
Sangüesa/Zangoza,Navarra,31216,42.5754899,-1.283336,4883,4553,7.2,-2.4,,,,,
Aznalcázar,Sevilla,41012,37.3035085,-6.2508499,4875,3387,43.9,9.1,,,,,
Formentera del Segura,Alicante,03070,38.0851143,-0.7459956,4868,2112,130.5,21.9,,,,,
Ajalvir,Madrid,28002,40.5342302,-3.4807818,4868,1622,200.1,9.6,,,,,
Cudillero,Asturias,33021,43.5633258,-6.1458061,4867,6218,-21.7,-7.3,,,,,
Vilallonga/Villalonga,Valencia,46255,38.8853294,-0.2066001,4865,3649,33.3,11.2,,,,,
Alcalá del Valle,Cádiz,11002,36.9044094,-5.1720759,4864,5208,-6.6,-6.0,,,,,
Almadén,Ciudad Real,13011,38.7742489,-4.832835,4855,7498,-35.2,-14.2,,,,,
Villanueva de Gállego,Zaragoza,50288,41.7679783,-0.8216852,4852,2734,77.5,3.7,,,,,
Rafal,Alicante,03109,38.1036225,-0.8499366,4849,3027,60.2,15.0,,,,,
Camarena,Toledo,45031,40.0925817,-4.1212536,4848,2143,126.2,30.2,,,,,
Calera y Chozas,Toledo,45028,39.8814627,-4.9786164,4834,3750,28.9,4.3,,,,,
Valle Gran Rey,Santa Cruz de Tenerife,38049,28.0962304,-17.3345342,4830,3631,33.0,12.7,,,,,
Collbató,Barcelona,08069,41.570256,1.8285814,4828,1566,208.3,9.8,,,,,
Robledo de Chavela,Madrid,28125,40.5009201,-4.2380999,4818,2139,125.2,20.4,,,,,
Porqueres,Girona,17137,42.1045876,2.7838352,4811,3279,46.7,6.2,,,,,
"Illa de Arousa, A",Pontevedra,36901,42.5638285,-8.8735721,4809,,,-2.0,,,,,
Enguera,Valencia,46118,38.9804366,-0.6894299,4807,4754,1.1,-4.4,,,,,
"Molinos, Los",Madrid,28087,40.7147018,-4.0733926,4781,2957,61.7,9.3,,,,,
"Lastrilla, La",Segovia,40112,40.968776,-4.1036258,4781,1375,247.7,31.1,,,,,
"Silos, Los",Santa Cruz de Tenerife,38042,28.3658242,-16.8167118,4773,5257,-9.2,-0.3,,,,,
Salas,Asturias,33059,43.4082096,-6.2568574,4771,7416,-35.7,-9.3,,,,,
Santovenia de Pisuerga,Valladolid,47155,41.693651,-4.6895991,4762,1556,206.0,12.3,,,,,
Ojén,Málaga,29076,36.5645156,-4.8565007,4755,2004,137.3,40.5,,,,,
Miguel Esteban,Toledo,45101,39.5260507,-3.076188,4751,4688,1.3,-5.8,,,,,
Fuente Vaqueros,Granada,18079,37.2193966,-3.7833134,4743,3974,19.4,7.9,,,,,
Cacabelos,León,24030,42.599016,-6.7255949,4734,4846,-2.3,-10.1,,,,,
Villanueva de los Infantes,Ciudad Real,13093,38.7339635,-3.0135587,4733,5792,-18.3,-9.7,,,,,
Castejón,Navarra,31070,42.1684263,-1.6907803,4725,3173,48.9,15.4,,,,,
Fregenal de la Sierra,Badajoz,06050,38.1663968,-6.6525749,4715,5416,-12.9,-4.0,,,,,
Yunquera de Henares,Guadalajara,19331,40.7546981,-3.1662667,4706,2041,130.6,22.7,,,,,
Épila,Zaragoza,50099,41.5984995,-1.2796166,4704,3957,18.9,5.7,,,,,
Campanario,Badajoz,06028,38.8633863,-5.6180261,4702,5915,-20.5,-7.5,,,,,
Buenavista del Norte,Santa Cruz de Tenerife,38010,28.3721177,-16.8512557,4695,5664,-17.1,-2.8,,,,,
Villamanrique de la Condesa,Sevilla,41097,37.2465338,-6.3063633,4694,3764,24.7,5.2,,,,,
Cadrete,Zaragoza,50066,41.5556662,-0.9611928,4688,1243,277.2,28.3,,,,,
Madrigueras,Albacete,02045,39.2370979,-1.8001238,4670,4513,3.5,-0.0,,,,,
Sondika,Bizkaia,48904,43.2979405,-2.9272819,4670,3582,30.4,3.3,,,,,
Serranillos del Valle,Madrid,28140,40.2044509,-3.8851988,4670,810,476.5,17.0,,,,,
Meis,Pontevedra,36028,42.5184875,-8.7036082,4668,5017,-7.0,-3.6,,,,,
Malpartida de Plasencia,Cáceres,10116,39.9811621,-6.0437752,4666,4342,7.5,-0.1,,,,,
Fisterra,A Coruña,15037,42.9064771,-9.263789,4666,5397,-13.5,-1.5,,,,,
"Pobla Llarga, la",Valencia,46203,39.08528,-0.4765326,4665,4390,6.3,2.6,,,,,
Frontera,Santa Cruz de Tenerife,38013,27.7534804,-18.0107229,4660,4409,5.7,17.7,,,,,
"Coronil, El",Sevilla,41036,37.0796909,-5.6329514,4659,5134,-9.3,-4.0,,,,,
Fuentes de Ebro,Zaragoza,50115,41.5113985,-0.6286721,4659,3763,23.8,2.0,,,,,
"Aldea, L'",Tarragona,43904,40.7445104,0.6188148,4657,3563,30.7,9.6,,,,,
Calamocha,Teruel,44050,40.9198824,-1.299434,4655,4019,15.8,6.6,,,,,
Santaella,Córdoba,14060,37.561297,-4.8425505,4641,5854,-20.7,-23.7,,,,,
Riells i Viabrea,Girona,17146,41.7764308,2.5129067,4635,1429,224.4,18.0,,,,,
Valdeolmos-Alalpardo,Madrid,28162,40.6296736,-3.4740558,4626,1625,184.7,19.2,,,,,
Cazalla de la Sierra,Sevilla,41032,37.932188,-5.7595396,4626,5229,-11.5,-6.2,,,,,
Aielo de Malferit,Valencia,46042,38.8803632,-0.5911695,4624,3924,17.8,-2.1,,,,,
"Luisiana, La",Sevilla,41056,37.5278048,-5.2481605,4618,4331,6.6,0.3,,,,,
Cortegana,Huelva,21025,37.9093023,-6.8196169,4617,5206,-11.3,-4.9,,,,,
Medina de Rioseco,Valladolid,47086,41.8836792,-5.0433596,4617,5015,-7.9,-3.9,,,,,
Casas-Ibáñez,Albacete,02024,39.2869161,-1.4706566,4616,4041,14.2,1.3,,,,,
Talamanca de Jarama,Madrid,28145,40.7454696,-3.5127576,4607,1334,245.4,33.5,,,,,
Ribamontán al Mar,Cantabria,39061,43.45406,-3.67135,4605,3355,37.3,4.1,,,,,
"Alqueries, les/Alquerías del Niño Perdido",Castellón,12901,39.8963328,-0.1143587,4605,3508,31.3,1.7,,,,,
Pinseque,Zaragoza,50209,41.7378446,-1.1013851,4601,1472,212.6,23.5,,,,,
"Pino, O",A Coruña,15066,42.9046789,-8.3624169,4589,5056,-9.2,-1.4,,,,,
Fuente de Cantos,Badajoz,06052,38.2461377,-6.3074274,4583,5075,-9.7,-6.5,,,,,
"Tiemblo, El",Ávila,05241,40.413058,-4.4993801,4582,3797,20.7,9.4,,,,,
Iniesta,Cuenca,16113,39.444555,-1.7487477,4567,3792,20.4,5.5,,,,,
Puig-reig,Barcelona,08175,41.9735499,1.8775308,4565,4578,-0.3,10.7,,,,,
Usansolo,Bizkaia,48916,43.2185696,-2.818861,4565,,,,,,,,
Cardona,Barcelona,08047,41.9142758,1.68133,4553,5882,-22.6,-4.6,,,,,
Pechina,Almería,04074,36.916512,-2.4402474,4552,2564,77.5,16.7,,,,,
Cobisa,Toledo,45052,39.8044211,-4.0247277,4550,1034,340.0,8.7,,,,,
Tazacorte,Santa Cruz de Tenerife,38045,28.642858,-17.9326028,4549,6909,-34.2,-1.8,,,,,
Sineu,Baleares,07060,39.64314,3.0116111,4537,2568,76.7,25.0,,,,,
Berriz,Bizkaia,48019,43.1705214,-2.5753519,4533,4099,10.6,-3.7,,,,,
Cedillo del Condado,Toledo,45047,40.1153734,-3.9257738,4525,1382,227.4,23.0,,,,,
Consell,Baleares,07016,39.6685608,2.8134417,4521,2172,108.1,16.9,,,,,
Ampuero,Cantabria,39002,43.3440563,-3.4151482,4518,3337,35.4,8.1,,,,,
Pozo Alcón,Jaén,23070,37.7026954,-2.9350566,4514,6385,-29.3,-7.1,,,,,
Casar de Cáceres,Cáceres,10049,39.5614765,-6.4171236,4511,4753,-5.1,-2.0,,,,,
Hostalric,Girona,17083,41.7451889,2.6330963,4493,2919,53.9,10.7,,,,,
Cabeza del Buey,Badajoz,06023,38.7211592,-5.2211611,4489,6222,-27.9,-11.4,,,,,
Albuixech,Valencia,46014,39.5442852,-0.3247783,4482,3088,45.1,14.4,,,,,
Cuntis,Pontevedra,36015,42.6353362,-8.5617942,4469,5834,-23.4,-6.8,,,,,
Doña Mencía,Córdoba,14022,37.5545719,-4.3573672,4465,5007,-10.8,-6.8,,,,,
Mondariz,Pontevedra,36030,42.2329417,-8.4548756,4456,6347,-29.8,-4.1,,,,,
Santisteban del Puerto,Jaén,23079,38.2484355,-3.2061898,4451,5058,-12.0,-3.7,,,,,
Boecillo,Valladolid,47023,41.5406814,-4.6993793,4446,1242,258.0,8.9,,,,,
Viana,Navarra,31251,42.5154725,-2.3713437,4441,3389,31.0,10.3,,,,,
Olivella,Barcelona,08148,41.3103129,1.8114946,4435,954,364.9,24.3,,,,,
Quintana de la Serena,Badajoz,06109,38.7400641,-5.6725652,4429,5405,-18.1,-7.0,,,,,
San José del Valle,Cádiz,11902,36.6062584,-5.7997029,4419,4299,2.8,-0.5,,,,,
Beas,Huelva,21011,37.4254522,-6.7916123,4414,4232,4.3,3.3,,,,,
Plentzia,Bizkaia,48077,43.4051753,-2.9478553,4407,3117,41.4,2.4,,,,,
"Papiol, El",Barcelona,08158,41.4379916,2.0108896,4404,3434,28.2,8.1,,,,,
Montalbán de Córdoba,Córdoba,14040,37.5814618,-4.7496714,4401,4639,-5.1,-1.6,,,,,
Moixent/Mogente,Valencia,46170,38.8753162,-0.7495353,4401,4214,4.4,0.5,,,,,
Magán,Toledo,45088,39.961848,-3.9308991,4384,1081,305.6,35.9,,,,,
Hornachuelos,Córdoba,14036,37.8341341,-5.2490384,4383,5006,-12.4,-4.7,,,,,
Albalat dels Sorells,Valencia,46009,39.5436955,-0.3461912,4368,3530,23.7,12.3,,,,,
Turre,Almería,04093,37.1523701,-1.8945374,4361,2157,102.2,30.1,,,,,
Rois,A Coruña,15074,42.761843,-8.693126,4358,5356,-18.6,-6.4,,,,,
San Andrés y Sauces,Santa Cruz de Tenerife,38033,28.803261,-17.7740713,4350,5438,-20.0,4.3,,,,,
Alameda de la Sagra,Toledo,45002,40.013303,-3.7968786,4350,2797,55.5,22.2,,,,,
Navas de San Juan,Jaén,23063,38.1835107,-3.3136785,4345,5363,-19.0,-5.5,,,,,
Igorre,Bizkaia,48094,43.1642445,-2.7783435,4344,4000,8.6,3.6,,,,,
"Carpio, El",Córdoba,14018,37.9388192,-4.4993246,4327,4497,-3.8,-3.8,,,,,
Selva,Baleares,07058,39.7544816,2.9007178,4326,2901,49.1,12.0,,,,,
Muxía,A Coruña,15052,43.1068451,-9.2184819,4326,6634,-34.8,-12.4,,,,,
Casarrubuelos,Madrid,28036,40.1707803,-3.8308526,4323,622,595.0,20.5,,,,,
Fuente Obejuna,Córdoba,14029,38.2667683,-5.4197812,4309,6243,-31.0,-10.2,,,,,
Villaluenga de la Sagra,Toledo,45188,40.0271087,-3.9115161,4308,2639,63.2,12.5,,,,,
Borox,Toledo,45021,40.06967,-3.7411508,4306,2132,102.0,19.1,,,,,
Piedrabuena,Ciudad Real,13063,39.0344592,-4.1753284,4305,5181,-16.9,-5.2,,,,,
Navalvillar de Pela,Badajoz,06091,39.0916315,-5.4681268,4303,5083,-15.3,-6.5,,,,,
Begur,Girona,17013,41.9541918,3.2088349,4291,3039,41.2,8.4,,,,,
"Bisbal del Penedès, La",Tarragona,43028,41.2778415,1.4905591,4278,1628,162.8,23.4,,,,,
Almogía,Málaga,29011,36.8261541,-4.5406993,4269,4263,0.1,12.8,,,,,
Niebla,Huelva,21053,37.3609544,-6.6793495,4268,3846,11.0,4.1,,,,,
Godelleta,Valencia,46136,39.4218028,-0.6867262,4266,2095,103.6,25.6,,,,,
Creixell,Tarragona,43050,41.1677349,1.4407074,4261,1400,204.4,22.9,,,,,
Villatorres,Jaén,23903,37.9410707,-3.7289263,4259,4079,4.4,-2.7,,,,,
Urduña/Orduña,Bizkaia,48074,42.994926,-3.009915,4247,3963,7.2,2.0,,,,,
Monesterio,Badajoz,06085,38.0876314,-6.2732538,4245,5120,-17.1,-1.1,,,,,
Curtis,A Coruña,15032,43.1391079,-8.0353711,4242,4622,-8.2,6.6,,,,,
Cascante,Navarra,31068,41.9993288,-1.6786611,4231,3555,19.0,12.2,,,,,
Valverde de Leganés,Badajoz,06143,38.6706374,-6.9808325,4230,3705,14.2,0.7,,,,,
Murchante,Navarra,31176,42.0309725,-1.655853,4230,2997,41.1,8.3,,,,,
Boqueixón,A Coruña,15012,42.8271625,-8.4172359,4219,4314,-2.2,-1.7,,,,,
Cabrerizos,Salamanca,37067,40.9786623,-5.6090032,4218,1434,194.1,0.3,,,,,
Arboleas,Almería,04017,37.3511387,-2.0742569,4215,1550,171.9,-7.1,,,,,
Eskoriatza,Gipuzkoa,20034,43.0174857,-2.526803,4215,3999,5.4,3.3,,,,,
Casabermeja,Málaga,29039,36.893528,-4.4287903,4214,3034,38.9,22.4,,,,,
"Rúa, A",Ourense,32072,42.3952755,-7.1141649,4214,5018,-16.0,-7.0,,,,,
Ugao-Miraballes,Bizkaia,48065,43.1803743,-2.9016079,4213,4173,1.0,2.4,,,,,
"Ventas de Retamosa, Las",Toledo,45183,40.1549585,-4.1142313,4206,690,509.6,28.4,,,,,
Santa Marta,Badajoz,06121,38.6137965,-6.6275791,4201,4084,2.9,-2.1,,,,,
Zas,A Coruña,15093,43.0975071,-8.9165734,4199,6508,-35.5,-11.7,,,,,
Dalías,Almería,04038,36.8214576,-2.8702064,4196,3590,16.9,5.5,,,,,
Beriáin,Navarra,31905,42.7334799,-1.6447836,4195,2317,81.1,7.8,,,,,
Santa Cruz del Retamar,Toledo,45157,40.118509,-4.2409124,4194,1607,161.0,46.8,,,,,
"Pont de Vilomara i Rocafort, El",Barcelona,08182,41.7015043,1.8726147,4193,2396,75.0,12.6,,,,,
Sant Gregori,Girona,17163,41.9910304,2.7564765,4191,2130,96.8,18.0,,,,,
Vilches,Jaén,23094,38.2107652,-3.5130577,4191,5162,-18.8,-9.8,,,,,
Santillana del Mar,Cantabria,39076,43.3906511,-4.108048,4189,3854,8.7,0.1,,,,,
"Saucejo, El",Sevilla,41090,37.0698592,-5.0970989,4189,4163,0.6,-3.7,,,,,
Sant Climent de Llobregat,Barcelona,08204,41.3366993,1.9970575,4187,2476,69.1,4.1,,,,,
Santa Cruz de la Zarza,Toledo,45156,39.9812739,-3.1886386,4180,4439,-5.8,-3.4,,,,,
"Pobla de Mafumet, La",Tarragona,43109,41.1865974,1.2082805,4175,1018,310.1,10.7,,,,,
Cospeito,Lugo,27015,43.2358208,-7.5582647,4172,6122,-31.9,-12.2,,,,,
"Roda de Andalucía, La",Sevilla,41082,37.2003677,-4.7772857,4168,4175,-0.2,-2.6,,,,,
Quart,Girona,17142,41.9401591,2.8413516,4165,2123,96.2,19.8,,,,,
Castellbell i el Vilar,Barcelona,08053,41.6294526,1.8623062,4159,2789,49.1,16.0,,,,,
"Torre de Claramunt, La",Barcelona,08286,41.5352891,1.6609381,4158,2011,106.8,11.7,,,,,
Valle de Mena,Burgos,09410,43.1004631,-3.2829745,4155,3472,19.7,9.2,,,,,
Cervo,Lugo,27013,43.6696977,-7.4095553,4137,5143,-19.6,-3.7,,,,,
Moraña,Pontevedra,36032,42.5891302,-8.5909801,4131,4524,-8.7,-4.2,,,,,
Bocairent,Valencia,46072,38.7669181,-0.610892,4130,4627,-10.7,-3.7,,,,,
Chiloeches,Guadalajara,19105,40.5732118,-3.1627206,4117,1137,262.1,24.6,,,,,
Bonrepòs i Mirambell,Valencia,46074,39.5174981,-0.3655773,4115,2377,73.1,13.9,,,,,
Ibarra,Gipuzkoa,20042,43.1316471,-2.0622574,4114,4287,-4.0,-2.9,,,,,
Sariñena,Huesca,22213,41.7931992,-0.156421,4113,4058,1.4,-1.8,,,,,
Villanueva del Río Segura,Murcia,30042,38.1361485,-1.3243689,4111,1469,179.9,60.6,,,,,
Villarcayo de Merindad de Castilla la Vieja,Burgos,09903,42.9389527,-3.5719766,4103,3934,4.3,-4.1,,,,,
Jun,Granada,18111,37.2217446,-3.5942908,4103,1553,164.2,11.1,,,,,
Adamuz,Córdoba,14001,38.0269999,-4.5245275,4100,4466,-8.2,-4.0,,,,,
Santa Susanna,Barcelona,08261,41.6357256,2.7065933,4099,1453,182.1,23.4,,,,,
Orkoien,Navarra,31906,42.8234903,-1.7022679,4098,1250,227.8,7.8,,,,,
Hinojos,Huelva,21040,37.2922174,-6.3794314,4097,3482,17.7,5.2,,,,,
Villanueva de Algaidas,Málaga,29095,37.1831293,-4.449969,4084,4175,-2.2,-5.6,,,,,
Villamalea,Albacete,02079,39.3622925,-1.5992527,4083,3449,18.4,0.0,,,,,
Vilablareix,Girona,17215,41.9569396,2.7728439,4077,1323,208.2,54.7,,,,,
San Bartolomé de la Torre,Huelva,21063,37.4462517,-7.1068216,4072,2940,38.5,12.5,,,,,
Olite/Erriberri,Navarra,31191,42.4813623,-1.6512224,4069,3106,31.0,3.9,,,,,
Cabana de Bergantiños,A Coruña,15014,43.2187726,-8.9297572,4067,6009,-32.3,-8.5,,,,,
Camponaraya,León,24034,42.5775672,-6.6675865,4060,3226,25.9,-0.9,,,,,
Pozuelo de Calatrava,Ciudad Real,13066,38.9119565,-3.8371496,4055,2515,61.2,20.6,,,,,
Arriate,Málaga,29020,36.7991421,-5.1407457,4049,3430,18.0,-1.6,,,,,
Quijorna,Madrid,28119,40.4290833,-4.0565378,4044,829,387.8,24.9,,,,,
Rincón de Soto,La Rioja,26125,42.2346465,-1.8504938,4041,3343,20.9,7.4,,,,,
Malpartida de Cáceres,Cáceres,10115,39.4458422,-6.5046747,4027,4338,-7.2,-5.6,,,,,
Balenyà,Barcelona,08017,41.812365,2.2349568,4021,3025,32.9,8.5,,,,,
"Corrales, Los",Sevilla,41037,37.0992114,-4.9830713,4021,4150,-3.1,0.9,,,,,
"Font d'en Carròs, la",Valencia,46127,38.9168188,-0.1702194,4020,3211,25.2,6.8,,,,,
Gilet,Valencia,46134,39.6786015,-0.32506,4011,1433,179.9,21.4,,,,,
Pliego,Murcia,30032,37.9884543,-1.5061409,4003,3373,18.7,1.8,,,,,
Arroyo de San Serván,Badajoz,06012,38.8548255,-6.4545275,4001,4028,-0.7,-3.8,,,,,
Fabero,León,24070,42.7680405,-6.6249887,3998,6120,-34.7,-15.8,,,,,
Noblejas,Toledo,45115,39.9803187,-3.4403876,3998,3022,32.3,13.2,,,,,
San Vicente de la Barquera,Cantabria,39080,43.38318,-4.40027,3995,4395,-9.1,-4.8,,,,,
Renedo de Esgueva,Valladolid,47133,41.6539858,-4.6276293,3993,933,328.0,8.0,,,,,
Tabernas,Almería,04088,37.0498879,-2.3913774,3991,3457,15.4,9.2,,,,,
Escalona,Toledo,45061,40.1665576,-4.4038607,3987,2048,94.7,24.5,,,,,
Alosno,Huelva,21006,37.5496719,-7.115795,3986,5054,-21.1,-0.2,,,,,
Cúllar,Granada,18056,37.5835402,-2.5766049,3978,5229,-23.9,-7.4,,,,,
Alhama de Almería,Almería,04011,36.9574546,-2.5667688,3975,3104,28.1,7.8,,,,,
Sencelles,Baleares,07047,39.6475972,2.8977427,3973,1896,109.5,28.3,,,,,
Villaescusa,Cantabria,39099,43.3728079,-3.8525779,3970,3041,30.5,2.2,,,,,
Breda,Girona,17027,41.7484044,2.5613326,3969,3243,22.4,6.6,,,,,
Cizur,Navarra,31076,42.7916465,-1.7175431,3949,1105,257.4,5.0,,,,,
Olèrdola,Barcelona,08145,41.3209905,1.7211878,3945,1893,108.4,11.8,,,,,
Polán,Toledo,45133,39.7888594,-4.1667072,3941,3246,21.4,2.8,,,,,
Zestoa,Gipuzkoa,20027,43.2401376,-2.2585203,3933,3252,20.9,5.3,,,,,
Albelda de Iregua,La Rioja,26005,42.3560509,-2.4736796,3930,2267,73.4,18.4,,,,,
Vilafranca de Bonany,Baleares,07065,39.5703083,3.0889977,3929,2190,79.4,33.6,,,,,
Caniles,Granada,18039,37.4362471,-2.722409,3929,5303,-25.9,-8.2,,,,,
Vegadeo,Asturias,33074,43.4643275,-7.0498586,3928,5030,-21.9,0.4,,,,,
Cabezón de Pisuerga,Valladolid,47027,41.7339524,-4.6458137,3910,1692,131.1,6.9,,,,,
Hervás,Cáceres,10096,40.2738554,-5.8587431,3898,3965,-1.7,-5.4,,,,,
Iurreta,Bizkaia,48910,43.1766676,-2.6339298,3897,4483,-13.1,4.6,,,,,
Horcajo de Santiago,Cuenca,16106,39.8421603,-2.9973736,3894,3603,8.1,8.3,,,,,
Láchar,Granada,18115,37.1952099,-3.8340663,3892,2335,66.7,17.8,,,,,
Santa Amalia,Badajoz,06120,39.0111846,-6.0102155,3881,4347,-10.7,-5.5,,,,,
Santa Cruz de Mudela,Ciudad Real,13077,38.6419862,-3.4666934,3881,4795,-19.1,-8.4,,,,,
Sant Cebrià de Vallalta,Barcelona,08203,41.620353,2.6017906,3872,1322,192.9,16.3,,,,,
Burguillos de Toledo,Toledo,45023,39.7983122,-3.9915094,3872,788,391.4,25.2,,,,,
Santa Bàrbara,Tarragona,43138,40.7145779,0.4927561,3871,3283,17.9,2.6,,,,,
"Espluga de Francolí, L'",Tarragona,43054,41.3965477,1.1023184,3863,3671,5.2,1.9,,,,,
Villar del Arzobispo,Valencia,46258,39.7337011,-0.8273481,3862,3460,11.6,8.3,,,,,
Montemayor,Córdoba,14041,37.6484171,-4.6983093,3859,3801,1.5,-1.7,,,,,
Soraluze-Placencia de las Armas,Gipuzkoa,20065,43.1742777,-2.4128759,3857,4430,-12.9,-2.2,,,,,
Lantejuela,Sevilla,41052,37.3536663,-5.2226055,3857,3356,14.9,-0.0,,,,,
Altura,Castellón,12012,39.8512304,-0.5128608,3849,3093,24.4,6.3,,,,,
Pedrola,Zaragoza,50204,41.7874421,-1.2142283,3842,2582,48.8,11.4,,,,,
Cijuela,Granada,18048,37.1998748,-3.8105099,3827,1495,156.0,19.6,,,,,
Cómpeta,Málaga,29045,36.832836,-3.9747057,3824,2684,42.5,3.2,,,,,
"Morell, El",Tarragona,43095,41.1923512,1.2071006,3811,2338,63.0,7.4,,,,,
Seva,Barcelona,08269,41.8361292,2.2835441,3808,2238,70.2,10.5,,,,,
Castillo de Locubín,Jaén,23026,37.5279563,-3.9422486,3805,5667,-32.9,-9.7,,,,,
Soto del Barco,Asturias,33069,43.5306599,-6.0727549,3801,4450,-14.6,-3.5,,,,,
Montroi/Montroy,Valencia,46176,39.3406742,-0.6138111,3792,1567,142.0,30.4,,,,,
Algorfa,Alicante,03012,38.0862119,-0.796152,3788,1140,232.3,17.6,,,,,
"Ampolla, L'",Tarragona,43906,40.8122038,0.706957,3785,1667,127.1,13.9,,,,,
Busot,Alicante,03046,38.4848359,-0.417211,3782,1373,175.5,27.1,,,,,
Ólvega,Soria,42134,41.7796604,-1.9847119,3782,3293,14.8,3.3,,,,,
Carnota,A Coruña,15020,42.821959,-9.0878032,3780,6140,-38.4,-9.4,,,,,
Bera,Navarra,31250,43.2813278,-1.6796472,3779,3480,8.6,0.4,,,,,
Valleseco,Las Palmas,35032,28.0501609,-15.5744925,3775,4383,-13.9,-2.2,,,,,
Serra,Valencia,46228,39.6851966,-0.4281287,3767,1794,110.0,22.7,,,,,
"Llosa de Ranes, la",Valencia,46157,39.0185366,-0.5335879,3765,3640,3.4,7.2,,,,,
Òdena,Barcelona,08143,41.6068791,1.6422209,3760,2656,41.6,4.2,,,,,
Espera,Cádiz,11017,36.8716918,-5.8060565,3755,3969,-5.4,-4.0,,,,,
Faura,Valencia,46122,39.7262295,-0.2611236,3753,2809,33.6,7.4,,,,,
Azagra,Navarra,31042,42.311403,-1.8946708,3746,3496,7.2,-1.9,,,,,
Sant Jaume d'Enveja,Tarragona,43902,40.7062849,0.7182888,3745,3352,11.7,6.5,,,,,
Calanda,Teruel,44051,40.9403014,-0.2314866,3745,3596,4.1,-2.6,,,,,
Monterroso,Lugo,27032,42.7918646,-7.8357837,3744,4484,-16.5,0.1,,,,,
Sabiote,Jaén,23075,38.0691918,-3.3068128,3742,4325,-13.5,-7.4,,,,,
Pradejón,La Rioja,26117,42.3343295,-2.0688783,3742,2904,28.9,-4.5,,,,,
Milagro,Navarra,31169,42.2418183,-1.7628016,3741,2585,44.7,13.7,,,,,
Alfara del Patriarca,Valencia,46025,39.544129,-0.3856585,3740,2733,36.8,12.5,,,,,
Campoo de Enmedio,Cantabria,39027,42.9811686,-4.1487879,3729,3858,-3.3,-1.3,,,,,
"Franco, El",Asturias,33023,43.5509739,-6.8289851,3728,4193,-11.1,-2.8,,,,,
Mazaricos,A Coruña,15045,42.9372599,-8.9912071,3721,7010,-46.9,-9.0,,,,,
Sant Julià de Ramis,Girona,17169,42.0346552,2.8394572,3715,1942,91.3,7.5,,,,,
Santa Oliva,Tarragona,43140,41.2532889,1.5510139,3711,1828,103.0,13.8,,,,,
Lanjarón,Granada,18116,36.9181138,-3.4801561,3708,3971,-6.6,3.4,,,,,
Teba,Málaga,29089,36.9834861,-4.9202568,3708,4386,-15.5,-5.2,,,,,
Iruña Oka/Iruña de Oca,Álava,01901,42.8170455,-2.8100676,3704,1616,129.2,13.3,,,,,
Minas de Riotinto,Huelva,21049,37.6934573,-6.5957844,3698,5212,-29.0,-6.9,,,,,
Ribaforada,Navarra,31208,41.9981387,-1.5126628,3697,3165,16.8,-0.2,,,,,
Sant Joan de Moró,Castellón,12902,40.0607474,-0.1373779,3695,1669,121.4,21.4,,,,,
Val do Dubra,A Coruña,15088,43.0254745,-8.6564382,3680,5174,-28.9,-7.4,,,,,
Benijófar,Alicante,03034,38.0789755,-0.7384165,3679,1592,131.1,16.3,,,,,
Biar,Alicante,03043,38.6305367,-0.7646666,3677,3568,3.1,0.8,,,,,
Iznájar,Córdoba,14037,37.2572511,-4.3077099,3676,5271,-30.3,-17.6,,,,,
Barro,Pontevedra,36002,42.5243013,-8.6376665,3674,3570,2.9,-1.9,,,,,
Calzada de Calatrava,Ciudad Real,13027,38.7043087,-3.7766972,3668,4934,-25.7,-9.5,,,,,
Moriles,Córdoba,14045,37.4353584,-4.6095901,3667,3765,-2.6,-4.0,,,,,
Sant Hipòlit de Voltregà,Barcelona,08215,42.0152733,2.2376471,3666,2909,26.0,5.9,,,,,
Cariño,A Coruña,15901,43.7412174,-7.8698084,3661,5316,-31.1,-10.1,,,,,
"Molares, Los",Sevilla,41063,37.1559172,-5.718817,3659,2659,37.6,5.4,,,,,
"Neves, As",Pontevedra,36034,42.0882235,-8.4148446,3657,5033,-27.3,-9.4,,,,,
Cuevas de San Marcos,Málaga,29049,37.2679779,-4.4141396,3647,4079,-10.6,-3.4,,,,,
Gilena,Sevilla,41046,37.2516267,-4.9154115,3647,3840,-5.0,-4.7,,,,,
Calaf,Barcelona,08031,41.7323852,1.5150275,3644,3148,15.8,6.4,,,,,
Alcoletge,Lleida,25012,41.6472222,0.6944444,3640,1618,125.0,7.9,,,,,
Peñaflor,Sevilla,41074,37.7084447,-5.3457347,3628,3930,-7.7,-1.9,,,,,
Colmenar,Málaga,29043,36.9053728,-4.3368078,3626,3138,15.6,7.1,,,,,
Cantalejo,Segovia,40040,41.2582596,-3.9274383,3619,3521,2.8,-0.2,,,,,
Lemoa,Bizkaia,48055,43.2098775,-2.7788097,3614,2470,46.3,2.6,,,,,
Sant Salvador de Guardiola,Barcelona,08098,41.6797988,1.7671087,3612,1651,118.8,15.0,,,,,
Friol,Lugo,27020,43.0303761,-7.7939267,3608,4911,-26.5,-7.3,,,,,
Elche de la Sierra,Albacete,02030,38.4483634,-2.0489954,3603,4010,-10.1,-2.9,,,,,
Cantoria,Almería,04031,37.3524561,-2.1934809,3592,3357,7.0,6.6,,,,,
Olmedo,Valladolid,47104,41.2870983,-4.68669,3592,3501,2.6,-2.2,,,,,
Mendavia,Navarra,31165,42.4443874,-2.2002884,3588,3521,1.9,-0.7,,,,,
Navahermosa,Toledo,45109,39.6334281,-4.4691896,3587,3938,-8.9,-6.1,,,,,
"Robla, La",León,24134,42.8029091,-5.6292227,3574,5227,-31.6,-13.7,,,,,
Tíjola,Almería,04092,37.3449275,-2.4391712,3573,3845,-7.1,-2.8,,,,,
Vinalesa,Valencia,46260,39.537576,-0.3706682,3572,2265,57.7,7.9,,,,,
Santa Olalla,Toledo,45158,40.0241663,-4.4282435,3571,2418,47.7,10.9,,,,,
Villaconejos,Madrid,28170,40.1040079,-3.4850284,3569,2909,22.7,6.5,,,,,
Novés,Toledo,45118,40.0465493,-4.2735857,3564,1548,130.2,31.7,,,,,
Artesa de Segre,Lleida,25034,41.8962914,1.0471121,3559,3068,16.0,0.1,,,,,
Tapia de Casariego,Asturias,33070,43.5696062,-6.9439223,3538,4455,-20.6,-8.7,,,,,
Pantoja,Toledo,45128,40.0454287,-3.8354787,3536,2282,55.0,6.0,,,,,
Cariñena,Zaragoza,50073,41.3382122,-1.2263149,3530,2852,23.8,4.3,,,,,
Porzuna,Ciudad Real,13065,39.1467218,-4.153826,3529,3970,-11.1,-3.6,,,,,
Daimús,Valencia,46113,38.9687811,-0.1534297,3524,1389,153.7,15.2,,,,,
Albalat de la Ribera,Valencia,46008,39.2012627,-0.3866468,3523,3473,1.4,2.7,,,,,
Arjonilla,Jaén,23007,37.9740992,-4.1068464,3520,4072,-13.6,-4.7,,,,,
"Villa de Don Fadrique, La",Toledo,45186,39.6180333,-3.2182294,3519,4155,-15.3,-8.7,,,,,
Moclín,Granada,18132,37.3402105,-3.7858164,3503,4742,-26.1,-9.8,,,,,
Aldea del Fresno,Madrid,28008,40.3248115,-4.2036008,3503,1236,183.4,35.6,,,,,
Lopera,Jaén,23056,37.9455526,-4.2142298,3502,4004,-12.5,-6.4,,,,,
San Mateo de Gállego,Zaragoza,50235,41.8316282,-0.7656157,3489,2031,71.8,14.0,,,,,
Sant Martí Sarroca,Barcelona,08227,41.3854214,1.6108158,3485,2486,40.2,12.5,,,,,
Cañada Rosal,Sevilla,41901,37.5976936,-5.2104153,3481,2904,19.9,5.4,,,,,
Oyón-Oion,Álava,01043,42.506553,-2.4357886,3476,2242,55.0,4.5,,,,,
Cabanes,Castellón,12033,40.1564567,0.0437829,3475,2364,47.0,17.2,,,,,
Antas,Almería,04016,37.2452206,-1.9181629,3472,2659,30.6,9.9,,,,,
"Saviñao, O",Lugo,27058,42.5848708,-7.6399065,3470,5373,-35.4,-11.6,,,,,
Villanueva del Rosario,Málaga,29096,36.998599,-4.3660482,3470,3270,6.1,0.1,,,,,
Valdepeñas de Jaén,Jaén,23093,37.5899962,-3.8153262,3469,4560,-23.9,-11.3,,,,,
Camarles,Tarragona,43903,40.7735425,0.6738724,3465,2953,17.3,3.5,,,,,
Tamarite de Litera,Huesca,22225,41.8675034,0.421573,3464,3867,-10.4,-1.2,,,,,
Barcarrota,Badajoz,06016,38.5163049,-6.8492276,3456,3938,-12.2,-4.6,,,,,
Juneda,Lleida,25119,41.5485218,0.8245593,3453,2996,15.3,3.3,,,,,
Zamudio,Bizkaia,48905,43.2827605,-2.8623645,3442,3053,12.7,5.4,,,,,
"Pobla de Montornès, La",Tarragona,43111,41.1784822,1.4142074,3440,1115,208.5,22.6,,,,,
Pedrajas de San Esteban,Valladolid,47112,41.3419664,-4.5807181,3434,3215,6.8,2.9,,,,,
Carracedelo,León,24038,42.5572411,-6.7289709,3423,3533,-3.1,-2.8,,,,,
Pepino,Toledo,45132,40.0326263,-4.8024429,3421,787,334.7,22.1,,,,,
"Jonquera, La",Girona,17086,42.4207991,2.8728485,3420,2384,43.5,5.8,,,,,
Navas del Rey,Madrid,28099,40.3863666,-4.2508402,3420,1440,137.5,28.6,,,,,
Sierra de Yeguas,Málaga,29088,37.1244511,-4.8685532,3418,3203,6.7,1.4,,,,,
Rosselló,Lleida,25189,41.694083,0.5962386,3416,1733,97.1,12.8,,,,,
Mojados,Valladolid,47090,41.4305877,-4.664366,3415,2423,40.9,5.7,,,,,
Sant Joan de les Abadesses,Girona,17167,42.233743,2.2854845,3404,3794,-10.3,1.9,,,,,
Uceda,Guadalajara,19293,40.8432607,-3.4635907,3400,791,329.8,30.9,,,,,
Graus,Huesca,22117,42.1904249,0.3389797,3400,3300,3.0,2.1,,,,,
Cànoves i Samalús,Barcelona,08042,41.6938406,2.3528441,3399,1552,119.0,18.3,,,,,
Banyeres del Penedès,Tarragona,43020,41.2791532,1.5813324,3395,1524,122.8,9.8,,,,,
Lucena del Puerto,Huelva,21046,37.3035671,-6.7284528,3390,2180,55.5,7.8,,,,,
Huévar del Aljarafe,Sevilla,41051,37.3558683,-6.2779814,3388,2308,46.8,19.5,,,,,
Rus,Jaén,23074,38.0476731,-3.461804,3386,3773,-10.3,-7.7,,,,,
Herrera del Duque,Badajoz,06063,39.1676109,-5.0504659,3385,4060,-16.6,-6.3,,,,,
Frigiliana,Málaga,29053,36.7909126,-3.8953919,3383,2149,57.4,11.3,,,,,
Paterna del Campo,Huelva,21056,37.4188311,-6.4025477,3382,3883,-12.9,-3.0,,,,,
Benalúa,Granada,18027,37.35113,-3.1636896,3381,3357,0.7,3.2,,,,,
Balsareny,Barcelona,08018,41.8631839,1.8755997,3380,3304,2.3,2.9,,,,,
Hornachos,Badajoz,06069,38.5556712,-6.0680807,3375,3731,-9.5,-9.0,,,,,
Humilladero,Málaga,29059,37.1134101,-4.7031305,3373,2514,34.2,1.9,,,,,
Cadalso de los Vidrios,Madrid,28031,40.3014283,-4.4408876,3372,2217,52.1,20.9,,,,,
Zalamea de la Serena,Badajoz,06160,38.6495978,-5.6592697,3371,5063,-33.4,-10.1,,,,,
Almenar,Lleida,25021,41.7961026,0.5688317,3369,3439,-2.0,-3.8,,,,,
Periana,Málaga,29079,36.9286023,-4.1908814,3367,3466,-2.9,6.9,,,,,
"Corgo, O",Lugo,27014,42.9428295,-7.4298314,3366,4556,-26.1,-6.0,,,,,
Caldes d'Estrac,Barcelona,08032,41.5719788,2.5277607,3356,1751,91.7,21.3,,,,,
Munera,Albacete,02053,39.0417625,-2.4800931,3351,4168,-19.6,-7.6,,,,,
Móra la Nova,Tarragona,43094,41.1005287,0.6517231,3350,2683,24.9,7.9,,,,,
Cebreros,Ávila,05057,40.4551504,-4.4651595,3345,3483,-4.0,4.9,,,,,
"Masies de Voltregà, Les",Barcelona,08117,42.0267288,2.2347147,3345,2585,29.4,5.5,,,,,
Touro,A Coruña,15085,42.8672029,-8.3038132,3342,5126,-34.8,-9.7,,,,,
Flix,Tarragona,43060,41.2340447,0.5560861,3340,4372,-23.6,-9.2,,,,,
"Zarza, La",Badajoz,06162,38.8176983,-6.2175747,3339,3688,-9.5,-5.7,,,,,
Sant Julià de Vilatorta,Barcelona,08220,41.9219404,2.3240651,3323,2063,61.1,6.7,,,,,
Coaña,Asturias,33018,43.5143163,-6.752176,3321,3846,-13.7,-2.4,,,,,
Jamilena,Jaén,23051,37.7467038,-3.9124504,3319,3306,0.4,-1.7,,,,,
Terradillos,Salamanca,37322,40.8389232,-5.5411976,3314,2842,16.6,7.3,,,,,
Navacerrada,Madrid,28093,40.7287926,-4.0151676,3311,1778,86.2,14.8,,,,,
Simat de la Valldigna,Valencia,46231,39.0435012,-0.3114531,3311,3114,6.3,-0.9,,,,,
Villalba del Alcor,Huelva,21074,37.3967946,-6.475054,3303,3618,-8.7,-0.2,,,,,
Mondoñedo,Lugo,27030,43.4296687,-7.3638814,3303,5398,-38.8,-13.5,,,,,
Vilobí d'Onyar,Girona,17233,41.8882291,2.7423246,3297,2141,54.0,4.2,,,,,
Villanueva de la Concepción,Málaga,29902,36.9318977,-4.5304501,3296,,,-0.2,,,,,
Castañeda,Cantabria,39019,43.309977,-3.9302223,3290,1566,110.1,22.4,,,,,
Montuïri,Baleares,07038,39.5672471,2.9813248,3289,2190,50.2,14.0,,,,,
Valdilecha,Madrid,28165,40.2926854,-3.3002096,3289,1797,83.0,19.6,,,,,
Subirats,Barcelona,08273,41.3832975,1.7961019,3288,2307,42.5,9.7,,,,,
Cabanas,A Coruña,15015,43.4186891,-8.1609242,3287,3226,1.9,0.9,,,,,
"Rubio, El",Sevilla,41084,37.3540761,-4.9898773,3287,3702,-11.2,-6.0,,,,,
Molina de Aragón,Guadalajara,19190,40.8440751,-1.888874,3281,3529,-7.0,-3.6,,,,,
Fuenmayor,La Rioja,26064,42.4670856,-2.5614574,3281,2120,54.8,5.6,,,,,
Catoira,Pontevedra,36010,42.6672017,-8.7218548,3274,3612,-9.4,-3.0,,,,,
Cebolla,Toledo,45046,39.9470727,-4.5726539,3270,2810,16.4,-5.1,,,,,
"Vall d'en Bas, La",Girona,17207,42.1184367,2.4577552,3269,2542,28.6,9.6,,,,,
Xove,Lugo,27025,43.6851765,-7.5115144,3269,3613,-9.5,-3.2,,,,,
Corbera,Valencia,46098,39.1580768,-0.3540631,3266,3148,3.7,1.8,,,,,
Alcolea del Río,Sevilla,41006,37.6145948,-5.6684391,3265,3398,-3.9,-3.9,,,,,
Vallgorguina,Barcelona,08294,41.6473229,2.5100384,3261,1065,206.2,17.6,,,,,
Perales de Tajuña,Madrid,28110,40.2325861,-3.3506711,3260,1991,63.7,16.5,,,,,
"Hostalets de Pierola, Els",Barcelona,08162,41.5340164,1.7692703,3258,1138,186.3,12.7,,,,,
Talarrubias,Badajoz,06127,39.03702,-5.2335687,3251,3751,-13.3,-7.9,,,,,
Monistrol de Montserrat,Barcelona,08127,41.6105028,1.8452698,3250,2508,29.6,13.4,,,,,
Villanueva del Fresno,Badajoz,06154,38.3753938,-7.1656367,3247,3449,-5.9,-6.3,,,,,
Alcorisa,Teruel,44014,40.8917054,-0.3821184,3243,3316,-2.2,-2.5,,,,,
Campdevànol,Girona,17036,42.2232315,2.1689692,3241,3347,-3.2,-2.2,,,,,
Carrión de Calatrava,Ciudad Real,13031,39.0183225,-3.8168257,3239,2620,23.6,5.6,,,,,
"Baña, A",A Coruña,15007,42.9620642,-8.7579812,3239,5836,-44.5,-11.1,,,,,
Petra,Baleares,07041,39.6134574,3.1128071,3231,2592,24.7,16.5,,,,,
Coles,Ourense,32026,42.4126434,-7.8378946,3228,3082,4.7,3.3,,,,,
Palas de Rei,Lugo,27040,42.8739125,-7.8697964,3227,4537,-28.9,-9.2,,,,,
Pedralba,Valencia,46191,39.6053522,-0.7260062,3225,2099,53.6,14.6,,,,,
Albaida del Aljarafe,Sevilla,41003,37.425499,-6.1650572,3220,1841,74.9,2.7,,,,,
Vall d'Alba,Castellón,12124,40.1758674,-0.0351001,3218,1853,73.7,14.6,,,,,
Moraleda de Zafayona,Granada,18138,37.170001,-3.9651417,3214,2724,18.0,0.8,,,,,
Torrenueva Costa,Granada,18916,36.7017924,-3.485808,3207,,,,,,,,
Castropol,Asturias,33017,43.5276581,-7.0300508,3202,4547,-29.6,-10.4,,,,,
Benamocarra,Málaga,29027,36.7912509,-4.1616514,3200,2779,15.1,6.7,,,,,
Chilches/Xilxes,Castellón,12053,39.782029,-0.1876251,3199,2216,44.4,19.5,,,,,
Pelayos de la Presa,Madrid,28109,40.3605272,-4.3334254,3195,1198,166.7,29.3,,,,,
Casasimarro,Cuenca,16066,39.3946426,-2.0385536,3177,3049,4.2,2.1,,,,,
Espejo,Córdoba,14025,37.678932,-4.5537827,3175,4065,-21.9,-6.9,,,,,
Navalagamella,Madrid,28095,40.4690591,-4.1227079,3169,939,237.5,30.8,,,,,
Sant Joan les Fonts,Girona,17185,42.2132951,2.5134302,3167,2745,15.4,9.0,,,,,
Cortes,Navarra,31078,41.9235302,-1.4206848,3165,3196,-1.0,0.1,,,,,
Villafranca,Navarra,31254,42.2774311,-1.7471458,3163,2515,25.8,11.0,,,,,
San Cristóbal de Segovia,Segovia,40906,40.9525311,-4.0785764,3161,,,5.7,,,,,
Montbrió del Camp,Tarragona,43088,41.1200937,1.0057341,3157,1413,123.4,13.6,,,,,
Casinos,Valencia,46089,39.6995635,-0.7073505,3153,2292,37.6,13.3,,,,,
Tordoia,A Coruña,15084,43.0902545,-8.5503495,3152,5334,-40.9,-10.5,,,,,
Piles,Valencia,46195,38.9407693,-0.1325845,3151,1956,61.1,14.3,,,,,
Gandesa,Tarragona,43064,41.0520413,0.4388956,3150,2668,18.1,5.0,,,,,
Castellanos de Moriscos,Salamanca,37092,41.018499,-5.5901998,3149,377,735.3,30.2,,,,,
Castellar,Jaén,23025,38.251697,-3.1314863,3147,3695,-14.8,-7.7,,,,,
Fasnia,Santa Cruz de Tenerife,38012,28.2356006,-16.4393504,3145,2434,29.2,13.0,,,,,
Colunga,Asturias,33019,43.4851194,-5.2706728,3143,4681,-32.9,-9.9,,,,,
"Pobla de Segur, La",Lleida,25171,42.2473665,0.9672725,3143,2997,4.9,5.7,,,,,
Miramar,Valencia,46168,38.9505154,-0.1415109,3143,1064,195.4,20.5,,,,,
Ágreda,Soria,42004,41.8548465,-1.9214614,3133,3521,-11.0,4.2,,,,,
Gádor,Almería,04047,36.9530744,-2.491623,3130,2596,20.6,3.3,,,,,
Ribera del Fresno,Badajoz,06113,38.552148,-6.2386548,3130,3443,-9.1,-9.2,,,,,
Horche,Guadalajara,19143,40.5655103,-3.0641857,3119,1375,126.8,22.8,,,,,
"Gallardos, Los",Almería,04048,37.1675863,-1.9394052,3110,1761,76.6,8.5,,,,,
Vélez de Benaudalla,Granada,18184,36.8323233,-3.5157759,3108,2688,15.6,8.1,,,,,
Xaló,Alicante,03081,38.7408285,-0.0116019,3104,2011,54.4,17.2,,,,,
Sant Esteve de Palautordera,Barcelona,08207,41.7040768,2.4343426,3099,1282,141.7,19.2,,,,,
Ramales de la Victoria,Cantabria,39057,43.257411,-3.4646482,3099,2284,35.7,9.6,,,,,
Belalcázar,Córdoba,14008,38.575186,-5.1669539,3093,3943,-21.6,-8.8,,,,,
Vallada,Valencia,46251,38.8959364,-0.6890986,3091,3089,0.1,0.1,,,,,
Golmayo,Soria,42095,41.766367,-2.5228703,3085,595,418.5,22.5,,,,,
Aoiz/Agoitz,Navarra,31019,42.7862771,-1.3694757,3083,1848,66.8,20.2,,,,,
Pontecesures,Pontevedra,36044,42.7200755,-8.6497571,3076,2881,6.8,1.2,,,,,
"Fonsagrada, A",Lugo,27018,43.1248311,-7.0676605,3073,5948,-48.3,-18.4,,,,,
Puebla de Guzmán,Huelva,21058,37.6128869,-7.2488901,3071,3275,-6.2,-2.1,,,,,
Utrillas,Teruel,44238,40.8127979,-0.8438735,3069,3343,-8.2,0.4,,,,,
Torralba de Calatrava,Ciudad Real,13083,39.0170808,-3.7502053,3068,2993,2.5,1.4,,,,,
Forcarei,Pontevedra,36018,42.5900309,-8.3509643,3067,5301,-42.1,-15.3,,,,,
Zaldibar,Bizkaia,48095,43.1697719,-2.548773,3066,3050,0.5,-0.7,,,,,
Oia,Pontevedra,36036,42.001813,-8.8747237,3062,3156,-3.0,2.0,,,,,
Navarrete,La Rioja,26105,42.4289697,-2.5616234,3061,2028,50.9,4.9,,,,,
Alguaire,Lleida,25016,41.7361463,0.585933,3060,2825,8.3,1.8,,,,,
Zurgena,Almería,04103,37.3421871,-2.0393486,3059,2123,44.1,4.1,,,,,
Badolatosa,Sevilla,41014,37.3062674,-4.672493,3058,3173,-3.6,-2.8,,,,,
"Palma de Cervelló, La",Barcelona,08905,41.4119015,1.9701997,3056,,,1.9,,,,,
Lousame,A Coruña,15042,42.785175,-8.8652813,3056,4461,-31.5,-10.9,,,,,
Balanegra,Almería,04904,36.7491562,-2.9105037,3055,,,14.1,,,,,
"Vilavella, la",Castellón,12136,39.8587438,-0.1831882,3054,3413,-10.5,-5.8,,,,,
Cortes de la Frontera,Málaga,29046,36.6170845,-5.3426714,3048,3643,-16.3,-7.0,,,,,
Pazos de Borbén,Pontevedra,36037,42.2930311,-8.5308321,3046,3285,-7.3,1.4,,,,,
Fuente de Piedra,Málaga,29055,37.13528,-4.7298858,3045,2059,47.9,20.6,,,,,
Gálvez,Toledo,45067,39.7005585,-4.2737085,3044,3115,-2.3,-2.9,,,,,
Villaviciosa de Córdoba,Córdoba,14073,38.0756277,-5.0146332,3043,3911,-22.2,-9.8,,,,,
Quiroga,Lugo,27050,42.4751472,-7.2697796,3040,4702,-35.3,-9.4,,,,,
Morales del Vino,Zamora,49127,41.4460546,-5.7324233,3040,1440,111.1,2.5,,,,,
Barreiros,Lugo,27005,43.5416343,-7.2328519,3036,3574,-15.1,2.2,,,,,
Fuensanta de Martos,Jaén,23034,37.6462911,-3.9110221,3030,3391,-10.6,-2.7,,,,,
Navarrés,Valencia,46179,39.1024656,-0.6953201,3027,2772,9.2,-0.9,,,,,
Ricla,Zaragoza,50225,41.5057619,-1.4049228,3019,2043,47.8,-0.3,,,,,
Fuente el Fresno,Ciudad Real,13044,39.2276397,-3.7741252,3011,3486,-13.6,-10.0,,,,,
Leitza,Navarra,31149,43.0806959,-1.9163064,3011,3086,-2.4,5.4,,,,,
Catadau,Valencia,46093,39.2748065,-0.5710963,3005,2189,37.3,9.8,,,,,
Castellvell del Camp,Tarragona,43042,41.1802558,1.0978312,3002,1069,180.8,5.3,,,,,
Poblete,Ciudad Real,13064,38.9351817,-3.9812082,2998,762,293.4,26.7,,,,,
Santa María del Páramo,León,24157,42.3535304,-5.7490409,2994,3151,-5.0,-4.7,,,,,
Alonsotegi,Bizkaia,48912,43.2459197,-2.9884396,2991,2894,3.4,4.7,,,,,
Aroche,Huelva,21008,37.9436167,-6.9539589,2991,3581,-16.5,-5.3,,,,,
Lominchar,Toledo,45085,40.0900948,-3.9665995,2989,1105,170.5,26.4,,,,,
Trazo,A Coruña,15086,43.027659,-8.5159336,2986,3956,-24.5,-6.4,,,,,
Castellar de la Frontera,Cádiz,11013,36.2867644,-5.4197113,2984,2388,25.0,-2.2,,,,,
Monda,Málaga,29073,36.6296973,-4.8318229,2984,1620,84.2,24.3,,,,,
Zizurkil,Gipuzkoa,20028,43.1992503,-2.0741092,2976,2684,10.9,-0.7,,,,,
Puente la Reina/Gares,Navarra,31206,42.6717107,-1.8155291,2972,2120,40.2,5.9,,,,,
Voto,Cantabria,39102,43.3547822,-3.4968286,2971,2310,28.6,9.0,,,,,
Calatorao,Zaragoza,50068,41.5222363,-1.3464441,2970,2692,10.3,5.0,,,,,
Zalamea la Real,Huelva,21078,37.6793659,-6.6605705,2968,3545,-16.3,-6.6,,,,,
Villanueva de los Castillejos,Huelva,21076,37.4992023,-7.2724576,2967,2684,10.5,8.0,,,,,
Tielmes,Madrid,28146,40.2466579,-3.31377,2964,1973,50.2,13.1,,,,,
Villatobas,Toledo,45198,39.9018494,-3.3239156,2964,2280,30.0,21.8,,,,,
San Esteban de Gormaz,Soria,42162,41.574307,-3.2041516,2962,3426,-13.5,-2.7,,,,,
Alegría-Dulantzi,Álava,01001,42.841519,-2.5120525,2955,1234,139.5,3.5,,,,,
Mallén,Zaragoza,50160,41.9046128,-1.4205413,2951,2963,-0.4,-7.4,,,,,
"Puebla de los Infantes, La",Sevilla,41078,37.7807467,-5.3893743,2949,3591,-17.9,-4.0,,,,,
"Perelló, El",Tarragona,43104,40.8754052,0.7123762,2948,2152,37.0,1.6,,,,,
Villanueva de la Reina,Jaén,23096,38.0051678,-3.9146981,2941,3301,-10.9,-6.7,,,,,
Burguillos del Cerro,Badajoz,06022,38.3798701,-6.5907481,2940,3406,-13.7,-6.1,,,,,
Villablanca,Huelva,21073,37.3028005,-7.3423138,2939,2072,41.8,4.9,,,,,
Marcilla,Navarra,31163,42.3258784,-1.7380991,2938,2384,23.2,4.1,,,,,
Vallehermoso,Santa Cruz de Tenerife,38050,28.1798679,-17.2646825,2938,2716,8.2,-1.4,,,,,
Andosilla,Navarra,31015,42.3776047,-1.9434186,2925,2511,16.5,5.5,,,,,
Ayala/Aiara,Álava,01010,43.0775238,-3.0435683,2921,2008,45.5,-0.8,,,,,
Cadaqués,Girona,17032,42.2893484,3.2752159,2918,1852,57.6,2.9,,,,,
Mondéjar,Guadalajara,19192,40.3227559,-3.1096182,2918,2114,38.0,12.3,,,,,
Esteribar,Navarra,31098,42.9305828,-1.5043222,2918,1475,97.8,12.7,,,,,
Güéjar Sierra,Granada,18094,37.15984,-3.4386253,2915,2713,7.4,0.2,,,,,
Villanueva de Alcardete,Toledo,45192,39.6717245,-3.0152647,2910,3313,-12.2,-15.7,,,,,
Begíjar,Jaén,23014,37.9853073,-3.5342046,2908,3111,-6.5,-6.3,,,,,
Villanubla,Valladolid,47217,41.6987674,-4.8419751,2903,928,212.8,11.0,,,,,
Villamanta,Madrid,28174,40.2990939,-4.1090399,2899,1499,93.4,16.1,,,,,
Velada,Toledo,45181,39.9790715,-4.9779461,2899,2373,22.2,0.3,,,,,
Jarandilla de la Vera,Cáceres,10105,40.1282875,-5.6587,2894,3325,-13.0,-1.7,,,,,
Puente Viesgo,Cantabria,39056,43.2989919,-3.9649215,2893,2308,25.3,0.6,,,,,
Falset,Tarragona,43055,41.1450982,0.8196237,2890,2504,15.4,2.0,,,,,
"Cabrera, La",Madrid,28030,40.8651738,-3.6125468,2889,1337,116.1,12.9,,,,,
Getaria,Gipuzkoa,20039,43.3044559,-2.2037374,2887,2397,20.4,2.4,,,,,
Begonte,Lugo,27007,43.150149,-7.6851632,2886,4084,-29.3,-7.4,,,,,
Laxe,A Coruña,15040,43.2219125,-9.0059393,2883,3616,-20.3,-8.4,,,,,
Caparroso,Navarra,31065,42.3395614,-1.6543719,2882,2331,23.6,7.7,,,,,
Maceda,Ourense,32043,42.2708159,-7.6508391,2874,3467,-17.1,-2.2,,,,,
Bustarviejo,Madrid,28028,40.8587766,-3.7097632,2870,1345,113.4,21.1,,,,,
"Santos de la Humosa, Los",Madrid,28137,40.5012957,-3.2566803,2867,918,212.3,17.7,,,,,
Campanet,Baleares,07012,39.7750599,2.9651254,2859,2255,26.8,14.0,,,,,
Bakio,Bizkaia,48012,43.4204089,-2.8136915,2857,1389,105.7,9.7,,,,,
Cistierna,León,24056,42.8031437,-5.1255957,2857,4509,-36.6,-13.2,,,,,
Villarejo de Órbigo,León,24223,42.445501,-5.9040383,2856,3616,-21.0,-6.7,,,,,
"Adrada, La",Ávila,05002,40.301291,-4.6359535,2853,2003,42.4,8.9,,,,,
Saldaña,Palencia,34157,42.5227119,-4.7364391,2844,3183,-10.7,-8.4,,,,,
Castilleja de Guzmán,Sevilla,41028,37.4084162,-6.0573214,2843,692,310.8,-0.5,,,,,
Villamayor de Gállego,Zaragoza,50903,41.6857456,-0.7740328,2841,,,3.2,,,,,
Riogordo,Málaga,29083,36.9152823,-4.2934765,2839,2662,6.6,1.0,,,,,
Grijota,Palencia,34079,42.0524901,-4.5822734,2839,794,257.6,30.4,,,,,
Becerreá,Lugo,27006,42.8544959,-7.1616043,2836,3897,-27.2,-2.9,,,,,
Belmez,Córdoba,14009,38.272413,-5.2078919,2833,4115,-31.2,-7.5,,,,,
"Pola de Gordón, La",León,24114,42.8549855,-5.6725955,2833,5471,-48.2,-18.8,,,,,
Toreno,León,24169,42.6965966,-6.5127579,2833,4481,-36.8,-14.3,,,,,
Pegalajar,Jaén,23067,37.7400607,-3.6450264,2830,3136,-9.8,-4.6,,,,,
Yunquera,Málaga,29100,36.7346372,-4.9205956,2828,3274,-13.6,-4.1,,,,,
Gerindote,Toledo,45069,39.9659893,-4.3042,2828,1864,51.7,18.6,,,,,
Brihuega,Guadalajara,19053,40.7592489,-2.8703477,2826,3101,-8.9,14.1,,,,,
"Genovés, el",Valencia,46132,38.9884181,-0.4704196,2822,2314,22.0,0.5,,,,,
Sopuerta,Bizkaia,48086,43.26157,-3.1538853,2820,2268,24.3,8.7,,,,,
Sant Jaume dels Domenys,Tarragona,43137,41.2988526,1.5601007,2819,1287,119.0,10.9,,,,,
Fornells de la Selva,Girona,17073,41.9319675,2.8090343,2818,1308,115.4,10.6,,,,,
Nava de la Asunción,Segovia,40138,41.1555121,-4.4878095,2806,2692,4.2,-1.5,,,,,
Alfarràs,Lleida,25013,41.8319289,0.5703358,2805,2947,-4.8,-4.0,,,,,
Galápagos,Guadalajara,19126,40.6965656,-3.3379649,2802,230,1118.3,17.0,,,,,
Casarabonela,Málaga,29040,36.7852106,-4.8430732,2800,2600,7.7,8.8,,,,,
Losar de la Vera,Cáceres,10110,40.1219442,-5.6069514,2799,3114,-10.1,-0.5,,,,,
Luque,Córdoba,14039,37.5586671,-4.2786296,2796,3422,-18.3,-9.0,,,,,
Santa Coloma de Queralt,Tarragona,43139,41.5320987,1.3884221,2795,2518,11.0,2.5,,,,,
Pedro Abad,Córdoba,14050,37.9662785,-4.45529,2794,2889,-3.3,-3.8,,,,,
"Pastoriza, A",Lugo,27044,43.3000026,-7.3511022,2794,4197,-33.4,-13.0,,,,,
Llombai,Valencia,46156,39.2816214,-0.5731796,2791,2220,25.7,1.4,,,,,
Puntallana,Santa Cruz de Tenerife,38030,28.7379673,-17.7465582,2790,2201,26.8,16.9,,,,,
"Tanque, El",Santa Cruz de Tenerife,38044,28.356273,-16.779809,2787,3247,-14.2,4.9,,,,,
Illueca,Zaragoza,50126,41.5378003,-1.6279933,2782,3282,-15.2,-10.5,,,,,
Vallromanes,Barcelona,08296,41.5323208,2.2989347,2778,1079,157.5,10.0,,,,,
Castellet i la Gornal,Barcelona,08058,41.2532183,1.5917346,2776,1241,123.7,26.6,,,,,
Favara,Valencia,46123,39.1273559,-0.2916155,2776,1726,60.8,12.5,,,,,
Val de San Vicente,Cantabria,39095,43.3749469,-4.4871637,2775,2536,9.4,0.4,,,,,
Ibros,Jaén,23046,38.020922,-3.501422,2773,3158,-12.2,-6.2,,,,,
Maside,Ourense,32045,42.4121455,-8.0261462,2768,3473,-20.3,-1.8,,,,,
Zahínos,Badajoz,06159,38.330536,-6.9546662,2766,3211,-13.9,-1.3,,,,,
Cañete de las Torres,Córdoba,14014,37.8666708,-4.3184903,2766,3420,-19.1,-7.6,,,,,
Linyola,Lleida,25122,41.7104501,0.9037626,2762,2385,15.8,4.2,,,,,
Prats de Lluçanès,Barcelona,08171,42.0085421,2.0298689,2761,2790,-1.0,7.6,,,,,
"Poblets, els",Alicante,03901,38.8492741,0.0177943,2757,1191,131.5,-15.1,,,,,
Lobón,Badajoz,06072,38.8468651,-6.6251302,2756,2718,1.4,-2.4,,,,,
Castellterçol,Barcelona,08064,41.7503071,2.1230793,2754,1970,39.8,17.1,,,,,
Aldeanueva de Ebro,La Rioja,26008,42.2293469,-1.8880858,2753,2523,9.1,0.3,,,,,
"Burgo de Ebro, El",Zaragoza,50062,41.5722233,-0.74244,2750,1447,90.0,15.4,,,,,
Calañas,Huelva,21017,37.6545062,-6.8786335,2749,4974,-44.7,-34.9,,,,,
Portas,Pontevedra,36040,42.5805623,-8.6567438,2748,3231,-14.9,-10.1,,,,,
Torrelles de Foix,Barcelona,08288,41.387735,1.5723453,2746,1603,71.3,24.8,,,,,
Valdelacalzada,Badajoz,06901,38.8900118,-6.7011669,2743,2580,6.3,-1.4,,,,,
Torrejoncillo,Cáceres,10189,39.8965404,-6.466299,2743,3671,-25.3,-12.0,,,,,
Alberite,La Rioja,26006,42.4060734,-2.4392907,2743,1985,38.2,13.1,,,,,
Gurb,Barcelona,08100,41.9409869,2.2433019,2741,1823,50.4,7.1,,,,,
"Fondó de les Neus, el/Hondón de las Nieves",Alicante,03077,38.3084479,-0.8520387,2738,1587,72.5,9.8,,,,,
San Sadurniño,A Coruña,15076,43.5324161,-8.0720799,2738,3504,-21.9,-7.0,,,,,
San Martín del Tesorillo,Cádiz,11903,36.3411723,-5.320496,2735,,,,,,,,
Calldetenes,Barcelona,08037,41.9257651,2.2834318,2733,1802,51.7,13.0,,,,,
Tijarafe,Santa Cruz de Tenerife,38047,28.711103,-17.9552599,2733,2658,2.8,6.1,,,,,
"Romana, la",Alicante,03114,38.3672767,-0.8968792,2729,2005,36.1,13.2,,,,,
Granja de Rocamora,Alicante,03074,38.1506475,-0.8899808,2728,2076,31.4,10.8,,,,,
Güevéjar,Granada,18095,37.2570604,-3.597654,2723,1502,81.3,7.2,,,,,
"Real de Gandia, el",Valencia,46211,38.9482364,-0.1915574,2722,1802,51.1,19.1,,,,,
Lesaka,Navarra,31153,43.2471212,-1.7043191,2721,2728,-0.3,-0.4,,,,,
Cobeja,Toledo,45051,40.0235161,-3.8581058,2719,1739,56.4,23.5,,,,,
Albinyana,Tarragona,43002,41.2454739,1.486748,2718,1077,152.4,18.0,,,,,
Dumbría,A Coruña,15034,43.0104042,-9.1179528,2716,4928,-44.9,-12.0,,,,,
Massalfassar,Valencia,46163,39.5579365,-0.3258587,2716,1364,99.1,9.9,,,,,
Karrantza Harana/Valle de Carranza,Bizkaia,48022,43.2239969,-3.3602446,2715,3147,-13.7,-0.5,,,,,
Viana do Bolo,Ourense,32086,42.1804504,-7.1131809,2715,4389,-38.1,-9.0,,,,,
Chapinería,Madrid,28051,40.379164,-4.2097254,2705,1145,136.2,22.2,,,,,
Pozo Cañada,Albacete,02901,38.8028984,-1.7346942,2704,,,-3.4,,,,,
Guarromán,Jaén,23039,38.1837551,-3.6855149,2703,2874,-5.9,-5.5,,,,,
Cella,Teruel,44076,40.4544298,-1.2859865,2702,3030,-10.8,1.1,,,,,
Chozas de Abajo,León,24065,42.5069416,-5.6868872,2699,2203,22.5,6.8,,,,,
Molvízar,Granada,18133,36.7867828,-3.6075296,2689,2640,1.9,-6.7,,,,,
Villarta de San Juan,Ciudad Real,13097,39.2383954,-3.4235166,2681,2997,-10.5,-7.8,,,,,
Villasequilla,Toledo,45197,39.8762661,-3.7310065,2673,2381,12.3,6.8,,,,,
Alcaucín,Málaga,29002,36.9025563,-4.1140053,2671,1484,80.0,17.6,,,,,
Orozko,Bizkaia,48075,43.1073621,-2.9120786,2666,1888,41.2,2.3,,,,,
Almoines,Valencia,46034,38.9435394,-0.1817019,2664,1759,51.4,14.7,,,,,
Aldeatejada,Salamanca,37023,40.9249715,-5.6910803,2662,588,352.7,45.6,,,,,
Noja,Cantabria,39047,43.4813309,-3.5210066,2661,1876,41.8,3.9,,,,,
Mediona,Barcelona,08122,41.4791553,1.6096482,2658,1248,113.0,16.5,,,,,
Ablitas,Navarra,31006,41.9732671,-1.6395971,2657,2231,19.1,6.5,,,,,
"Gineta, La",Albacete,02035,39.1152257,-1.9962065,2656,2083,27.5,5.9,,,,,
Zújar,Granada,18194,37.5414741,-2.8416795,2655,2933,-9.5,-0.9,,,,,
Cambil,Jaén,23018,37.6768457,-3.5649212,2654,3297,-19.5,-5.3,,,,,
Ponts,Lleida,25172,41.9154944,1.1863072,2653,2292,15.8,0.6,,,,,
Carrión de los Céspedes,Sevilla,41025,37.368131,-6.32942,2647,2257,17.3,3.9,,,,,
"Bonillo, El",Albacete,02019,38.9493033,-2.5390599,2645,3333,-20.6,-8.4,,,,,
Torrenueva,Ciudad Real,13085,38.6397821,-3.3648129,2645,3231,-18.1,-6.2,,,,,
Gallur,Zaragoza,50118,41.8690263,-1.3182962,2642,2992,-11.7,0.5,,,,,
Orgaz,Toledo,45124,39.6486431,-3.8746954,2639,2670,-1.2,-2.5,,,,,
Guaro,Málaga,29058,36.6561223,-4.834406,2638,2011,31.2,28.9,,,,,
Puebla de Sancho Pérez,Badajoz,06108,38.3960293,-6.399336,2634,3053,-13.7,-4.5,,,,,
Setenil de las Bodegas,Cádiz,11034,36.8621836,-5.1787,2634,3138,-16.1,-6.2,,,,,
Fontanar,Guadalajara,19117,40.7260993,-3.1755311,2630,902,191.6,13.0,,,,,
Lerma,Burgos,09194,42.0262334,-3.7559335,2629,2495,5.4,-0.9,,,,,
Santiago-Pontones,Jaén,23904,38.1112962,-2.5513193,2629,5021,-47.6,-18.6,,,,,
Sant Llorenç d'Hortons,Barcelona,08222,41.4679645,1.824028,2627,1301,101.9,2.5,,,,,
Martín de la Jara,Sevilla,41062,37.1078449,-4.963621,2627,2819,-6.8,-3.9,,,,,
Venturada,Madrid,28169,40.7984762,-3.6207276,2622,539,386.5,30.2,,,,,
Taboada,Lugo,27060,42.7156699,-7.7629848,2617,4503,-41.9,-10.6,,,,,
Deifontes,Granada,18066,37.3263415,-3.5946529,2612,2539,2.9,-0.4,,,,,
Dueñas,Palencia,34069,41.87652,-4.5462804,2605,2985,-12.7,-3.4,,,,,
Arbo,Pontevedra,36001,42.1110859,-8.3130145,2603,5019,-48.1,-6.0,,,,,
Anna,Valencia,46039,39.0204311,-0.6461361,2600,2637,-1.4,-2.9,,,,,
Sant Pere de Torelló,Barcelona,08233,42.0754755,2.2955862,2596,2135,21.6,7.0,,,,,
Besalú,Girona,17019,42.1986443,2.6959559,2592,2031,27.6,6.3,,,,,
Villafranca del Bierzo,León,24209,42.605583,-6.8111675,2591,4130,-37.3,-17.8,,,,,
Aitona,Lleida,25038,41.4939531,0.4591083,2591,2183,18.7,2.7,,,,,
Llubí,Baleares,07030,39.7003358,3.0042475,2589,1904,36.0,20.0,,,,,
Dodro,A Coruña,15033,42.7158769,-8.7030569,2589,3404,-23.9,-9.3,,,,,
Ayegui/Aiegi,Navarra,31041,42.6588276,-2.0369908,2589,849,204.9,15.5,,,,,
Sant Llorenç Savall,Barcelona,08223,41.6794647,2.0579669,2587,2037,27.0,8.9,,,,,
Oropesa,Toledo,45125,39.917226,-5.1747521,2587,2834,-8.7,-5.7,,,,,
Villarrubia de Santiago,Toledo,45195,39.9847858,-3.3667545,2583,2922,-11.6,-1.1,,,,,
Salar,Granada,18171,37.1523024,-4.0669535,2582,2753,-6.2,-4.3,,,,,
Orellana la Vieja,Badajoz,06097,39.0054716,-5.5337227,2580,3835,-32.7,-7.7,,,,,
Sant Quintí de Mediona,Barcelona,08236,41.4627909,1.6652161,2580,1568,64.5,21.6,,,,,
Monreal del Campo,Teruel,44153,40.7896541,-1.3529881,2578,2305,11.8,2.1,,,,,
Polinyà de Xúquer,Valencia,46197,39.1957935,-0.3698201,2577,3048,-15.5,4.6,,,,,
Ugíjar,Granada,18182,36.9630727,-3.0530815,2574,2625,-1.9,2.5,,,,,
Camprodon,Girona,17039,42.3127896,2.364926,2570,2308,11.4,15.7,,,,,
Aiguafreda,Barcelona,08014,41.7692525,2.2517162,2569,2090,22.9,4.1,,,,,
Almorox,Toledo,45013,40.2335016,-4.3906553,2569,2219,15.8,14.7,,,,,
Bedmar y Garcíez,Jaén,23902,37.8221501,-3.411775,2567,3234,-20.6,-9.1,,,,,
Sorbas,Almería,04086,37.098183,-2.1239548,2564,2834,-9.5,0.9,,,,,
Marinaleda,Sevilla,41061,37.3733482,-4.9538606,2562,2622,-2.3,-5.5,,,,,
Fresno de Torote,Madrid,28057,40.5922684,-3.4119681,2561,499,413.2,25.3,,,,,
Manuel,Valencia,46160,39.0513265,-0.4909038,2560,2411,6.2,4.1,,,,,
Valderrobres,Teruel,44246,40.873436,0.1550923,2555,1935,32.0,10.6,,,,,
Etxarri Aranatz,Navarra,31084,42.907578,-2.0648822,2551,2372,7.5,3.9,,,,,
Guadalcanal,Sevilla,41048,38.0928826,-5.8176004,2544,3095,-17.8,-6.0,,,,,
Baños de la Encina,Jaén,23011,38.1710134,-3.7744639,2542,2756,-7.8,-3.5,,,,,
Funes,Navarra,31107,42.3140552,-1.8030376,2537,2112,20.1,3.1,,,,,
Ribamontán al Monte,Cantabria,39062,43.4045386,-3.6670989,2535,2045,24.0,13.6,,,,,
Pals,Girona,17124,41.9709891,3.1460371,2534,1770,43.2,4.6,,,,,
Olocau,Valencia,46182,39.7006763,-0.531206,2534,768,229.9,50.4,,,,,
Riudarenes,Girona,17148,41.8218536,2.7163817,2532,1215,108.4,19.4,,,,,
Ardales,Málaga,29018,36.8781793,-4.8468061,2524,3030,-16.7,0.7,,,,,
Solana de los Barros,Badajoz,06126,38.7255355,-6.5382428,2522,2877,-12.3,-6.6,,,,,
Lillo,Toledo,45084,39.7231443,-3.304908,2519,2892,-12.9,-8.5,,,,,
Sant Pere de Riudebitlles,Barcelona,08232,41.4535893,1.7017388,2516,2144,17.4,6.2,,,,,
Valtierra,Navarra,31249,42.1934365,-1.6316492,2505,2459,1.9,3.8,,,,,
Morella,Castellón,12080,40.6188277,-0.0998026,2501,2797,-10.6,-0.1,,,,,
Guntín,Lugo,27023,42.8875095,-7.6943705,2501,3732,-33.0,-11.7,,,,,
Alfoz de Lloredo,Cantabria,39001,43.3785621,-4.1814331,2500,2646,-5.5,1.4,,,,,
Beniarbeig,Alicante,03026,38.8221689,-0.0018612,2499,1208,106.9,30.4,,,,,
"Viso, El",Córdoba,14074,38.4832661,-4.9554413,2499,3208,-22.1,-5.2,,,,,
Real,Valencia,46212,39.3342846,-0.608392,2497,1843,35.5,10.3,,,,,
Guriezo,Cantabria,39030,43.34667,-3.32546,2496,1705,46.4,5.8,,,,,
Vilallonga del Camp,Tarragona,43166,41.2080149,1.2074709,2495,1211,106.0,10.6,,,,,
Láncara,Lugo,27026,42.8651373,-7.445419,2489,3455,-28.0,-7.9,,,,,
Castroverde,Lugo,27011,43.0300837,-7.3268933,2478,3650,-32.1,-9.1,,,,,
Pina de Ebro,Zaragoza,50208,41.4892145,-0.5263539,2478,2187,13.3,1.4,,,,,
Covelo,Pontevedra,36013,42.2320889,-8.363387,2472,4501,-45.1,-2.2,,,,,
Yeste,Albacete,02086,38.3669265,-2.3190394,2471,5014,-50.7,-12.3,,,,,
Tolox,Málaga,29090,36.6874219,-4.9050917,2468,2571,-4.0,17.9,,,,,
Cartelle,Ourense,32020,42.224773,-8.0224961,2466,4073,-39.5,-10.6,,,,,
Menasalbas,Toledo,45098,39.6410143,-4.2836557,2465,2987,-17.5,-11.5,,,,,
Carbonero el Mayor,Segovia,40043,41.1223601,-4.2652816,2463,2349,4.9,-2.6,,,,,
Almudévar,Huesca,22021,42.0419389,-0.5796768,2462,2379,3.5,-0.4,,,,,
Maria de la Salut,Baleares,07035,39.6661106,3.0752319,2461,1763,39.6,18.7,,,,,
Pruna,Sevilla,41076,36.972407,-5.2213568,2461,3475,-29.2,-7.6,,,,,
Morcín,Asturias,33038,43.2808262,-5.8795864,2460,2933,-16.1,-9.1,,,,,
Bellvei,Tarragona,43024,41.2390234,1.5780273,2460,1241,98.2,12.3,,,,,
Urda,Toledo,45177,39.4102779,-3.7167932,2454,3046,-19.4,-9.3,,,,,
Chella,Valencia,46107,39.0419132,-0.6590644,2452,2539,-3.4,-3.1,,,,,
Carabaña,Madrid,28035,40.2566206,-3.2375165,2451,1063,130.6,25.8,,,,,
"Pobla del Duc, la",Valencia,46200,38.9051584,-0.4196606,2451,2490,-1.6,-4.4,,,,,
Paderne,A Coruña,15064,43.2852595,-8.1737954,2450,2802,-12.6,0.2,,,,,
Vinyols i els Arcs,Tarragona,43178,41.1139986,1.0387245,2450,1028,138.3,27.7,,,,,
Benissanó,Valencia,46067,39.6133078,-0.5752895,2449,1672,46.5,10.0,,,,,
Alcuéscar,Cáceres,10010,39.1801212,-6.2284451,2447,3144,-22.2,-10.3,,,,,
Fustiñana,Navarra,31108,42.0212249,-1.4857389,2445,2295,6.5,-2.2,,,,,
Guadiana,Badajoz,06903,38.9285287,-6.6906385,2444,,,-3.9,,,,,
Amoeiro,Ourense,32002,42.4142102,-7.9486807,2443,2291,6.6,7.9,,,,,
Valle de Abdalajís,Málaga,29093,36.9311713,-4.682611,2439,3081,-20.8,-6.3,,,,,
Agullent,Valencia,46004,38.8232056,-0.5475331,2438,2205,10.6,1.8,,,,,
"Lama, A",Pontevedra,36025,42.3961872,-8.4406825,2437,2988,-18.4,-5.8,,,,,
Lezama,Bizkaia,48081,43.2743248,-2.8329246,2430,2057,18.1,1.5,,,,,
Galar,Navarra,31109,42.7537132,-1.6493846,2427,1032,135.2,13.1,,,,,
Llorenç del Penedès,Tarragona,43074,41.2831394,1.5533507,2425,1434,69.1,4.4,,,,,
Alfajarín,Zaragoza,50017,41.6137838,-0.7036902,2423,1450,67.1,5.4,,,,,
Fuente-Álamo,Albacete,02033,38.6930768,-1.4311203,2422,2449,-1.1,-5.9,,,,,
Amer,Girona,17007,42.0092186,2.6030327,2422,2276,6.4,7.2,,,,,
Xeresa,Valencia,46146,39.0101346,-0.2168106,2418,1880,28.6,10.1,,,,,
Cornellà del Terri,Girona,17056,42.0898363,2.8157343,2414,1806,33.7,5.9,,,,,
Castellgalí,Barcelona,08061,41.6732765,1.8378043,2413,782,208.6,21.0,,,,,
Huesa,Jaén,23045,37.7642666,-3.0773233,2411,2764,-12.8,-5.6,,,,,
Purullena,Granada,18167,37.3147739,-3.1892077,2409,2196,9.7,2.2,,,,,
Carcastillo,Navarra,31067,42.3800209,-1.4445327,2408,2670,-9.8,-2.7,,,,,
"Pla de Santa Maria, El",Tarragona,43108,41.3636282,1.2907491,2408,1627,48.0,5.0,,,,,
Fines,Almería,04044,37.360002,-2.2632918,2404,1746,37.7,15.6,,,,,
Monterrei,Ourense,32050,41.9467657,-7.4491474,2403,3563,-32.6,-11.4,,,,,
Orba,Alicante,03097,38.7803753,-0.0638798,2399,1576,52.2,15.1,,,,,
Villanueva de la Jara,Cuenca,16251,39.4399258,-1.9535483,2396,2475,-3.2,5.6,,,,,
Baralla,Lugo,27901,42.8936084,-7.2500667,2396,3488,-31.3,-9.9,,,,,
Rafelguaraf,Valencia,46209,39.0516722,-0.4550355,2395,2478,-3.3,-0.3,,,,,
Falces,Navarra,31104,42.3877644,-1.7938282,2389,2661,-10.2,2.3,,,,,
Minglanilla,Cuenca,16125,39.5346608,-1.5948472,2388,2364,1.0,5.5,,,,,
Dílar,Granada,18068,37.0737362,-3.6010019,2384,1555,53.3,24.8,,,,,
Portillo de Toledo,Toledo,45134,40.0626338,-4.2273404,2384,1933,23.3,10.7,,,,,
Torreblascopedro,Jaén,23085,37.9978262,-3.6352997,2382,3033,-21.5,-10.8,,,,,
"Pont de Suert, El",Lleida,25173,42.4079576,0.7401693,2381,2167,9.9,3.8,,,,,
Sahagún,León,24139,42.3719042,-5.0313138,2380,3298,-27.8,-10.0,,,,,
San Felices de Buelna,Cantabria,39069,43.27491,-4.05026,2379,2230,6.7,-0.1,,,,,
Ajofrín,Toledo,45001,39.7111302,-3.98115,2379,2162,10.0,4.9,,,,,
Portillo,Valladolid,47122,41.4787706,-4.5887736,2377,2562,-7.2,-3.2,,,,,
Fuentidueña de Tajo,Madrid,28060,40.1185446,-3.160254,2372,1398,69.7,22.5,,,,,
Fitero,Navarra,31105,42.0557224,-1.8565659,2370,2083,13.8,18.7,,,,,
Mesía,A Coruña,15047,43.1163295,-8.2435785,2367,3521,-32.8,-12.3,,,,,
Liérganes,Cantabria,39037,43.3457326,-3.7432184,2365,2263,4.5,-0.3,,,,,
Loiu,Bizkaia,48903,43.3130595,-2.9368257,2364,1686,40.2,0.2,,,,,
Bell-lloc d'Urgell,Lleida,25048,41.6306236,0.7785425,2364,2119,11.6,0.6,,,,,
Valdefresno,León,24175,42.5940041,-5.4926699,2362,1608,46.9,9.5,,,,,
Benasque,Huesca,22054,42.6052663,0.5237318,2359,1219,93.5,15.2,,,,,
Benifairó de les Valls,Valencia,46058,39.7277183,-0.2686309,2359,1978,19.3,6.4,,,,,
Balazote,Albacete,02012,38.8850397,-2.1525166,2356,2203,6.9,0.4,,,,,
Zuia,Álava,01063,42.9563116,-2.8196513,2350,1451,62.0,0.0,,,,,
"Pobla de Claramunt, La",Barcelona,08165,41.5551874,1.6747485,2350,1687,39.3,8.8,,,,,
Pantón,Lugo,27041,42.5059648,-7.6249017,2350,3737,-37.1,-10.3,,,,,
Madroñera,Cáceres,10113,39.4253942,-5.757169,2349,3200,-26.6,-12.4,,,,,
Santa Eugènia de Berga,Barcelona,08246,41.9000058,2.283319,2348,1905,23.3,4.5,,,,,
Puntagorda,Santa Cruz de Tenerife,38029,28.7743048,-17.9779171,2345,1798,30.4,15.8,,,,,
Castelló de Rugat,Valencia,46090,38.874757,-0.3818165,2345,2069,13.3,3.0,,,,,
Vitigudino,Salamanca,37376,41.0086675,-6.4353797,2344,3183,-26.4,-11.0,,,,,
Villar del Olmo,Madrid,28179,40.3363814,-3.2355624,2341,1010,131.8,18.2,,,,,
Dos Torres,Córdoba,14023,38.4442332,-4.8956511,2340,2564,-8.7,-4.6,,,,,
San Isidro,Alicante,03904,38.1707587,-0.8387399,2337,1256,86.1,22.0,,,,,
Sant Joan,Baleares,07049,39.5971435,3.0379931,2336,1655,41.1,14.4,,,,,
Villamayor de Santiago,Cuenca,16249,39.7286889,-2.9270441,2336,2827,-17.4,-11.1,,,,,
Algarinejo,Granada,18012,37.325204,-4.1582073,2335,5323,-56.1,-14.6,,,,,
Aínsa-Sobrarbe,Huesca,22907,42.4171898,0.1386444,2335,1512,54.4,7.5,,,,,
Benimodo,Valencia,46063,39.2135344,-0.5267415,2332,1757,32.7,4.2,,,,,
Albatàrrec,Lleida,25007,41.5733194,0.6059163,2331,1007,131.5,1.7,,,,,
"Provencio, El",Cuenca,16171,39.3759068,-2.5725648,2327,2626,-11.4,-7.1,,,,,
Escacena del Campo,Huelva,21032,37.4088438,-6.3896302,2327,2226,4.5,3.8,,,,,
Toén,Ourense,32081,42.3167247,-7.9545534,2327,2636,-11.7,-2.8,,,,,
Espiel,Córdoba,14026,38.1885533,-5.0189717,2326,2500,-7.0,-6.5,,,,,
Yátova,Valencia,46261,39.3848761,-0.8085418,2325,2002,16.1,11.8,,,,,
Avinyó,Barcelona,08012,41.8630096,1.9707409,2322,2003,15.9,5.0,,,,,
Meruelo,Cantabria,39043,43.4550443,-3.5745539,2321,955,143.0,18.1,,,,,
Benavides,León,24015,42.5030114,-5.8966106,2321,3096,-25.0,-10.3,,,,,
"Victoria, La",Córdoba,14065,37.6813142,-4.8531883,2320,1781,30.3,-1.4,,,,,
"Borges del Camp, Les",Tarragona,43031,41.1715857,1.0204424,2319,1471,57.6,12.0,,,,,
Buñuel,Navarra,31057,41.9797495,-1.444881,2318,2390,-3.0,2.7,,,,,
Torres de Segre,Lleida,25232,41.5353408,0.513451,2317,1786,29.7,2.8,,,,,
Llutxent,Valencia,46150,38.9427057,-0.3565953,2314,2377,-2.7,-3.7,,,,,
"Garrovilla, La",Badajoz,06058,38.9219588,-6.4760832,2310,2710,-14.8,-4.1,,,,,
Arguedas,Navarra,31032,42.1758188,-1.5970062,2309,2221,4.0,1.4,,,,,
"Barco de Ávila, El",Ávila,05021,40.3577409,-5.5231241,2308,2564,-10.0,-6.7,,,,,
Chucena,Huelva,21030,37.3636792,-6.3930714,2306,1930,19.5,7.7,,,,,
Almedinilla,Córdoba,14004,37.4405255,-4.0961434,2302,2572,-10.5,-5.3,,,,,
Carcabuey,Córdoba,14015,37.4438237,-4.2740867,2302,2887,-20.3,-9.0,,,,,
"Esquirol, L'",Barcelona,08254,42.0340216,2.3697082,2301,2038,12.9,6.1,,,,,
"Palmar de Troya, El",Sevilla,41904,37.060659,-5.8031769,2301,,,,,,,,
Arnuero,Cantabria,39006,43.4713844,-3.5675443,2300,1811,27.0,10.0,,,,,
Irurtzun,Navarra,31904,42.9184675,-1.8286391,2296,1991,15.3,5.0,,,,,
"Bruc, El",Barcelona,08025,41.5792357,1.7812982,2290,876,161.4,13.7,,,,,
Sant Pere Pescador,Girona,17178,42.1899836,3.0837479,2290,1330,72.2,7.3,,,,,
Bellver de Cerdanya,Lleida,25051,42.3702061,1.7745202,2289,1535,49.1,14.7,,,,,
"Granada, La",Barcelona,08094,41.3766679,1.7186912,2287,1299,76.1,9.4,,,,,
Viana de Cega,Valladolid,47193,41.52874,-4.75207,2282,1337,70.7,13.6,,,,,
"Vellón, El",Madrid,28168,40.7676051,-3.5827405,2281,1045,118.3,23.6,,,,,
"Casar de Escalona, El",Toledo,45040,40.0458426,-4.5245254,2280,845,169.8,18.0,,,,,
Alpera,Albacete,02010,38.9596638,-1.2308857,2278,2353,-3.2,-0.5,,,,,
Roa,Burgos,09321,41.6966212,-3.9284274,2276,2329,-2.3,0.1,,,,,
Doñinos de Salamanca,Salamanca,37117,40.9592297,-5.7461394,2273,684,232.3,13.9,,,,,
Cervera de Pisuerga,Palencia,34056,42.8635509,-4.4972234,2272,2796,-18.7,-5.3,,,,,
Avià,Barcelona,08011,42.0774337,1.8221304,2267,1810,25.2,0.4,,,,,
Folgueroles,Barcelona,08083,41.9392868,2.3180742,2262,1322,71.1,-1.6,,,,,
Penagos,Cantabria,39048,43.3413728,-3.8068404,2253,1696,32.8,9.4,,,,,
Bellvís,Lleida,25052,41.6721394,0.8176989,2249,2161,4.1,-0.7,,,,,
Torregrossa,Lleida,25230,41.5805089,0.8317131,2248,2239,0.4,3.8,,,,,
"Cerro de Andévalo, El",Huelva,21023,37.7334975,-6.9384854,2246,2785,-19.4,-8.5,,,,,
Lecrín,Granada,18119,36.948071,-3.5507616,2244,2424,-7.4,7.0,,,,,
Zafarraya,Granada,18192,36.9735191,-4.1416876,2244,2227,0.8,8.8,,,,,
"Bosque, El",Cádiz,11011,36.757294,-5.5067224,2242,1802,24.4,6.1,,,,,
Carrizo,León,24039,42.5825403,-5.828846,2242,2829,-20.7,-4.0,,,,,
Medellín,Badajoz,06080,38.9640335,-5.9579913,2241,2487,-9.9,-2.6,,,,,
Abadín,Lugo,27001,43.3637307,-7.4752562,2239,3647,-38.6,-12.5,,,,,
Torremejía,Badajoz,06133,38.7896931,-6.3763014,2238,2017,11.0,-1.0,,,,,
Cervera del Río Alhama,La Rioja,26047,42.0058319,-1.9554794,2237,3381,-33.8,-7.0,,,,,
Sort,Lleida,25209,42.4114509,1.1298362,2236,1718,30.2,4.2,,,,,
Mequinenza,Zaragoza,50165,41.3756807,0.3042344,2236,2582,-13.4,-3.5,,,,,
Benamaurel,Granada,18029,37.6084683,-2.6970148,2235,2507,-10.8,-5.3,,,,,
"Mesas, Las",Cuenca,16124,39.3879951,-2.7645235,2234,2579,-13.4,-4.0,,,,,
Ossa de Montiel,Albacete,02057,38.9625266,-2.7453748,2233,2876,-22.4,-7.8,,,,,
"Palau d'Anglesola, El",Lleida,25158,41.6519397,0.8805806,2232,1623,37.5,3.7,,,,,
Rodeiro,Pontevedra,36047,42.6490377,-7.9481672,2232,4578,-51.2,-15.6,,,,,
Dosbarrios,Toledo,45059,39.8833764,-3.4820586,2228,2045,8.9,-0.6,,,,,
Agolada,Pontevedra,36020,42.762592,-8.0184167,2225,4915,-54.7,-11.2,,,,,
"Puerta de Segura, La",Jaén,23072,38.349681,-2.736619,2223,2818,-21.1,-8.7,,,,,
Oria,Almería,04070,37.4841014,-2.2924853,2219,2240,-0.9,-4.8,,,,,
Idiazabal,Gipuzkoa,20043,43.0106787,-2.2336128,2217,2020,9.8,-3.8,,,,,
Manzanilla,Huelva,21047,37.3887479,-6.4316237,2214,2523,-12.2,5.7,,,,,
Encinas Reales,Córdoba,14024,37.2745773,-4.4887626,2208,2333,-5.4,-5.0,,,,,
Corvera de Toranzo,Cantabria,39026,43.2088348,-3.939238,2204,2192,0.5,6.3,,,,,
"Guardia, La",Toledo,45071,39.7870986,-3.4757592,2200,2427,-9.4,-3.8,,,,,
Puebla de Don Fadrique,Granada,18164,37.9578472,-2.4348912,2195,2643,-17.0,-4.8,,,,,
Cazalegas,Toledo,45045,40.0099432,-4.6772621,2195,1177,86.5,24.4,,,,,
Puente de Génave,Jaén,23071,38.3545624,-2.8031995,2191,2073,5.7,-1.1,,,,,
San Román de los Montes,Toledo,45154,40.0674417,-4.7322334,2191,596,267.6,17.2,,,,,
Loriguilla,Valencia,46148,39.4905062,-0.5722427,2188,1004,117.9,9.5,,,,,
Cadreita,Navarra,31064,42.2181824,-1.6930439,2187,1873,16.8,5.9,,,,,
Higuera la Real,Badajoz,06067,38.1426642,-6.6895703,2186,2854,-23.4,-6.1,,,,,
Piedralaves,Ávila,05187,40.3181182,-4.6986188,2183,2173,0.5,2.5,,,,,
Jabugo,Huelva,21043,37.9168052,-6.7291607,2183,2595,-15.9,-3.4,,,,,
Callús,Barcelona,08038,41.7824664,1.7837664,2180,1345,62.1,6.0,,,,,
"Hoyo de Pinares, El",Ávila,05102,40.5023455,-4.4224556,2179,2525,-13.7,-3.9,,,,,
Cabañas de la Sagra,Toledo,45025,40.005774,-3.9479133,2177,1077,102.1,22.2,,,,,
Jacarilla,Alicante,03080,38.061345,-0.8680849,2176,1504,44.7,12.2,,,,,
Quatretonda,Valencia,46104,38.9456993,-0.4016262,2174,2570,-15.4,-7.0,,,,,
Cenicero,La Rioja,26046,42.4813371,-2.6420483,2173,2102,3.4,7.9,,,,,
Berlanga,Badajoz,06019,38.2815011,-5.8297126,2171,2716,-20.1,-10.0,,,,,
Castellví de Rosanes,Barcelona,08066,41.450038,1.8994527,2171,933,132.7,20.1,,,,,
Ullastrell,Barcelona,08290,41.5265763,1.9560471,2171,961,125.9,6.5,,,,,
Boborás,Ourense,32013,42.4317763,-8.1430006,2167,3712,-41.6,-11.3,,,,,
Sant Quirze de Besora,Barcelona,08237,42.101426,2.2170289,2164,2011,7.6,1.8,,,,,
Arbeca,Lleida,25029,41.5413249,0.9242319,2163,2313,-6.5,-3.4,,,,,
Bagà,Barcelona,08016,42.2527659,1.8625903,2161,2114,2.2,-0.0,,,,,
Campos del Río,Murcia,30014,38.0405009,-1.3525268,2159,2019,6.9,7.8,,,,,
Alfoz de Quintanadueñas,Burgos,09907,42.3848677,-3.7342267,2158,579,272.7,9.2,,,,,
Arroyo del Ojanco,Jaén,23905,38.3217918,-2.8934526,2158,,,-8.3,,,,,
Larraga,Navarra,31142,42.5580517,-1.8500707,2158,1900,13.6,4.4,,,,,
Maella,Zaragoza,50152,41.1222903,0.1395442,2158,2079,3.8,9.5,,,,,
Monterrubio de la Serena,Badajoz,06087,38.5893449,-5.4451308,2157,3210,-32.8,-12.7,,,,,
Cenicientos,Madrid,28037,40.2631894,-4.4669801,2152,1898,13.4,8.4,,,,,
Serón,Almería,04083,37.3437187,-2.5084242,2151,2742,-21.6,0.7,,,,,
Aia,Gipuzkoa,20016,43.2364978,-2.1486633,2148,1646,30.5,5.0,,,,,
Fuensaldaña,Valladolid,47066,41.7066036,-4.7637721,2146,881,143.6,37.3,,,,,
Valverde del Fresno,Cáceres,10205,40.2241479,-6.8781742,2143,2773,-22.7,-10.4,,,,,
"Pueblanueva, La",Toledo,45137,39.9124157,-4.6772716,2139,1986,7.7,-4.7,,,,,
"Coronada, La",Badajoz,06039,38.9197889,-5.6703748,2136,2513,-15.0,-2.9,,,,,
Navaluenga,Ávila,05163,40.4101393,-4.7079974,2135,2034,5.0,8.5,,,,,
Olesa de Bonesvalls,Barcelona,08146,41.3505032,1.8492996,2135,719,196.9,23.9,,,,,
Valdáliga,Cantabria,39091,43.3295899,-4.3502294,2135,2652,-19.5,-6.0,,,,,
Valle del Zalabí,Granada,18907,37.26247,-3.100378,2128,2431,-12.5,-1.6,,,,,
Quel,La Rioja,26120,42.228438,-2.0483069,2128,1934,10.0,6.8,,,,,
Riaza,Segovia,40170,41.279379,-3.4772594,2128,1673,27.2,-2.7,,,,,
Alozaina,Málaga,29013,36.727762,-4.8579969,2127,2274,-6.5,4.8,,,,,
Riudellots de la Selva,Girona,17150,41.8954981,2.8022296,2125,1465,45.1,5.0,,,,,
Bareyo,Cantabria,39011,43.4801461,-3.6111076,2124,1704,24.6,6.3,,,,,
Cogollos de la Vega,Granada,18050,37.2755727,-3.572149,2119,2035,4.1,1.1,,,,,
Fuentes de León,Badajoz,06055,38.0681263,-6.5402165,2118,2851,-25.7,-11.3,,,,,
Sant Vicenç de Torelló,Barcelona,08265,42.0630229,2.272337,2117,1725,22.7,6.1,,,,,
Frades,A Coruña,15038,43.0357351,-8.2919721,2117,3179,-33.4,-12.8,,,,,
Vilafranca/Villafranca del Cid,Castellón,12129,40.4270481,-0.2577181,2115,2740,-22.8,-7.6,,,,,
Anoeta,Gipuzkoa,20010,43.1620711,-2.0712454,2112,1776,18.9,5.8,,,,,
Aguadulce,Sevilla,41001,37.2530195,-4.9906167,2109,1956,7.8,1.7,,,,,
Villanueva de la Vera,Cáceres,10212,40.1288168,-5.4626509,2108,2075,1.6,0.8,,,,,
Barlovento,Santa Cruz de Tenerife,38007,28.8294169,-17.803359,2108,2488,-15.3,11.8,,,,,
Beniparrell,Valencia,46065,39.3819923,-0.4119964,2108,1510,39.6,8.2,,,,,
"Pontenova, A",Lugo,27048,43.3478304,-7.1922195,2106,3528,-40.3,-12.3,,,,,
Villarrasa,Huelva,21077,37.3880086,-6.6054262,2103,2092,0.5,-3.0,,,,,
Obejo,Córdoba,14047,38.1325555,-4.8000174,2101,1494,40.6,4.6,,,,,
Benferri,Alicante,03025,38.1406587,-0.9628468,2099,1011,107.6,9.3,,,,,
Legutio,Álava,01058,42.9780816,-2.6430832,2094,1311,59.7,19.9,,,,,
Viso del Marqués,Ciudad Real,13098,38.5217338,-3.5627159,2091,3125,-33.1,-14.5,,,,,
Sober,Lugo,27059,42.4618386,-7.5869336,2090,3331,-37.3,-12.0,,,,,
"Barraco, El",Ávila,05022,40.4753014,-4.6406605,2086,2010,3.8,8.5,,,,,
Lourenzá,Lugo,27027,43.4708307,-7.2984557,2083,2980,-30.1,-7.8,,,,,
Sierra de Fuentes,Cáceres,10177,39.4372411,-6.2739777,2081,1689,23.2,2.7,,,,,
Peralada,Girona,17132,42.3085047,3.0089916,2077,1147,81.1,13.2,,,,,
Comillas,Cantabria,39024,43.3855344,-4.2901505,2075,2364,-12.2,-6.9,,,,,
Cuadros,León,24061,42.7111486,-5.639153,2075,1661,24.9,3.8,,,,,
Nogueira de Ramuín,Ourense,32052,42.4106914,-7.7265739,2074,2713,-23.6,-0.0,,,,,
"Navalmorales, Los",Toledo,45112,39.7243542,-4.6405765,2074,2679,-22.6,-22.4,,,,,
Valderrubio,Granada,18914,37.2343089,-3.8238434,2069,,,-1.2,,,,,
Mazcuerras,Cantabria,39041,43.29764,-4.20947,2068,1901,8.8,-2.4,,,,,
Siles,Jaén,23082,38.3878613,-2.5826373,2067,2871,-28.0,-11.5,,,,,
Ezcaray,La Rioja,26061,42.3257844,-3.0146438,2067,1812,14.1,-0.1,,,,,
Villar del Rey,Badajoz,06155,39.1323336,-6.8480986,2064,2347,-12.1,-7.9,,,,,
"Pedroso, El",Sevilla,41073,37.8406468,-5.7645256,2062,2403,-14.2,-0.6,,,,,
Alajeró,Santa Cruz de Tenerife,38003,28.0619917,-17.2383666,2061,1155,78.4,4.6,,,,,
Santovenia de la Valdoncina,León,24162,42.5432895,-5.6238125,2058,1523,35.1,2.2,,,,,
Montealegre del Castillo,Albacete,02051,38.7872296,-1.3255651,2051,2153,-4.7,-2.0,,,,,
Puigpunyent,Baleares,07045,39.6273152,2.528306,2049,1084,89.0,1.4,,,,,
Cabezuela del Valle,Cáceres,10035,40.1926576,-5.8055688,2049,2438,-16.0,-12.2,,,,,
Antzuola,Gipuzkoa,20011,43.0985864,-2.3811024,2045,1936,5.6,-6.0,,,,,
Colmenar del Arroyo,Madrid,28042,40.4179997,-4.1972768,2044,816,150.5,25.2,,,,,
Viñuela,Málaga,29099,36.8621071,-4.1411364,2044,1165,75.5,1.7,,,,,
Càlig,Castellón,12034,40.4619719,0.3548686,2042,1774,15.1,1.1,,,,,
"Pinar de El Hierro, El",Santa Cruz de Tenerife,38901,27.707682,-17.9771201,2042,,,17.2,,,,,
Larrabetzu,Bizkaia,48052,43.2612471,-2.7959022,2039,1518,34.3,-0.5,,,,,
Santa Olalla del Cala,Huelva,21069,37.9066642,-6.2293168,2039,2285,-10.8,-0.1,,,,,
Valldemossa,Baleares,07063,39.7108465,2.6230264,2038,1511,34.9,1.7,,,,,
Navaconcejo,Cáceres,10130,40.1767957,-5.8296185,2037,2182,-6.6,1.7,,,,,
Buitrago del Lozoya,Madrid,28027,40.9953477,-3.6350501,2034,1403,45.0,9.3,,,,,
Santo Tomé,Jaén,23080,38.0273767,-3.0999333,2029,2503,-18.9,-9.8,,,,,
Mendaro,Gipuzkoa,20901,43.2525004,-2.3858392,2028,1308,55.0,-0.1,,,,,
"Cellera de Ter, La",Girona,17189,41.9686921,2.6205193,2027,2034,-0.3,-1.3,,,,,
Alforja,Tarragona,43009,41.2099763,0.9750606,2024,1179,71.7,9.8,,,,,
"Font de la Figuera, la",Valencia,46128,38.8049372,-0.8798501,2022,2129,-5.0,-4.1,,,,,
Sant Mateu,Castellón,12100,40.4650329,0.1793192,2021,1779,13.6,2.1,,,,,
Garafía,Santa Cruz de Tenerife,38016,28.8301766,-17.9446656,2015,2002,0.6,25.4,,,,,
Vallfogona de Balaguer,Lleida,25240,41.7518459,0.8165116,2009,1430,40.5,7.5,,,,,
Vega de Espinareda,León,24196,42.7265754,-6.6544374,2006,3123,-35.8,-10.1,,,,,
"Campillo, El",Huelva,21018,37.6934316,-6.6291703,2003,2452,-18.3,-3.3,,,,,
Bienvenida,Badajoz,06020,38.2986483,-6.2100194,1999,2371,-15.7,-9.6,,,,,
Carrión de los Condes,Palencia,34047,42.3385404,-4.6017128,1997,2545,-21.5,-7.1,,,,,
Vallmoll,Tarragona,43160,41.2426301,1.2488953,1997,1012,97.3,21.4,,,,,
"Albuera, La",Badajoz,06005,38.7172283,-6.8230848,1995,1805,10.5,-1.8,,,,,
Artana,Castellón,12016,39.8911264,-0.2576603,1993,1909,4.4,0.7,,,,,
Tembleque,Toledo,45166,39.6970824,-3.5020102,1992,2121,-6.1,-4.7,,,,,
Montejícar,Granada,18136,37.5721215,-3.504669,1989,3006,-33.8,-9.8,,,,,
Carballedo,Lugo,27009,42.539758,-7.813022,1987,3517,-43.5,-12.9,,,,,
"Codosera, La",Badajoz,06037,39.2077505,-7.1729037,1983,2406,-17.6,-9.3,,,,,
Limpias,Cantabria,39038,43.3642392,-3.4176158,1983,1271,56.0,9.4,,,,,
Grazalema,Cádiz,11019,36.7583892,-5.366074,1977,2298,-14.0,-7.8,,,,,
Batres,Madrid,28017,40.2091393,-3.9215947,1976,639,209.2,24.9,,,,,
Onzonilla,León,24105,42.5247476,-5.5819058,1974,1435,37.6,10.3,,,,,
Valdeganga,Albacete,02075,39.1357484,-1.6770233,1970,2022,-2.6,-0.3,,,,,
Marines,Valencia,46161,39.6755957,-0.5612995,1967,1305,50.7,5.2,,,,,
Aldeanueva de la Vera,Cáceres,10014,40.1289818,-5.6999822,1966,2584,-23.9,-8.6,,,,,
Villanueva Mesía,Granada,18188,37.214514,-4.0127316,1965,1922,2.2,-3.2,,,,,
Fuencaliente de la Palma,Santa Cruz de Tenerife,38014,28.4924787,-17.8441379,1965,1735,13.3,15.2,,,,,
Huétor de Santillán,Granada,18099,37.2184811,-3.5173045,1964,1687,16.4,3.3,,,,,
Beniarjó,Valencia,46055,38.9324698,-0.1870182,1964,1165,68.6,11.8,,,,,
San Cristovo de Cea,Ourense,32076,42.4747251,-7.985915,1963,3447,-43.1,-14.8,,,,,
Vilafamés,Castellón,12128,40.1125962,-0.0530464,1962,1422,38.0,6.0,,,,,
"Merca, A",Ourense,32047,42.222633,-7.9049545,1962,2458,-20.2,-0.7,,,,,
Hermigua,Santa Cruz de Tenerife,38021,28.1499249,-17.1989529,1961,2150,-8.8,1.9,,,,,
Salas de los Infantes,Burgos,09330,42.0220376,-3.2880776,1959,2076,-5.6,-2.9,,,,,
Almáchar,Málaga,29009,36.808985,-4.2161584,1959,1967,-0.4,6.8,,,,,
"Montmell, El",Tarragona,43090,41.3151419,1.4535016,1958,419,367.3,40.2,,,,,
Hazas de Cesto,Cantabria,39031,43.41547,-3.57624,1957,1274,53.6,28.6,,,,,
Fiñana,Almería,04045,37.1709721,-2.8397107,1956,2644,-26.0,-5.5,,,,,
Muros de Nalón,Asturias,33039,43.5429839,-6.1046293,1955,2497,-21.7,4.7,,,,,
Pueblonuevo del Guadiana,Badajoz,06902,38.9238409,-6.756221,1955,,,-4.0,,,,,
Belmonte de Tajo,Madrid,28019,40.1336305,-3.3398654,1955,1142,71.2,21.8,,,,,
Villalobón,Palencia,34217,42.0306729,-4.5036687,1955,292,569.5,21.2,,,,,
Seròs,Lleida,25204,41.4636665,0.4118677,1954,1800,8.6,2.2,,,,,
San Leonardo de Yagüe,Soria,42164,41.8293687,-3.0681415,1954,2104,-7.1,-7.5,,,,,
"Preses, Les",Girona,17139,42.1450901,2.4592158,1948,1327,46.8,9.4,,,,,
"Carpio de Tajo, El",Toledo,45037,39.8874198,-4.4542812,1948,2332,-16.5,-0.8,,,,,
Zarzalejo,Madrid,28183,40.5483016,-4.1815899,1946,1002,94.2,24.3,,,,,
"Torre de Esteban Hambrán, La",Toledo,45171,40.169413,-4.2159096,1946,1442,35.0,12.6,,,,,
Coirós,A Coruña,15027,43.2503652,-8.1659646,1945,1565,24.3,8.7,,,,,
Garrovillas de Alconétar,Cáceres,10082,39.7131532,-6.5494403,1941,2557,-24.1,-9.5,,,,,
Jabalquinto,Jaén,23049,38.0195785,-3.7275997,1939,2631,-26.3,-9.9,,,,,
Albalate del Arzobispo,Teruel,44008,41.1218738,-0.5119111,1936,2434,-20.5,-3.3,,,,,
Monturque,Córdoba,14044,37.473299,-4.5814876,1929,1937,-0.4,-2.6,,,,,
Torre del Bierzo,León,24170,42.5957352,-6.3240362,1929,3399,-43.2,-14.2,,,,,
"Pobra de Trives, A",Ourense,32063,42.3405898,-7.2547833,1929,3044,-36.6,-12.0,,,,,
Vélez-Blanco,Almería,04098,37.6914189,-2.0956638,1928,2317,-16.8,-2.8,,,,,
"Malahá, La",Granada,18126,37.1013303,-3.7228558,1928,1702,13.3,5.9,,,,,
Castril,Granada,18046,37.7969475,-2.7814472,1927,3067,-37.2,-13.8,,,,,
Paredes de Nava,Palencia,34123,42.1528695,-4.6922384,1927,2549,-24.4,-0.3,,,,,
Nava del Rey,Valladolid,47101,41.3304513,-5.0813732,1924,2310,-16.7,-8.1,,,,,
Crecente,Pontevedra,36014,42.1516954,-8.2239168,1921,3060,-37.2,-9.9,,,,,
Granja de Torrehermosa,Badajoz,06059,38.3098454,-5.5953433,1913,2688,-28.8,-9.8,,,,,
Villaseca de la Sagra,Toledo,45196,39.9623605,-3.8829959,1910,1580,20.9,4.3,,,,,
Golmés,Lleida,25099,41.6331288,0.9321508,1909,1276,49.6,4.0,,,,,
Massalavés,Valencia,46162,39.1420011,-0.522717,1905,1480,28.7,21.3,,,,,
Villagonzalo Pedernales,Burgos,09434,42.3017566,-3.733804,1903,658,189.2,7.9,,,,,
Candamo,Asturias,33010,43.4342813,-6.0615193,1902,2688,-29.2,-7.2,,,,,
Santa Eugènia,Baleares,07053,39.6227068,2.8365544,1902,1033,84.1,16.3,,,,,
Naut Aran,Lleida,25025,42.7082581,0.9049914,1902,1337,42.3,7.8,,,,,
Ezcabarte,Navarra,31101,42.8513958,-1.6194613,1901,1085,75.2,4.7,,,,,
Daroca,Zaragoza,50094,41.1133264,-1.4170637,1899,2335,-18.7,-9.0,,,,,
Palma de Gandía,Valencia,46187,38.9249523,-0.2210245,1897,1534,23.7,21.5,,,,,
Valdeavero,Madrid,28156,40.6308406,-3.3328589,1896,556,241.0,34.8,,,,,
Ontur,Albacete,02056,38.6146429,-1.4984397,1895,2469,-23.2,-10.2,,,,,
"Regueras, Las",Asturias,33054,43.4143388,-5.9689648,1892,2268,-16.6,-0.9,,,,,
Soses,Lleida,25210,41.5331552,0.4874802,1892,1504,25.8,11.4,,,,,
"Navalucillos, Los",Toledo,45113,39.6671024,-4.6415461,1889,2827,-33.2,-18.2,,,,,
"Coves de Vinromà, les",Castellón,12050,40.310827,0.1211825,1888,1857,1.7,1.0,,,,,
Daya Nueva,Alicante,03061,38.1138879,-0.7609301,1885,1189,58.5,7.7,,,,,
Irura,Gipuzkoa,20046,43.1675342,-2.0672224,1885,726,159.6,5.6,,,,,
Cabrales,Asturias,33008,43.316009,-4.846857,1884,2393,-21.3,-7.3,,,,,
Argoños,Cantabria,39005,43.45717,-3.49159,1884,778,142.2,9.5,,,,,
Fresnedillas de la Oliva,Madrid,28056,40.486444,-4.1723486,1883,635,196.5,21.7,,,,,
Quinto,Zaragoza,50222,41.4248588,-0.4976071,1882,2152,-12.5,-5.7,,,,,
Torija,Guadalajara,19274,40.7433322,-3.0316885,1877,382,391.4,36.7,,,,,
Almargen,Málaga,29010,37.0024585,-5.0218486,1876,2146,-12.6,-8.3,,,,,
Herrera de Pisuerga,Palencia,34083,42.5938269,-4.3310029,1875,2761,-32.1,-11.5,,,,,
Batea,Tarragona,43022,41.094279,0.3140574,1875,1985,-5.5,-4.7,,,,,
Oliana,Lleida,25149,42.0671629,1.3149416,1874,1844,1.6,1.6,,,,,
Cendea de Olza/Oltza Zendea,Navarra,31193,42.8164756,-1.7470153,1874,1216,54.1,2.2,,,,,
Valencia del Ventoso,Badajoz,06141,38.2659272,-6.4736517,1870,2445,-23.5,-8.6,,,,,
Artziniega,Álava,01004,43.1210566,-3.1286742,1868,1293,44.5,1.5,,,,,
Selaya,Cantabria,39082,43.216694,-3.806861,1868,1987,-6.0,-3.3,,,,,
Chelva,Valencia,46106,39.7486658,-0.9976861,1863,2211,-15.7,27.1,,,,,
Navalcán,Toledo,45110,40.0690965,-5.0931741,1859,2403,-22.6,-13.0,,,,,
Quismondo,Toledo,45143,40.1056113,-4.3243085,1857,1328,39.8,21.8,,,,,
Doneztebe/Santesteban,Navarra,31221,43.1314091,-1.6690844,1854,1291,43.6,9.1,,,,,
Ribera de Arriba,Asturias,33057,43.3087843,-5.8764676,1852,2095,-11.6,-2.8,,,,,
Logrosán,Cáceres,10109,39.336979,-5.4924596,1852,2618,-29.3,-9.4,,,,,
Zigoitia,Álava,01018,42.9568048,-2.7350578,1845,1057,74.6,6.8,,,,,
"Valadouro, O",Lugo,27063,43.5506165,-7.4406597,1845,2603,-29.1,-8.5,,,,,
"Secuita, La",Tarragona,43144,41.2040962,1.280166,1845,1069,72.6,9.0,,,,,
Bordils,Girona,17025,42.0440682,2.9116018,1841,1309,40.6,9.6,,,,,
Ribes de Freser,Girona,17145,42.3057283,2.167817,1841,2156,-14.6,3.1,,,,,
Cuevas del Campo,Granada,18912,37.6086165,-2.9316473,1841,2314,-20.4,-1.7,,,,,
Humanes,Guadalajara,19151,40.8280275,-3.1541095,1841,1250,47.3,25.6,,,,,
Barrax,Albacete,02015,39.0460357,-2.2004126,1838,1979,-7.1,-3.4,,,,,
Vilamarín,Ourense,32087,42.4647271,-7.8909745,1836,2269,-19.1,-8.0,,,,,
Huerta de Valdecarábanos,Toledo,45078,39.862804,-3.6112173,1836,1715,7.1,3.7,,,,,
"Riera de Gaià, La",Tarragona,43126,41.1686281,1.3582853,1834,902,103.3,8.3,,,,,
Villanueva de la Fuente,Ciudad Real,13092,38.6926503,-2.693727,1831,2791,-34.4,-19.2,,,,,
Higuera de Vargas,Badajoz,06066,38.4460885,-6.9750504,1830,2360,-22.5,-9.0,,,,,
Sobrado,A Coruña,15080,43.0403957,-8.0224927,1830,2706,-32.4,-2.8,,,,,
Guadahortuna,Granada,18088,37.5569024,-3.4010094,1829,2334,-21.6,-6.5,,,,,
Salinas,Alicante,03116,38.519755,-0.913229,1828,1174,55.7,16.5,,,,,
Arcos,Burgos,09023,42.2652637,-3.7555708,1823,249,632.1,14.4,,,,,
Belorado,Burgos,09048,42.4197032,-3.1917821,1823,2135,-14.6,-4.6,,,,,
Antas de Ulla,Lugo,27003,42.7822537,-7.8896857,1822,2969,-38.6,-12.4,,,,,
Lerín,Navarra,31152,42.4827069,-1.9727192,1821,1932,-5.7,8.8,,,,,
Riola,Valencia,46215,39.1974256,-0.334858,1820,1600,13.8,-0.7,,,,,
"Iruela, La",Jaén,23047,37.9203509,-2.9941404,1819,2106,-13.6,-8.5,,,,,
Villaturiel,León,24227,42.5185496,-5.4871978,1818,1803,0.8,-6.4,,,,,
Vilamartín de Valdeorras,Ourense,32088,42.4141153,-7.062396,1817,2537,-28.4,1.1,,,,,
Mundaka,Bizkaia,48068,43.407824,-2.6992833,1816,1781,2.0,-3.1,,,,,
Monfero,A Coruña,15050,43.3344165,-8.0557053,1816,2847,-36.2,-10.1,,,,,
Zarza de Granadilla,Cáceres,10216,40.2369055,-6.0471736,1815,1895,-4.2,-0.7,,,,,
Huete,Cuenca,16112,40.143961,-2.6912644,1814,2337,-22.4,-0.2,,,,,
Alegia,Gipuzkoa,20005,43.1004352,-2.0983582,1813,1662,9.1,4.8,,,,,
Quartell,Valencia,46103,39.7373882,-0.2640069,1810,1374,31.7,17.7,,,,,
Puebla de Obando,Badajoz,06107,39.1768491,-6.6260009,1809,2020,-10.4,-3.4,,,,,
Zaidín,Huesca,22254,41.6043154,0.2634123,1807,1698,6.4,1.3,,,,,
Tejeda,Las Palmas,35025,27.9953756,-15.6153664,1806,2552,-29.2,-8.2,,,,,
Fuentealbilla,Albacete,02034,39.2673015,-1.5492105,1804,1842,-2.1,-3.8,,,,,
Boimorto,A Coruña,15010,43.0009184,-8.1336282,1803,2722,-33.8,-14.6,,,,,
Alange,Badajoz,06004,38.7851386,-6.2472718,1802,2031,-11.3,-5.9,,,,,
Canillas de Aceituno,Málaga,29033,36.8731665,-4.0821261,1801,2327,-22.6,5.3,,,,,
Guadamur,Toledo,45070,39.8113689,-4.1488803,1796,1622,10.7,-2.0,,,,,
Moraleja del Vino,Zamora,49125,41.4632879,-5.6556087,1796,1261,42.4,6.1,,,,,
Càrcer,Valencia,46084,39.069966,-0.5678287,1795,2022,-11.2,-7.9,,,,,
Aranga,A Coruña,15003,43.2342664,-8.0161518,1793,2466,-27.3,-9.5,,,,,
"Peroxa, A",Ourense,32059,42.4397824,-7.7955674,1793,2677,-33.0,-8.0,,,,,
Forallac,Girona,17902,41.9602044,3.0549491,1790,1633,9.6,3.9,,,,,
Ateca,Zaragoza,50038,41.3308277,-1.7928985,1785,2059,-13.3,-3.8,,,,,
Pinofranqueado,Cáceres,10146,40.3017563,-6.3326162,1783,1824,-2.2,-3.0,,,,,
Artajona,Navarra,31038,42.5876058,-1.7644227,1783,1676,6.4,6.8,,,,,
Avinyonet del Penedès,Barcelona,08013,41.3607292,1.7780608,1782,1185,50.4,7.0,,,,,
Villaralbo,Zamora,49261,41.49217,-5.6818833,1782,1595,11.7,-5.2,,,,,
Lobios,Ourense,32042,41.9047963,-8.084777,1776,2797,-36.5,-4.9,,,,,
Meira,Lugo,27029,43.2135737,-7.2936633,1773,1837,-3.5,1.5,,,,,
Cabrera d'Anoia,Barcelona,08028,41.4773537,1.7041083,1772,341,419.6,31.2,,,,,
Almoharín,Cáceres,10020,39.1754757,-6.0427828,1771,2047,-13.5,-6.7,,,,,
Ceclavín,Cáceres,10061,39.8224249,-6.7734102,1769,2284,-22.5,-6.7,,,,,
Cortes de Baza,Granada,18053,37.6539949,-2.7695935,1769,3059,-42.2,-11.2,,,,,
Siruela,Badajoz,06125,38.97789,-5.0502807,1766,2509,-29.6,-10.9,,,,,
Gualba,Barcelona,08097,41.7321147,2.5018684,1766,685,157.8,23.8,,,,,
Híjar,Teruel,44122,41.1747377,-0.4515985,1766,1974,-10.5,2.4,,,,,
"Migjorn Gran, Es",Baleares,07902,39.9452014,4.0492342,1765,1076,64.0,24.4,,,,,
Jérica,Castellón,12071,39.9117383,-0.5718739,1764,1591,10.9,12.1,,,,,
Alfarp,Valencia,46026,39.2767738,-0.5605178,1763,1336,32.0,16.8,,,,,
Zaldibia,Gipuzkoa,20078,43.0410543,-2.1497279,1761,1573,12.0,11.8,,,,,
"Burgo, El",Málaga,29031,36.7904469,-4.9480972,1761,2070,-14.9,-5.9,,,,,
Almonaster la Real,Huelva,21004,37.8721788,-6.7866023,1759,2057,-14.5,-7.0,,,,,
Segura de León,Badajoz,06124,38.1201734,-6.5287399,1758,2325,-24.4,-11.7,,,,,
Tibi,Alicante,03129,38.5328137,-0.5750528,1757,1147,53.2,7.5,,,,,
Ador,Valencia,46002,38.9194594,-0.2242717,1755,1117,57.1,22.1,,,,,
Chillón,Ciudad Real,13038,38.7967523,-4.8669119,1752,2438,-28.1,-7.8,,,,,
Mora de Rubielos,Teruel,44158,40.2515738,-0.7533922,1752,1346,30.2,11.3,,,,,
Belmonte,Cuenca,16033,39.5592831,-2.7038117,1751,2539,-31.0,-12.8,,,,,
Toral de los Vados,León,24206,42.5423628,-6.7758491,1751,2408,-27.3,-9.8,,,,,
San Justo de la Vega,León,24148,42.4544676,-6.0145618,1750,2365,-26.0,-8.3,,,,,
"Planes d'Hostoles, Les",Girona,17133,42.0565983,2.5384283,1746,1743,0.2,5.1,,,,,
Cubillos del Sil,León,24064,42.6240882,-6.5629162,1746,1539,13.5,-3.7,,,,,
Lekunberri,Navarra,31908,43.0051774,-1.8956075,1746,846,106.4,20.2,,,,,
Camuñas,Toledo,45034,39.4283079,-3.4551614,1742,1772,-1.7,-3.9,,,,,
Pozo de Guadalajara,Guadalajara,19225,40.4949772,-3.1813517,1739,401,333.7,39.2,,,,,
Trijueque,Guadalajara,19290,40.7766776,-2.9956092,1737,570,204.7,43.4,,,,,
Arenas de Iguña,Cantabria,39004,43.1870286,-4.0496673,1735,2165,-19.9,1.4,,,,,
Boñar,León,24021,42.866767,-5.3233221,1732,2664,-35.0,-9.7,,,,,
Cifuentes,Guadalajara,19086,40.7854583,-2.6221233,1731,2405,-28.0,-5.4,,,,,
Viver,Castellón,12140,39.9212618,-0.5982244,1729,1202,43.8,12.6,,,,,
Aliseda,Cáceres,10018,39.4224611,-6.6918971,1726,2414,-28.5,-10.8,,,,,
Santiurde de Toranzo,Cantabria,39078,43.23715,-3.93946,1726,1695,1.8,7.7,,,,,
Alp,Girona,17006,42.3736381,1.8871916,1724,1012,70.4,12.2,,,,,
Guadalupe,Cáceres,10087,39.4520332,-5.3273801,1722,2457,-29.9,-13.9,,,,,
Castellví de la Marca,Barcelona,08065,41.3261022,1.6188252,1721,1461,17.8,11.4,,,,,
Noalejo,Jaén,23064,37.5290214,-3.6542166,1721,2408,-28.5,-12.9,,,,,
Gordexola,Bizkaia,48042,43.179851,-3.0737749,1720,1448,18.8,1.3,,,,,
Alcaudete de la Jara,Toledo,45006,39.7884846,-4.8700887,1720,1684,2.1,-6.1,,,,,
Avión,Ourense,32004,42.3753991,-8.2513628,1719,3001,-42.7,-10.0,,,,,
Brozas,Cáceres,10032,39.6111187,-6.7782723,1718,2448,-29.8,-10.8,,,,,
Grañén,Huesca,22116,41.940564,-0.3693363,1718,2062,-16.7,-4.8,,,,,
Santa Marina del Rey,León,24159,42.513174,-5.8591186,1718,2689,-36.1,-13.8,,,,,
Canena,Jaén,23020,38.0481647,-3.4816832,1717,2137,-19.7,-11.6,,,,,
Orcera,Jaén,23065,38.3180223,-2.6610525,1715,2389,-28.2,-9.5,,,,,
Villanueva de Perales,Madrid,28178,40.3455395,-4.1023184,1715,444,286.3,15.4,,,,,
Castellar de Santiago,Ciudad Real,13033,38.5391616,-3.2755109,1714,2252,-23.9,-14.6,,,,,
Ataun,Gipuzkoa,20015,43.0071512,-2.1774182,1714,1589,7.9,0.8,,,,,
Villahermosa,Ciudad Real,13089,38.7505908,-2.8718753,1712,2766,-38.1,-12.7,,,,,
Campillo de Arenas,Jaén,23019,37.5552182,-3.6353369,1711,2291,-25.3,-9.8,,,,,
Segura de la Sierra,Jaén,23081,38.2988567,-2.6518766,1711,2196,-22.1,-7.3,,,,,
Madrigalejo,Cáceres,10112,39.1389963,-5.6272875,1710,2317,-26.2,-7.2,,,,,
Estivella,Valencia,46120,39.7133707,-0.3485272,1710,1097,55.9,24.5,,,,,
Cumbres Mayores,Huelva,21029,38.0623177,-6.6466238,1708,2184,-21.8,-6.5,,,,,
Istán,Málaga,29061,36.5819684,-4.9495445,1707,1320,29.3,22.0,,,,,
Mansilla de las Mulas,León,24094,42.4991013,-5.4169163,1706,1785,-4.4,-5.1,,,,,
Coca,Segovia,40057,41.2176667,-4.5228361,1706,2027,-15.8,-8.4,,,,,
Fogars de la Selva,Barcelona,08082,41.7342133,2.6728108,1704,573,197.4,17.4,,,,,
Rascafría,Madrid,28120,40.9038871,-3.8802853,1704,1459,16.8,0.7,,,,,
"Toboso, El",Toledo,45167,39.5129195,-2.9954597,1702,2141,-20.5,-9.8,,,,,
Sant Feliu de Pallerols,Girona,17161,42.0758164,2.5078037,1700,1101,54.4,29.1,,,,,
Darro,Granada,18063,37.3491909,-3.2933648,1700,1628,4.4,9.2,,,,,
Usagre,Badajoz,06136,38.3555001,-6.1647163,1698,2123,-20.0,-6.8,,,,,
Beneixama,Alicante,03023,38.7008815,-0.7641359,1696,1799,-5.7,-0.9,,,,,
Binaced,Huesca,22060,41.8270159,0.2012837,1694,1622,4.4,10.9,,,,,
Ribadedeva,Asturias,33055,43.3749259,-4.5409351,1693,1916,-11.6,-5.5,,,,,
Fuenlabrada de los Montes,Badajoz,06051,39.132869,-4.9350961,1693,2103,-19.5,-11.4,,,,,
Busturia,Bizkaia,48021,43.3845745,-2.6981797,1693,1640,3.2,2.0,,,,,
Navalafuente,Madrid,28094,40.82328,-3.6747426,1693,459,268.8,33.7,,,,,
Mancor de la Vall,Baleares,07034,39.7501386,2.8709873,1692,903,87.4,22.3,,,,,
Lloret de Vistalegre,Baleares,07028,39.61793,2.9751725,1691,818,106.7,34.5,,,,,
Mont-ras,Girona,17110,41.9080196,3.144796,1690,1500,12.7,0.0,,,,,
Oímbra,Ourense,32053,41.8857802,-7.4715679,1689,2054,-17.8,-10.8,,,,,
Riosa,Asturias,33058,43.2307427,-5.8820141,1686,2663,-36.7,-17.4,,,,,
Riotuerto,Cantabria,39064,43.3519206,-3.7052565,1682,1535,9.6,4.5,,,,,
Polopos,Granada,18162,36.7477926,-3.2756261,1682,1252,34.3,0.1,,,,,
Arquillos,Jaén,23008,38.1809503,-3.4270554,1682,1900,-11.5,-8.4,,,,,
Hontanares de Eresma,Segovia,40101,40.9833643,-4.2031962,1680,158,963.3,27.1,,,,,
Rosal de la Frontera,Huelva,21062,37.9679076,-7.2204724,1676,1915,-12.5,-3.0,,,,,
"Gastor, El",Cádiz,11018,36.8551853,-5.3236056,1675,2010,-16.7,-6.1,,,,,
Laujar de Andarax,Almería,04057,36.9939431,-2.8898117,1674,1815,-7.8,7.9,,,,,
Sayalonga,Málaga,29086,36.7982701,-4.012961,1672,1138,46.9,2.7,,,,,
Avinyonet de Puigventós,Girona,17012,42.2499757,2.9145442,1671,473,253.3,5.3,,,,,
Villacarriedo,Cantabria,39098,43.2306206,-3.8049489,1670,1804,-7.4,2.1,,,,,
Campo Lameiro,Pontevedra,36007,42.5401651,-8.543984,1667,2461,-32.3,-12.0,,,,,
Xermade,Lugo,27021,43.3554528,-7.8130659,1665,2938,-43.3,-14.3,,,,,
Oliva de Mérida,Badajoz,06094,38.7899533,-6.1243458,1660,2052,-19.1,-7.1,,,,,
Casserres,Barcelona,08049,42.0138199,1.843045,1660,1612,3.0,8.6,,,,,
Villamantilla,Madrid,28175,40.3430437,-4.1302234,1660,338,391.1,24.4,,,,,
Entrena,La Rioja,26059,42.387465,-2.5299193,1660,1121,48.1,10.6,,,,,
Corcubión,A Coruña,15028,42.9444958,-9.1942141,1659,2015,-17.7,3.3,,,,,
Tivissa,Tarragona,43150,41.0416528,0.7346523,1658,1726,-3.9,-1.5,,,,,
Murillo de Río Leza,La Rioja,26099,42.4028997,-2.3246959,1656,1573,5.3,-1.6,,,,,
Malpica de Tajo,Toledo,45089,39.8972648,-4.5498073,1655,1779,-7.0,-10.2,,,,,
Garrafe de Torío,León,24076,42.730915,-5.5233043,1649,1097,50.3,11.4,,,,,
Salvaleón,Badajoz,06116,38.5094609,-6.7862258,1645,2350,-30.0,-11.8,,,,,
Sarral,Tarragona,43142,41.4453774,1.2469434,1644,1413,16.3,3.6,,,,,
Socovos,Albacete,02072,38.333635,-1.9836294,1643,2106,-22.0,-9.7,,,,,
Pinos Genil,Granada,18157,37.1636857,-3.5018713,1642,1176,39.6,14.8,,,,,
Torreorgaz,Cáceres,10193,39.3821045,-6.2501398,1641,1604,2.3,-2.2,,,,,
Sisante,Cuenca,16198,39.4075687,-2.2028088,1640,1823,-10.0,-3.4,,,,,
Biescas,Huesca,22059,42.6285893,-0.3215867,1640,1240,32.3,11.6,,,,,
Bimenes,Asturias,33006,43.3307543,-5.5662624,1639,2285,-28.3,-6.1,,,,,
Cabra del Santo Cristo,Jaén,23017,37.7036217,-3.2867065,1639,2280,-28.1,-14.1,,,,,
Alanís,Sevilla,41002,38.0365938,-5.7132497,1638,2108,-22.3,-9.6,,,,,
Piedrahíta,Ávila,05186,40.4635304,-5.3277166,1637,2271,-27.9,-11.4,,,,,
Valdestillas,Valladolid,47182,41.4768774,-4.7707764,1634,1556,5.0,-2.4,,,,,
Gatika,Bizkaia,48040,43.3607568,-2.8941764,1633,1090,49.8,-1.4,,,,,
Espinosa de los Monteros,Burgos,09124,43.0766376,-3.5520277,1627,2303,-29.4,-8.7,,,,,
San Pablo de los Montes,Toledo,45153,39.5403833,-4.3298383,1627,2131,-23.7,-14.4,,,,,
Loranca de Tajuña,Guadalajara,19160,40.4478562,-3.1160668,1624,305,432.5,29.5,,,,,
Montaverner,Valencia,46173,38.8879955,-0.4932477,1624,1711,-5.1,-4.0,,,,,
Sacedón,Guadalajara,19245,40.4811774,-2.7328973,1623,1585,2.4,3.2,,,,,
Gaucín,Málaga,29056,36.5192377,-5.3177544,1620,1660,-2.4,0.0,,,,,
Chirivel,Almería,04037,37.5959771,-2.2679281,1619,1860,-13.0,1.1,,,,,
Hermandad de Campoo de Suso,Cantabria,39032,43.02198,-4.22621,1619,1863,-13.1,-1.5,,,,,
Cuevas del Becerro,Málaga,29048,36.87586,-5.0440091,1617,2038,-20.7,-0.1,,,,,
Vilardevós,Ourense,32091,41.9073842,-7.312875,1616,3079,-47.5,-20.6,,,,,
Fornelos de Montes,Pontevedra,36019,42.3401014,-8.4528351,1614,2410,-33.0,-7.7,,,,,
Espirdo,Segovia,40077,40.9967952,-4.0733164,1613,220,633.2,35.7,,,,,
"Pobra do Brollón, A",Lugo,27047,42.5564957,-7.3921684,1610,2885,-44.2,-8.1,,,,,
Rioja,Almería,04078,36.9451184,-2.4626985,1609,1180,36.4,18.7,,,,,
Asparrena,Álava,01009,42.8895744,-2.3175879,1609,1541,4.4,-1.3,,,,,
Zaratamo,Bizkaia,48097,43.211818,-2.873426,1609,1597,0.8,0.5,,,,,
Pulgar,Toledo,45140,39.693534,-4.1528876,1608,1235,30.2,3.2,,,,,
Agudo,Ciudad Real,13002,38.9820148,-4.8698279,1605,2171,-26.1,-8.8,,,,,
Ultzama,Navarra,31236,42.9777795,-1.6952583,1599,1646,-2.9,-4.1,,,,,
Montánchez,Cáceres,10126,39.2241144,-6.1501782,1597,2306,-30.7,-11.7,,,,,
Almaraz,Cáceres,10019,39.8142995,-5.6778882,1594,1439,10.8,-5.4,,,,,
Fuentesaúco,Zamora,49081,41.2306008,-5.4964931,1593,1896,-16.0,-0.8,,,,,
Alconchel,Badajoz,06007,38.5167174,-7.0709841,1592,2347,-32.2,-9.0,,,,,
Costitx,Baleares,07017,39.6575923,2.9496833,1591,824,93.1,27.7,,,,,
Guadalcázar,Córdoba,14033,37.7578517,-4.9441631,1589,1161,36.9,-0.1,,,,,
Baños de Río Tobía,La Rioja,26026,42.3348282,-2.7612306,1589,1845,-13.9,-1.9,,,,,
Ascó,Tarragona,43019,41.1805311,0.5679989,1589,1714,-7.3,-6.3,,,,,
Benifairó de la Valldigna,Valencia,46059,39.0533163,-0.302872,1588,1669,-4.9,-0.8,,,,,
Albesa,Lleida,25008,41.7513409,0.6591801,1584,1482,6.9,-0.8,,,,,
Santa María de la Alameda,Madrid,28135,40.5958248,-4.2579208,1584,752,110.6,34.6,,,,,
Santa Pau,Girona,17184,42.1442606,2.571379,1579,1445,9.3,3.6,,,,,
Cañamero,Cáceres,10044,39.3801055,-5.3892464,1578,1992,-20.8,-5.8,,,,,
Ivars d'Urgell,Lleida,25113,41.6809224,0.986114,1578,1715,-8.0,0.0,,,,,
Barxeta,Valencia,46045,39.0225353,-0.4165167,1578,1610,-2.0,-1.8,,,,,
Benirredrà,Valencia,46066,38.9617924,-0.1926545,1576,1008,56.3,-1.3,,,,,
Villar de Olalla,Cuenca,16263,40.0148219,-2.1962859,1575,877,79.6,27.6,,,,,
Montizón,Jaén,23062,38.3421949,-3.1036044,1574,2015,-21.9,-11.0,,,,,
Albalat dels Tarongers,Valencia,46010,39.7028908,-0.3371981,1574,651,141.8,32.8,,,,,
Torrelavit,Barcelona,08287,41.4463416,1.7298578,1572,1176,33.7,11.3,,,,,
Benavent de Segrià,Lleida,25053,41.6946701,0.634033,1571,786,99.9,6.0,,,,,
Fonollosa,Barcelona,08084,41.7626001,1.6678299,1570,816,92.4,12.1,,,,,
Castropodame,León,24049,42.5809609,-6.4677875,1570,1873,-16.2,-8.4,,,,,
Cañete la Real,Málaga,29035,36.9515951,-5.0246722,1569,2247,-30.2,-8.2,,,,,
Alborache,Valencia,46012,39.3917086,-0.7711311,1568,875,79.2,36.7,,,,,
Villacastín,Segovia,40225,40.7806684,-4.4134435,1567,1540,1.8,3.0,,,,,
Asteasu,Gipuzkoa,20014,43.192859,-2.0953446,1566,1192,31.4,4.1,,,,,
Aldea del Rey,Ciudad Real,13009,38.7380137,-3.8391468,1565,2240,-30.1,-9.1,,,,,
Frailes,Jaén,23033,37.4873237,-3.8370179,1565,1891,-17.2,-4.4,,,,,
Purchena,Almería,04076,37.3477463,-2.3608085,1563,1696,-7.8,-4.6,,,,,
Llívia,Girona,17094,42.4640786,1.9804293,1562,924,69.0,6.5,,,,,
Lahiguera,Jaén,23040,37.9710139,-3.9914609,1560,1919,-18.7,-11.9,,,,,
Benamargosa,Málaga,29026,36.8352646,-4.1935703,1560,1590,-1.9,0.1,,,,,
Covaleda,Soria,42069,41.9347499,-2.8832493,1560,2053,-24.0,-11.2,,,,,
Labastida/Bastida,Álava,01028,42.5903817,-2.7928698,1558,1082,44.0,6.7,,,,,
Paradela,Lugo,27042,42.764594,-7.567601,1557,2867,-45.7,-17.5,,,,,
Padrenda,Ourense,32056,42.1394277,-8.1582888,1555,2843,-45.3,-17.9,,,,,
Villalbilla de Burgos,Burgos,09439,42.3470908,-3.7796129,1554,651,138.7,16.7,,,,,
Sant Jordi/San Jorge,Castellón,12099,40.5087496,0.331352,1554,573,171.2,60.2,,,,,
"Vicedo, O",Lugo,27064,43.7323276,-7.6736775,1553,2564,-39.4,-13.8,,,,,
Ledaña,Cuenca,16118,39.3561864,-1.715765,1552,2018,-23.1,-6.7,,,,,
Pol,Lugo,27046,43.1301652,-7.3535108,1550,2312,-33.0,-8.6,,,,,
Valle de Yerri/Deierri,Navarra,31260,42.7285158,-1.999957,1549,1528,1.4,2.6,,,,,
Cilleros,Cáceres,10064,40.1136983,-6.7913987,1547,2218,-30.3,-9.8,,,,,
"Alqueria de la Comtessa, l'",Valencia,46037,38.9365133,-0.1535701,1547,1487,4.0,6.6,,,,,
Salvatierra de los Barros,Badajoz,06117,38.4908744,-6.6852218,1546,2012,-23.2,-9.1,,,,,
Muxika,Bizkaia,48067,43.2944494,-2.7129686,1546,1415,9.3,7.7,,,,,
Escalonilla,Toledo,45062,39.924975,-4.348917,1545,1451,6.5,5.7,,,,,
Pozohondo,Albacete,02063,38.720703,-1.9117449,1544,1911,-19.2,-9.1,,,,,
Zegama,Gipuzkoa,20025,42.9758111,-2.290301,1543,1348,14.5,1.9,,,,,
Artesa de Lleida,Lleida,25033,41.552805,0.7034622,1543,1217,26.8,2.1,,,,,
Muel,Zaragoza,50181,41.4655156,-1.08578,1540,1128,36.5,17.4,,,,,
Cualedro,Ourense,32028,41.9885728,-7.593898,1538,2542,-39.5,-14.2,,,,,
Madrigal de la Vera,Cáceres,10111,40.1466193,-5.3673231,1536,1836,-16.3,-4.8,,,,,
Palau-saverdera,Girona,17120,42.3076083,3.146611,1535,753,103.9,4.4,,,,,
Cantimpalos,Segovia,40041,41.0749779,-4.157959,1533,1306,17.4,14.1,,,,,
Dima,Bizkaia,48026,43.1430694,-2.7508974,1531,1048,46.1,5.0,,,,,
Orusco de Tajuña,Madrid,28102,40.2844284,-3.2083355,1531,670,128.5,25.0,,,,,
Arcos de Jalón,Soria,42025,41.2157666,-2.2753018,1531,2042,-25.0,-2.7,,,,,
Honrubia,Cuenca,16102,39.613532,-2.2807538,1529,1647,-7.2,-5.8,,,,,
"Valeras, Las",Cuenca,16903,39.7679117,-2.1578705,1528,1443,5.9,-3.9,,,,,
Jadraque,Guadalajara,19156,40.9263778,-2.9226718,1522,1247,22.1,1.7,,,,,
Soneja,Castellón,12106,39.8156407,-0.4300063,1521,1416,7.4,4.0,,,,,
Leiro,Ourense,32040,42.3701611,-8.1248862,1517,2100,-27.8,-7.6,,,,,
"Real de la Jara, El",Sevilla,41080,37.9494108,-6.1511261,1517,1761,-13.9,-3.7,,,,,
Brea de Aragón,Zaragoza,50057,41.5232308,-1.6007466,1517,2019,-24.9,-10.4,,,,,
Santa Eulàlia de Riuprimer,Barcelona,08247,41.9109533,2.1886023,1516,845,79.4,19.7,,,,,
Torres de Berrellén,Zaragoza,50262,41.7570171,-1.0646091,1515,1402,8.1,2.6,,,,,
Rábade,Lugo,27056,43.1222814,-7.6228675,1514,1588,-4.7,-0.5,,,,,
Barrika,Bizkaia,48014,43.4055431,-2.9665823,1513,1047,44.5,-0.6,,,,,
"Incio, O",Lugo,27024,42.6567043,-7.3634431,1513,2722,-44.4,-13.0,,,,,
Zierbena,Bizkaia,48913,43.348112,-3.0897657,1512,1148,31.7,1.5,,,,,
Alcaracejos,Córdoba,14003,38.3893241,-4.9673657,1512,1478,2.3,1.1,,,,,
Navata,Girona,17111,42.2248425,2.8584815,1507,685,120.0,13.4,,,,,
Lumbrales,Salamanca,37173,40.9364713,-6.7204227,1507,2315,-34.9,-11.2,,,,,
Allande,Asturias,33001,43.271901,-6.6097123,1506,2613,-42.4,-14.7,,,,,
Esparragalejo,Badajoz,06046,38.9442077,-6.4362312,1506,1565,-3.8,1.2,,,,,
Sallent de Gállego,Huesca,22204,42.77121,-0.3340877,1505,983,53.1,3.0,,,,,
Torrecaballeros,Segovia,40203,40.9951334,-4.0218815,1505,443,239.7,15.9,,,,,
"Alberca de Záncara, La",Cuenca,16007,39.5142257,-2.4924704,1504,1769,-15.0,-8.9,,,,,
Altorricón,Huesca,22025,41.8011765,0.4131591,1504,1454,3.4,2.6,,,,,
Bélmez de la Moraleda,Jaén,23015,37.7238028,-3.3823692,1504,2011,-25.2,-8.6,,,,,
Corbins,Lleida,25078,41.6905677,0.6930804,1502,1037,44.8,7.2,,,,,
"Castillo de las Guardas, El",Sevilla,41031,37.6936222,-6.3139109,1501,1600,-6.2,1.4,,,,,
"Navas de la Concepción, Las",Sevilla,41066,37.9328621,-5.4651802,1501,1926,-22.1,-7.9,,,,,
Barx,Valencia,46046,39.0148124,-0.302021,1501,1203,24.8,17.3,,,,,
Melgar de Fernamental,Burgos,09211,42.4036374,-4.2469137,1496,2057,-27.3,-11.7,,,,,
Segura,Gipuzkoa,20070,43.0090019,-2.2530011,1496,1263,18.4,1.6,,,,,
Teverga,Asturias,33072,43.1580749,-6.1034999,1495,2335,-36.0,-13.1,,,,,
Belchite,Zaragoza,50045,41.3061444,-0.7547209,1495,1628,-8.2,-4.1,,,,,
Ibeas de Juarros,Burgos,09177,42.3316845,-3.5358434,1492,966,54.5,8.7,,,,,
Cádiar,Granada,18035,36.9462307,-3.1802705,1491,1754,-15.0,-2.4,,,,,
Peñas de San Pedro,Albacete,02060,38.7266169,-2.0019637,1488,1282,16.1,4.2,,,,,
Añora,Córdoba,14006,38.4123556,-4.8976316,1487,1650,-9.9,-4.6,,,,,
Ramirás,Ourense,32068,42.1866663,-8.0231089,1485,2100,-29.3,-5.5,,,,,
Fontcoberta,Girona,17071,42.1425379,2.7897817,1483,1015,46.1,0.8,,,,,
Molledo,Cantabria,39046,43.15187,-4.0428,1482,2024,-26.8,-6.7,,,,,
Soto de la Vega,León,24166,42.331609,-5.8816802,1481,2101,-29.5,-7.4,,,,,
Taboadela,Ourense,32079,42.2406812,-7.8253132,1480,1756,-15.7,0.3,,,,,
Ledesma,Salamanca,37170,41.0903872,-5.9987649,1480,2008,-26.3,-16.2,,,,,
Valderas,León,24181,42.0787776,-5.444744,1479,2305,-35.8,-16.8,,,,,
Erriberabeitia,Álava,01047,42.7122661,-2.9180652,1477,465,217.6,9.2,,,,,
Sant Iscle de Vallalta,Barcelona,08193,41.62433,2.56914,1477,712,107.4,14.3,,,,,
Belvís de la Jara,Toledo,45020,39.7594199,-4.9496046,1475,1808,-18.4,-8.4,,,,,
Quintanar de la Sierra,Burgos,09289,41.9816833,-3.0413087,1474,2220,-33.6,-19.0,,,,,
Castellnou de Bages,Barcelona,08062,41.8348967,1.8365127,1473,378,289.7,14.5,,,,,
Estremera,Madrid,28055,40.1847306,-3.1062403,1473,1076,36.9,11.7,,,,,
Villalón de Campos,Valladolid,47214,42.0984494,-5.0347132,1473,2166,-32.0,-12.8,,,,,
Baños de Molgas,Ourense,32007,42.2418656,-7.6727944,1471,2292,-35.8,-10.7,,,,,
Urkabustaiz,Álava,01054,42.9527247,-2.8985342,1470,836,75.8,9.8,,,,,
Alfamén,Zaragoza,50018,41.4383641,-1.2431728,1470,1319,11.4,0.3,,,,,
Condado de Treviño,Burgos,09109,42.7347155,-2.7469278,1468,852,72.3,9.7,,,,,
Lozoyuela-Navas-Sieteiglesias,Madrid,28901,40.9263383,-3.6176377,1468,622,136.0,21.3,,,,,
Alcàntera de Xúquer,Valencia,46016,39.068793,-0.5620285,1468,1492,-1.6,11.3,,,,,
Mahora,Albacete,02046,39.213347,-1.7243828,1465,1397,4.9,8.1,,,,,
Agoncillo,La Rioja,26002,42.4451704,-2.2913654,1464,885,65.4,32.7,,,,,
Macastre,Valencia,46158,39.3820383,-0.7854865,1461,997,46.5,18.1,,,,,
Guijo de Galisteo,Cáceres,10089,40.0933514,-6.4102612,1460,1841,-20.7,-6.4,,,,,
Bande,Ourense,32006,42.0316148,-7.9749081,1460,2798,-47.8,-12.5,,,,,
Laguardia,Álava,01031,42.5535011,-2.5850848,1459,1423,2.5,-1.3,,,,,
Iza/Itza,Navarra,31131,42.8844329,-1.7674417,1459,660,121.1,20.3,,,,,
Legorreta,Gipuzkoa,20052,43.0848925,-2.1486222,1457,1420,2.6,1.0,,,,,
Sant Julià del Llor i Bonmatí,Girona,17903,41.9703869,2.6654617,1457,914,59.4,13.7,,,,,
Carrascal de Barregas,Salamanca,37087,40.9785475,-5.761562,1456,376,287.2,30.3,,,,,
"Roca de la Sierra, La",Badajoz,06115,39.1082531,-6.6888912,1454,1629,-10.7,-3.8,,,,,
Villadiego,Burgos,09427,42.5147918,-4.0107323,1453,2090,-30.5,-7.9,,,,,
"Ronquillo, El",Sevilla,41083,37.7260948,-6.1765564,1453,1419,2.4,4.0,,,,,
Algar,Cádiz,11003,36.6566286,-5.6564009,1452,1906,-23.8,1.6,,,,,
Serradilla,Cáceres,10175,39.8294906,-6.1399404,1448,2027,-28.6,-11.4,,,,,
Cardeñadijo,Burgos,09073,42.3007027,-3.667743,1445,467,209.4,10.6,,,,,
Peraleda de la Mata,Cáceres,10140,39.8530905,-5.460001,1444,1468,-1.6,3.2,,,,,
Olazti/Olazagutía,Navarra,31189,42.8756978,-2.1964564,1444,1622,-11.0,-5.1,,,,,
Piornal,Cáceres,10147,40.1177645,-5.8485639,1443,1581,-8.7,-6.7,,,,,
Font-rubí,Barcelona,08085,41.4142176,1.6506513,1441,1186,21.5,5.7,,,,,
Pedroche,Córdoba,14051,38.4275719,-4.7629857,1441,1862,-22.6,-10.1,,,,,
Tórtola de Henares,Guadalajara,19286,40.7066484,-3.1242146,1439,399,260.7,45.9,,,,,
Caso,Asturias,33015,43.1824824,-5.3443749,1437,2118,-32.2,-11.5,,,,,
Lubrín,Almería,04059,37.216181,-2.0669673,1434,1823,-21.3,-3.4,,,,,
Villalpando,Zamora,49250,41.8649054,-5.4112313,1433,1782,-19.6,-6.2,,,,,
Palenciana,Córdoba,14048,37.2486227,-4.5825794,1431,1563,-8.4,-5.0,,,,,
Santiso,A Coruña,15079,42.8451617,-8.0406231,1430,2324,-38.5,-14.5,,,,,
Gurrea de Gállego,Huesca,22119,42.0149023,-0.7618767,1430,1895,-24.5,-5.5,,,,,
Villalba de los Barros,Badajoz,06152,38.6134592,-6.5091483,1429,1748,-18.2,-9.0,,,,,
Alcalalí,Alicante,03006,38.7496486,-0.0414327,1428,842,69.6,10.6,,,,,
Benaoján,Málaga,29028,36.7188117,-5.2533743,1427,1704,-16.3,-4.3,,,,,
Pelabravo,Salamanca,37240,40.9366792,-5.5790972,1427,712,100.4,24.0,,,,,
Alaejos,Valladolid,47004,41.3074062,-5.2160343,1427,1717,-16.9,1.9,,,,,
Vallbona d'Anoia,Barcelona,08292,41.5194769,1.7082922,1424,1037,37.3,0.8,,,,,
Llucena/Lucena del Cid,Castellón,12072,40.1380471,-0.2803675,1421,1629,-12.8,3.6,,,,,
Congosto,León,24057,42.6175246,-6.5201227,1418,1788,-20.7,-9.0,,,,,
Gamiz-Fika,Bizkaia,48038,43.3269807,-2.8184337,1414,987,43.3,3.6,,,,,
Anchuelo,Madrid,28012,40.4653862,-3.2689196,1414,596,137.2,16.4,,,,,
Segurilla,Toledo,45160,40.0227539,-4.8657291,1412,952,48.3,7.2,,,,,
Casas de Juan Núñez,Albacete,02021,39.1019705,-1.5577523,1409,1322,6.6,6.9,,,,,
Villanueva del Duque,Córdoba,14070,38.3932039,-4.9995818,1409,1895,-25.6,-7.3,,,,,
Puigverd de Lleida,Lleida,25182,41.5436104,0.7334031,1409,1005,40.2,2.6,,,,,
Rafelcofer,Valencia,46208,38.9327181,-0.1664006,1409,1390,1.4,2.5,,,,,
Trillo,Guadalajara,19291,40.7014301,-2.5930177,1406,1467,-4.2,1.0,,,,,
Merindad de Río Ubierna,Burgos,09906,42.4332631,-3.681001,1400,1253,11.7,-4.2,,,,,
Trujillanos,Badajoz,06135,38.9526475,-6.2573481,1397,1257,11.1,-1.5,,,,,
Albudeite,Murcia,30004,38.0275699,-1.3854647,1395,1328,5.0,1.2,,,,,
"Pla del Penedès, El",Barcelona,08164,41.4176191,1.7113804,1393,953,46.2,11.2,,,,,
Casatejada,Cáceres,10058,39.8861732,-5.6822114,1393,1338,4.1,-1.4,,,,,
Villanueva de Tapia,Málaga,29098,37.1835699,-4.334301,1391,1642,-15.3,-9.1,,,,,
Rubiá,Ourense,32073,42.4494484,-6.9450653,1391,1937,-28.2,-3.9,,,,,
Anglesola,Lleida,25027,41.6581289,1.0834165,1389,1211,14.7,4.0,,,,,
Titulcia,Madrid,28147,40.1379148,-3.5709978,1389,918,51.3,10.4,,,,,
Cabra del Camp,Tarragona,43036,41.3952451,1.2772435,1388,483,187.4,24.7,,,,,
Cardeña,Córdoba,14016,38.2703085,-4.3227324,1387,2009,-31.0,-10.6,,,,,
Mejorada,Toledo,45097,40.010038,-4.8831104,1387,1092,27.0,9.4,,,,,
Cillorigo de Liébana,Cantabria,39022,43.17608,-4.60108,1386,1166,18.9,5.8,,,,,
Muíños,Ourense,32051,41.9576701,-7.972522,1385,2207,-37.2,-11.9,,,,,
Almoster,Tarragona,43011,41.1960574,1.1111352,1384,679,103.8,-1.2,,,,,
Vila-rodona,Tarragona,43170,41.3108464,1.3581489,1382,1005,37.5,10.1,,,,,
Minaya,Albacete,02048,39.2698449,-2.3212493,1381,1772,-22.1,-10.5,,,,,
Almoguera,Guadalajara,19021,40.2968314,-2.9844461,1379,862,60.0,1.9,,,,,
Riós,Ourense,32071,41.9745769,-7.2823706,1379,2467,-44.1,-16.2,,,,,
Puebla de Sanabria,Zamora,49166,42.054621,-6.6342086,1378,1739,-20.8,-5.6,,,,,
Relleu,Alicante,03112,38.5874435,-0.3111354,1375,822,67.3,9.3,,,,,
Casas de Don Pedro,Badajoz,06033,39.1050329,-5.3287379,1375,1827,-24.7,-10.9,,,,,
Cabanillas,Navarra,31062,42.0328841,-1.5254634,1373,1464,-6.2,-1.4,,,,,
Boal,Asturias,33007,43.4290269,-6.8172064,1372,2720,-49.6,-15.9,,,,,
Albocàsser,Castellón,12003,40.3577713,0.0241661,1370,1399,-2.1,5.1,,,,,
Miralcamp,Lleida,25135,41.6049685,0.8801705,1369,1254,9.2,0.0,,,,,
Bóveda,Lugo,27008,42.6240523,-7.4847221,1369,2185,-37.3,-10.9,,,,,
Belmonte de Miranda,Asturias,33005,43.283054,-6.217648,1366,2456,-44.4,-14.5,,,,,
Galaroza,Huelva,21034,37.9262801,-6.7087298,1366,1594,-14.3,-4.5,,,,,
Casavieja,Ávila,05054,40.2814171,-4.7675329,1362,1679,-18.9,-7.9,,,,,
Riudecanyes,Tarragona,43127,41.1303686,0.9618942,1362,596,128.5,22.0,,,,,
Alcolea de Calatrava,Ciudad Real,13007,38.9861733,-4.1152469,1360,1626,-16.4,-5.8,,,,,
"Guijarrosa, La",Córdoba,14902,37.6374463,-4.8653984,1358,,,,,,,,
Aramaio,Álava,01003,43.0527681,-2.5646263,1354,1345,0.7,-9.9,,,,,
Comares,Málaga,29044,36.8494448,-4.2480998,1354,1405,-3.6,0.4,,,,,
Tous,Valencia,46246,39.1397505,-0.5881834,1354,1205,12.4,6.6,,,,,
Mayorga,Valladolid,47084,42.1666301,-5.2626995,1354,1712,-20.9,-17.9,,,,,
"Cruïlles, Monells i Sant Sadurní de l'Heura",Girona,17901,41.9562182,2.9909952,1350,1099,22.8,4.5,,,,,
Térmens,Lleida,25220,41.7184579,0.7631282,1350,1401,-3.6,-11.5,,,,,
Sartaguda,Navarra,31223,42.3829263,-2.0577832,1349,1376,-2.0,-1.0,,,,,
Fuerte del Rey,Jaén,23035,37.8748233,-3.8844425,1348,1183,13.9,-3.6,,,,,
Puente de Domingo Flórez,León,24122,42.4111894,-6.8199576,1348,1980,-31.9,-12.6,,,,,
Lemoiz,Bizkaia,48056,43.4120254,-2.9026473,1347,829,62.5,10.5,,,,,
"Vall de Bianya, La",Girona,17208,42.2112757,2.4535668,1347,1076,25.2,6.4,,,,,
Paderne de Allariz,Ourense,32055,42.2784577,-7.7494965,1346,1781,-24.4,-6.5,,,,,
Xunqueira de Ambía,Ourense,32036,42.2050597,-7.735161,1346,2150,-37.4,-7.9,,,,,
Riópar,Albacete,02067,38.4988481,-2.4175978,1344,1436,-6.4,-4.7,,,,,
Zahara,Cádiz,11042,36.8405841,-5.3905374,1344,1542,-12.8,-5.8,,,,,
Burujón,Toledo,45024,39.901105,-4.2981451,1344,1285,4.6,-2.5,,,,,
Irixoa,A Coruña,15039,43.2843697,-8.0646267,1343,1808,-25.7,-1.9,,,,,
Atxondo,Bizkaia,48091,43.1311851,-2.586279,1342,1490,-9.9,-2.3,,,,,
Bernuy de Porreros,Segovia,40031,40.9962216,-4.1172031,1342,336,299.4,87.4,,,,,
Perafort,Tarragona,43103,41.1902493,1.2556393,1342,515,160.6,4.7,,,,,
Cuevas Bajas,Málaga,29047,37.2355805,-4.4884171,1341,1516,-11.5,-6.2,,,,,
Ahigal,Cáceres,10006,40.1890481,-6.1880415,1340,1666,-19.6,-4.9,,,,,
"Irixo, O",Ourense,32035,42.5127537,-8.1196168,1340,2284,-41.3,-13.3,,,,,
Lakuntza,Navarra,31138,42.9222192,-2.0227655,1338,1003,33.4,5.9,,,,,
Gata,Cáceres,10084,40.2377698,-6.5965329,1335,2013,-33.7,-14.2,,,,,
Hondón de los Frailes,Alicante,03078,38.2757919,-0.9299943,1334,550,142.5,14.5,,,,,
Lumbier,Navarra,31159,42.6522082,-1.3083408,1330,1420,-6.3,0.9,,,,,
Alcántara,Cáceres,10008,39.7206785,-6.8869875,1329,1876,-29.2,-12.5,,,,,
Algueña,Alicante,03013,38.3380526,-1.0030284,1328,1425,-6.8,-4.5,,,,,
Torres,Jaén,23090,37.7846518,-3.5081897,1328,1882,-29.4,-12.2,,,,,
Almadén de la Plata,Sevilla,41009,37.8736407,-6.0804954,1328,1696,-21.7,-9.1,,,,,
San Cristóbal de Entreviñas,Zamora,49187,42.0468353,-5.6345483,1328,1646,-19.3,-8.7,,,,,
Villar de Rena,Badajoz,06156,39.0767308,-5.8116914,1326,1737,-23.7,-6.0,,,,,
Potes,Cantabria,39055,43.1536831,-4.623428,1323,1622,-18.4,-2.7,,,,,
Otxandio,Bizkaia,48072,43.0408347,-2.6542222,1322,1046,26.4,2.1,,,,,
"Pobla Tornesa, la",Castellón,12094,40.1026879,-0.0014726,1322,529,149.9,10.2,,,,,
Campillo de Llerena,Badajoz,06029,38.5006708,-5.8323972,1321,1830,-27.8,-6.0,,,,,
Monterrubio de Armuña,Salamanca,37202,41.0277653,-5.6422552,1321,339,289.7,-2.4,,,,,
Bolbaite,Valencia,46073,39.0609622,-0.6744835,1320,1439,-8.3,-3.6,,,,,
Valdeaveruelo,Guadalajara,19300,40.6364026,-3.3166943,1317,234,462.8,23.5,,,,,
Pastriz,Zaragoza,50203,41.6184223,-0.7835997,1316,893,47.4,1.1,,,,,
Campillo de Altobuey,Cuenca,16042,39.610701,-1.7958658,1312,1687,-22.2,-6.6,,,,,
Carballeda de Valdeorras,Ourense,32017,42.3764827,-6.8778735,1311,2397,-45.3,-21.2,,,,,
Abenójar,Ciudad Real,13001,38.8794942,-4.3557024,1309,1834,-28.6,-10.3,,,,,
Chilluévar,Jaén,23030,38.0018558,-3.0314178,1309,1811,-27.7,-12.7,,,,,
Traspinedo,Valladolid,47173,41.5759433,-4.4746989,1308,834,56.8,20.1,,,,,
Nalda,La Rioja,26103,42.3351254,-2.4882778,1307,907,44.1,36.1,,,,,
Navas de Oro,Segovia,40145,41.195979,-4.4386447,1305,1488,-12.3,-4.0,,,,,
Figueruelas,Zaragoza,50107,41.7661327,-1.1751849,1303,955,36.4,7.0,,,,,
Traiguera,Castellón,12121,40.5246503,0.2899844,1302,1597,-18.5,-13.3,,,,,
Pozuelo del Rey,Madrid,28116,40.3664055,-3.3200082,1302,252,416.7,21.3,,,,,
Santo Domingo-Caudilla,Toledo,45901,40.011434,-4.3271507,1299,790,64.4,28.1,,,,,
Belver de Cinca,Huesca,22052,41.6910541,0.1793943,1298,1406,-7.7,0.3,,,,,
"Parra, La",Badajoz,06099,38.5212182,-6.6229261,1297,1419,-8.6,-4.9,,,,,
Lagartera,Toledo,45082,39.9065329,-5.2009586,1294,1939,-33.3,-11.9,,,,,
Ormaiztegi,Gipuzkoa,20062,43.0431256,-2.254814,1293,1182,9.4,-1.7,,,,,
"Fuente de San Esteban, La",Salamanca,37135,40.8010575,-6.2573684,1293,1594,-18.9,-4.8,,,,,
Areatza,Bizkaia,48093,43.1214494,-2.7694128,1292,1096,17.9,6.4,,,,,
Higuera de la Sierra,Huelva,21038,37.8365154,-6.4478855,1292,1291,0.1,-1.9,,,,,
Cárcheles,Jaén,23901,37.6356068,-3.6405311,1291,1564,-17.5,-6.9,,,,,
Arenas,Málaga,29019,36.8160239,-4.0441983,1291,1218,6.0,7.1,,,,,
Fuente de Pedro Naharro,Cuenca,16086,39.922986,-3.0115776,1290,1226,5.2,2.5,,,,,
Castrelo de Miño,Ourense,32022,42.2945381,-8.0924115,1289,2121,-39.2,-13.5,,,,,
Siete Aguas,Valencia,46229,39.4715188,-0.9156646,1289,1074,20.0,5.4,,,,,
Cabañas Raras,León,24027,42.6201168,-6.636473,1286,1305,-1.5,-4.3,,,,,
Atzeneta del Maestrat,Castellón,12001,40.2166007,-0.1709719,1284,1486,-13.6,-0.2,,,,,
Castilléjar,Granada,18045,37.717227,-2.6425103,1284,2120,-39.4,-7.6,,,,,
Alcaraz,Albacete,02008,38.6647483,-2.4910801,1283,1799,-28.7,-12.3,,,,,
Corçà,Girona,17057,41.9893624,3.0170799,1283,1151,11.5,2.7,,,,,
Ròtova,Valencia,46218,38.9325529,-0.2580968,1283,1345,-4.6,0.5,,,,,
Lezuza,Albacete,02043,38.9491417,-2.3539771,1281,1841,-30.4,-12.1,,,,,
Madrigal de las Altas Torres,Ávila,05114,41.0895339,-4.9994857,1281,2066,-38.0,-14.8,,,,,
Majadas,Cáceres,10114,39.9422744,-5.7473959,1281,1246,2.8,-4.5,,,,,
Colomera,Granada,18051,37.36901,-3.712395,1278,1708,-25.2,-8.4,,,,,
Tuéjar,Valencia,46247,39.7653342,-1.0406176,1278,1342,-4.8,7.1,,,,,
Sádaba,Zaragoza,50230,42.2818248,-1.2710096,1278,1722,-25.8,-6.4,,,,,
Portomarín,Lugo,27049,42.808161,-7.6156139,1277,2171,-41.2,-16.4,,,,,
Bellcaire d'Urgell,Lleida,25047,41.7589072,0.904537,1275,1369,-6.9,1.0,,,,,
Burgohondo,Ávila,05041,40.414358,-4.785769,1269,1253,1.3,5.0,,,,,
Sant Martí de Tous,Barcelona,08226,41.5621915,1.521792,1269,946,34.1,6.6,,,,,
Llers,Girona,17093,42.2956869,2.9114592,1269,833,52.3,4.9,,,,,
Abla,Almería,04001,37.1416926,-2.7792318,1268,1529,-17.1,-2.0,,,,,
Rosalejo,Cáceres,10901,39.993376,-5.4567741,1268,1875,-32.4,-14.1,,,,,
Villadangos del Páramo,León,24205,42.5172921,-5.7668042,1268,996,27.3,15.7,,,,,
Chimeneas,Granada,18061,37.1312258,-3.8235177,1265,1549,-18.3,-6.6,,,,,
"Páramo, O",Lugo,27043,42.84463,-7.4989815,1265,2018,-37.3,-13.1,,,,,
Riudecols,Tarragona,43128,41.1680845,0.9746249,1264,992,27.4,8.1,,,,,
Sant Martí de Centelles,Barcelona,08224,41.7625337,2.2484969,1263,683,84.9,12.6,,,,,
Villanueva de Duero,Valladolid,47218,41.5179063,-4.8673384,1263,938,34.6,5.6,,,,,
"Fuliola, La",Lleida,25096,41.7143699,1.0187145,1262,1264,-0.2,0.2,,,,,
Mendigorria,Navarra,31167,42.6262078,-1.8340213,1261,901,40.0,19.8,,,,,
Sarrión,Teruel,44210,40.1407038,-0.8167512,1261,1026,22.9,12.1,,,,,
Ullà,Girona,17204,42.0500542,3.1073899,1258,787,59.8,16.8,,,,,
Algámitas,Sevilla,41008,37.0163821,-5.1488476,1258,1412,-10.9,-1.9,,,,,
Cabeza la Vaca,Badajoz,06024,38.0856158,-6.4207589,1257,1684,-25.4,-8.0,,,,,
Villatuerta,Navarra,31257,42.6595159,-1.9934011,1256,786,59.8,8.8,,,,,
Navas del Madroño,Cáceres,10133,39.6233075,-6.6506496,1254,1661,-24.5,-8.0,,,,,
Sariego,Asturias,33065,43.4106542,-5.5582804,1252,1452,-13.8,-0.6,,,,,
Mazarambroz,Toledo,45096,39.694389,-4.0211162,1251,1200,4.2,-2.1,,,,,
Sesma,Navarra,31224,42.4771231,-2.0861593,1248,1408,-11.4,7.2,,,,,
Benidoleig,Alicante,03030,38.7917542,-0.0319129,1245,783,59.0,11.5,,,,,
Vilarmaior,A Coruña,15091,43.3547141,-8.1299231,1242,1435,-13.4,-1.4,,,,,
Abrucena,Almería,04002,37.1332098,-2.797482,1241,1460,-15.0,2.7,,,,,
Calvarrasa de Abajo,Salamanca,37069,40.9466557,-5.5525911,1240,997,24.4,8.5,,,,,
Laukiz,Bizkaia,48053,43.3508344,-2.9048443,1239,937,32.2,5.0,,,,,
Villoria,Salamanca,37374,40.9949984,-5.3743706,1239,1414,-12.4,-10.8,,,,,
Cercs,Barcelona,08268,42.1463987,1.8606233,1236,1496,-17.4,4.5,,,,,
Sant Guim de Freixenet,Lleida,25192,41.6575687,1.4208056,1235,1056,17.0,16.6,,,,,
Torre de Miguel Sesmero,Badajoz,06131,38.6180189,-6.7966844,1234,1275,-3.2,-2.0,,,,,
Zeanuri,Bizkaia,48024,43.0984018,-2.7494734,1234,1135,8.7,-1.4,,,,,
Vilasantar,A Coruña,15090,43.0718241,-8.1214324,1233,1748,-29.5,-3.3,,,,,
Mirandilla,Badajoz,06084,39.0008159,-6.2898087,1232,1329,-7.3,-8.3,,,,,
Encinasola,Huelva,21031,38.1369242,-6.8718109,1232,1945,-36.7,-9.7,,,,,
Montemolín,Badajoz,06086,38.1542754,-6.2123046,1231,1765,-30.3,-13.4,,,,,
Mas de las Matas,Teruel,44145,40.8330753,-0.2417955,1230,1483,-17.1,-5.5,,,,,
Nigüelas,Granada,18143,36.977772,-3.5388692,1229,1139,7.9,0.9,,,,,
Serinyà,Girona,17190,42.1687245,2.7448646,1228,776,58.2,8.5,,,,,
Villagonzalo,Badajoz,06151,38.8635538,-6.1970944,1226,1515,-19.1,-2.8,,,,,
Baltanás,Palencia,34022,41.9370606,-4.2471899,1226,1628,-24.7,-1.8,,,,,
Cuerva,Toledo,45055,39.6639009,-4.2103258,1226,1272,-3.6,-11.5,,,,,
Llaurí,Valencia,46155,39.1469364,-0.3299823,1226,1336,-8.2,1.2,,,,,
Berriatua,Bizkaia,48018,43.3085874,-2.467789,1224,978,25.2,0.8,,,,,
Zorita,Cáceres,10219,39.2841602,-5.6989098,1223,2094,-41.6,-15.4,,,,,
Moclinejo,Málaga,29071,36.7715925,-4.2554413,1222,1021,19.7,0.4,,,,,
Puigpelat,Tarragona,43119,41.2798081,1.2970011,1222,486,151.4,9.0,,,,,
Jimena,Jaén,23052,37.8409266,-3.4763632,1219,1604,-24.0,-7.9,,,,,
Liendo,Cantabria,39036,43.39374,-3.38044,1218,811,50.2,-0.7,,,,,
Mañón,A Coruña,15044,43.6426434,-7.7371134,1218,2072,-41.2,-14.2,,,,,
Campotéjar,Granada,18038,37.4813569,-3.616724,1218,1440,-15.4,-5.3,,,,,
Coripe,Sevilla,41035,36.971831,-5.4403189,1218,1620,-24.8,-8.9,,,,,
Trasmiras,Ourense,32082,42.0232495,-7.6156761,1216,1914,-36.5,-10.9,,,,,
Búger,Baleares,07009,39.759085,2.9856092,1215,926,31.2,15.7,,,,,
Matallana de Torío,León,24098,42.8383368,-5.5072788,1214,1778,-31.7,-9.5,,,,,
Cañada,Alicante,03052,38.6752399,-0.8099623,1213,1088,11.5,-2.6,,,,,
Palomeque,Toledo,45127,40.1199294,-3.9635482,1213,465,160.9,38.5,,,,,
Gérgal,Almería,04050,37.118565,-2.5395634,1211,1089,11.2,16.8,,,,,
Olost,Barcelona,08149,41.9851518,2.0941372,1209,1204,0.4,2.0,,,,,
Vilamalla,Girona,17226,42.2165982,2.9708293,1205,606,98.8,7.5,,,,,
María,Almería,04063,37.7106208,-2.1644968,1202,1658,-27.5,-7.1,,,,,
Almendral,Badajoz,06010,38.613547,-6.8224367,1202,1494,-19.5,-6.2,,,,,
Aigües,Alicante,03004,38.500265,-0.3634258,1199,544,120.4,30.2,,,,,
Ricote,Murcia,30034,38.1540529,-1.3668162,1197,1603,-25.3,-10.1,,,,,
"Gudiña, A",Ourense,32034,42.0605483,-7.1403516,1197,1866,-35.9,-11.0,,,,,
Nuñomoral,Cáceres,10135,40.4089198,-6.2446212,1196,2002,-40.3,-12.2,,,,,
Figaró-Montmany,Barcelona,08134,41.7215714,2.2724961,1195,763,56.6,9.4,,,,,
Peñamellera Baja,Asturias,33047,43.323424,-4.583991,1194,1683,-29.1,-4.7,,,,,
Moeche,A Coruña,15049,43.5631753,-8.015013,1194,1601,-25.4,-2.1,,,,,
Atzeneta d'Albaida,Valencia,46003,38.8328755,-0.4971297,1193,1243,-4.0,3.5,,,,,
Ribesalbes,Castellón,12095,40.0220526,-0.2782945,1191,1310,-9.1,-2.6,,,,,
Torà,Lleida,25223,41.8120807,1.4037146,1190,1143,4.1,-2.1,,,,,
Jerte,Cáceres,10107,40.2226297,-5.7509566,1189,1372,-13.3,-6.3,,,,,
Bossòst,Lleida,25059,42.7859893,0.69312,1189,822,44.6,5.9,,,,,
Escatrón,Zaragoza,50101,41.2870705,-0.3249532,1189,1371,-13.3,11.2,,,,,
Benissanet,Tarragona,43026,41.0572357,0.6342959,1186,1020,16.3,-2.6,,,,,
"Pedraja de Portillo, La",Valladolid,47111,41.4709074,-4.6468964,1186,1102,7.6,3.0,,,,,
Cardeñajimeno,Burgos,09074,42.3303559,-3.6208379,1185,353,235.7,14.3,,,,,
Okondo,Álava,01042,43.1607438,-3.0208345,1184,770,53.8,1.1,,,,,
"Haba, La",Badajoz,06061,38.9195448,-5.8007417,1184,1491,-20.6,-7.1,,,,,
Viladrau,Girona,17220,41.8483059,2.3906759,1184,866,36.7,15.0,,,,,
Camporrobles,Valencia,46080,39.6472415,-1.4009335,1183,1398,-15.4,-5.7,,,,,
Riotorto,Lugo,27054,43.3418272,-7.2614362,1182,2046,-42.2,-10.6,,,,,
"Zarza-Perrunal, La",Huelva,21902,37.7150428,-6.8559838,1181,,,,,,,,
Huéneja,Granada,18097,37.1769362,-2.9485635,1180,1329,-11.2,2.1,,,,,
Osorno la Mayor,Palencia,34901,42.4106725,-4.3609815,1180,1839,-35.8,-6.8,,,,,
Xerta,Tarragona,43052,40.9080065,0.4911048,1180,1216,-3.0,-0.8,,,,,
Benicull de Xúquer,Valencia,46904,39.1853985,-0.3821957,1179,,,21.3,,,,,
Vilar de Barrio,Ourense,32089,42.1602913,-7.611113,1178,2265,-48.0,-15.5,,,,,
Vilajuïga,Girona,17223,42.3255898,3.0937345,1177,856,37.5,1.9,,,,,
Valdepolo,León,24180,42.5781763,-5.2631745,1177,1684,-30.1,-5.7,,,,,
"Arcos, Los",Navarra,31029,42.5697418,-2.1923085,1177,1346,-12.6,5.2,,,,,
Sinarcas,Valencia,46232,39.7325775,-1.2300935,1176,1253,-6.1,2.4,,,,,
Cheles,Badajoz,06042,38.5125799,-7.2815483,1175,1379,-14.8,-4.2,,,,,
Landete,Cuenca,16117,39.9075815,-1.3688998,1175,1652,-28.9,-7.6,,,,,
Flaçà,Girona,17067,42.0456854,2.9569565,1175,851,38.1,15.4,,,,,
Riolobos,Cáceres,10155,39.9208114,-6.3040059,1173,1571,-25.3,-9.8,,,,,
Alfarrasí,Valencia,46027,38.9043757,-0.4967679,1173,1231,-4.7,-7.9,,,,,
Carballeda de Avia,Ourense,32018,42.3208186,-8.1648727,1172,1792,-34.6,-15.1,,,,,
Rotglà i Corberà,Valencia,46217,39.0039511,-0.5647874,1171,1018,15.0,4.3,,,,,
San Cristóbal de la Cuesta,Salamanca,37278,41.0292742,-5.6186299,1169,337,246.9,22.0,,,,,
Montiel,Ciudad Real,13057,38.6981136,-2.8652537,1167,1768,-34.0,-16.6,,,,,
Verges,Girona,17211,42.0638953,3.0466102,1167,1090,7.1,1.5,,,,,
Pedro Martínez,Granada,18152,37.5014235,-3.2303678,1166,1523,-23.4,1.4,,,,,
"Capela, A",A Coruña,15018,43.4352649,-8.0720309,1165,1642,-29.0,-11.6,,,,,
Vegas del Condado,León,24201,42.6837669,-5.3652609,1165,1440,-19.1,0.6,,,,,
Barruelo de Santullán,Palencia,34027,42.9087746,-4.2881024,1164,2052,-43.3,-5.7,,,,,
Cenizate,Albacete,02026,39.3036546,-1.6613917,1163,1091,6.6,-3.4,,,,,
Vilanova de la Barca,Lleida,25254,41.6895577,0.7288787,1163,962,20.9,10.3,,,,,
Montalbán,Teruel,44155,40.8332985,-0.7990373,1162,1668,-30.3,-9.3,,,,,
Montferrer i Castellbò,Lleida,25140,42.3417368,1.4284148,1161,730,59.0,10.6,,,,,
Botarell,Tarragona,43033,41.1362847,0.9897786,1161,510,127.6,3.7,,,,,
Medina de las Torres,Badajoz,06081,38.3414278,-6.4118371,1160,1589,-27.0,-7.6,,,,,
Villalgordo del Júcar,Albacete,02078,39.2970238,-2.0631959,1159,1328,-12.7,2.7,,,,,
Samos,Lugo,27055,42.730661,-7.3265903,1158,2242,-48.3,-16.8,,,,,
Torremocha de Jarama,Madrid,28153,40.8351205,-3.4958018,1157,322,259.3,27.7,,,,,
Cárcar,Navarra,31066,42.3913267,-1.9747429,1156,1257,-8.0,10.2,,,,,
Laza,Ourense,32039,42.0604757,-7.4612117,1156,2194,-47.3,-16.0,,,,,
"Joyosa, La",Zaragoza,50132,41.7449498,-1.0728212,1156,363,218.5,12.0,,,,,
San Pedro,Albacete,02071,38.8267126,-2.1860141,1155,1336,-13.5,-6.2,,,,,
Villasabariego,León,24225,42.532073,-5.4128322,1155,1204,-4.1,-0.1,,,,,
Vilobí del Penedès,Barcelona,08304,41.3875574,1.6632965,1154,852,35.4,4.6,,,,,
Corral de Calatrava,Ciudad Real,13035,38.8573077,-4.0807008,1154,1328,-13.1,1.8,,,,,
Rairiz de Veiga,Ourense,32067,42.0827533,-7.8331457,1154,2001,-42.3,-17.2,,,,,
Corte de Peleas,Badajoz,06040,38.7253775,-6.6710101,1153,1312,-12.1,-10.1,,,,,
Fondón,Almería,04046,36.9801455,-2.8597547,1152,934,23.3,13.3,,,,,
Vilanova de Bellpuig,Lleida,25248,41.6140501,0.9623795,1150,1184,-2.9,-1.5,,,,,
Horta de Sant Joan,Tarragona,43071,40.9554904,0.315402,1150,1272,-9.6,-3.3,,,,,
Puebla de Don Rodrigo,Ciudad Real,13068,39.0823124,-4.6168415,1148,1324,-13.3,-6.5,,,,,
Albalate de Zorita,Guadalajara,19006,40.3087162,-2.8427164,1148,1010,13.7,20.0,,,,,
Solórzano,Cantabria,39084,43.3825402,-3.5875913,1144,1014,12.8,13.0,,,,,
Santa Bárbara de Casa,Huelva,21068,37.7956688,-7.1885793,1144,1401,-18.3,5.2,,,,,
Benlloc,Castellón,12029,40.2112756,0.0270647,1143,876,30.5,4.4,,,,,
"Puente del Arzobispo, El",Toledo,45138,39.8019715,-5.171063,1143,1562,-26.8,-11.8,,,,,
Venta del Moro,Valencia,46254,39.4838261,-1.3565015,1143,1636,-30.1,-12.0,,,,,
Quirós,Asturias,33053,43.1583744,-5.9731106,1142,1738,-34.3,-7.5,,,,,
Benabarre,Huesca,22053,42.1063137,0.4820182,1142,1195,-4.4,2.8,,,,,
Cervantes,Lugo,27012,42.8726703,-7.0632108,1142,2414,-52.7,-21.7,,,,,
Páramo del Sil,León,24110,42.8210447,-6.4883427,1141,1959,-41.8,-17.4,,,,,
Lanaja,Huesca,22137,41.7730487,-0.3260224,1140,1651,-31.0,-7.4,,,,,
Canjáyar,Almería,04030,37.0104452,-2.7406217,1139,1783,-36.1,-10.9,,,,,
Galera,Granada,18082,37.7426081,-2.5507542,1139,1426,-20.1,0.5,,,,,
"Bola, A",Ourense,32014,42.1407752,-7.9294844,1139,1648,-30.9,-10.3,,,,,
Masdenverge,Tarragona,43078,40.7150044,0.5311135,1138,912,24.8,4.6,,,,,
Nerpio,Albacete,02055,38.1482489,-2.3014306,1136,1928,-41.1,-13.3,,,,,
Potries,Valencia,46198,38.915234,-0.1949104,1135,965,17.6,11.6,,,,,
Higueruela,Albacete,02039,38.9643114,-1.4443612,1133,1298,-12.7,-7.3,,,,,
Elgeta,Gipuzkoa,20033,43.1367656,-2.4874683,1133,982,15.4,1.8,,,,,
Paymogo,Huelva,21057,37.7407768,-7.3443325,1132,1294,-12.5,-7.3,,,,,
Riba-roja d'Ebre,Tarragona,43125,41.2514635,0.4855561,1132,1472,-23.1,-2.1,,,,,
Montesquiu,Barcelona,08131,42.108728,2.2086111,1131,850,33.1,21.5,,,,,
Portbou,Girona,17138,42.4274333,3.1588785,1131,1614,-29.9,-3.3,,,,,
Fermoselle,Zamora,49065,41.3174146,-6.3949234,1131,1782,-36.5,-11.4,,,,,
Alcalá del Júcar,Albacete,02007,39.1928901,-1.4289945,1130,1563,-27.7,-7.1,,,,,
Trescasas,Segovia,40207,40.9632936,-4.0357823,1130,234,382.9,7.1,,,,,
Antella,Valencia,46040,39.0792449,-0.5926271,1130,1558,-27.5,-11.1,,,,,
Maruri-Jatabe,Bizkaia,48061,43.3793511,-2.8689304,1129,580,94.7,18.3,,,,,
Montesa,Valencia,46174,38.9481556,-0.6492732,1128,1260,-10.5,-8.1,,,,,
Alcolea de Cinca,Huesca,22017,41.721179,0.1172654,1127,1245,-9.5,-2.7,,,,,
Petrés,Valencia,46192,39.6839991,-0.3102425,1124,757,48.5,17.2,,,,,
Aledo,Murcia,30006,37.7954317,-1.5731021,1123,991,13.3,19.3,,,,,
Calders,Barcelona,08034,41.7892144,1.9916386,1122,647,73.4,17.7,,,,,
"Vall de Boí, La",Lleida,25043,42.5053987,0.8009412,1122,757,48.2,9.8,,,,,
Valdelaguna,Madrid,28157,40.1605777,-3.367827,1122,540,107.8,33.4,,,,,
San Lorenzo de la Parrilla,Cuenca,16191,39.8502261,-2.359628,1119,1536,-27.1,1.3,,,,,
Valverde de Júcar,Cuenca,16236,39.7197483,-2.2211991,1118,1410,-20.7,-4.7,,,,,
Rueda,Valladolid,47139,41.4129785,-4.9597533,1118,1514,-26.2,-13.6,,,,,
Beniarrés,Alicante,03028,38.8203655,-0.3789225,1117,1464,-23.7,-4.0,,,,,
Serrada,Valladolid,47159,41.456944,-4.8625389,1117,1023,9.2,-1.9,,,,,
Orce,Granada,18146,37.7212772,-2.4794159,1116,1478,-24.5,-8.5,,,,,
Algímia d'Alfara,Valencia,46030,39.7536532,-0.3629841,1115,829,34.5,6.5,,,,,
Berastegi,Gipuzkoa,20022,43.1241497,-1.9791586,1114,932,19.5,3.3,,,,,
Senyera,Valencia,46227,39.0635511,-0.5099664,1114,885,25.9,-4.9,,,,,
"Pedernoso, El",Cuenca,16153,39.485595,-2.7463452,1113,1353,-17.7,-5.4,,,,,
Cofrentes,Valencia,46097,39.2299883,-1.0619387,1113,1007,10.5,-0.1,,,,,
Bedia,Bizkaia,48092,43.2084398,-2.8019783,1111,996,11.5,8.2,,,,,
Ayllón,Segovia,40024,41.4195795,-3.3763517,1110,1237,-10.3,-11.4,,,,,
Barcience,Toledo,45018,39.9834419,-4.2362793,1110,110,909.1,41.8,,,,,
Sobradiel,Zaragoza,50247,41.7388939,-1.0368884,1110,596,86.2,2.9,,,,,
Magallón,Zaragoza,50153,41.8326084,-1.4609335,1108,1243,-10.9,-4.2,,,,,
Arbizu,Navarra,31027,42.9148731,-2.0389985,1107,919,20.5,-0.9,,,,,
Mallabia,Bizkaia,48058,43.1895207,-2.5298369,1106,1100,0.5,-5.7,,,,,
Cala,Huelva,21016,37.9719249,-6.3168307,1106,1493,-25.9,-10.5,,,,,
Valdetorres,Badajoz,06138,38.9150466,-6.06799,1105,1385,-20.2,-9.5,,,,,
"Pobla de Lillet, La",Barcelona,08166,42.2437379,1.9749329,1105,1566,-29.4,-0.5,,,,,
"Peza, La",Granada,18154,37.2755038,-3.2849172,1104,1467,-24.7,-11.0,,,,,
Velilla del Río Carrión,Palencia,34199,42.8260298,-4.8473699,1104,1976,-44.1,-19.4,,,,,
Esgos,Ourense,32031,42.3253312,-7.6960375,1103,1438,-23.3,-7.6,,,,,
Piñor,Ourense,32061,42.4983947,-8.0051658,1103,1722,-35.9,-9.0,,,,,
Morata de Jalón,Zaragoza,50175,41.4733125,-1.4748743,1100,1614,-31.8,-6.5,,,,,
Santa Maria d'Oló,Barcelona,08258,41.8742425,2.0358546,1099,990,11.0,4.3,,,,,
Caminomorisco,Cáceres,10041,40.3263492,-6.2911549,1097,1298,-15.5,-10.7,,,,,
Carrizosa,Ciudad Real,13032,38.8420035,-2.9915308,1097,1725,-36.4,-15.6,,,,,
Valdemanco,Madrid,28158,40.8720106,-3.6629397,1097,515,113.0,20.4,,,,,
Valverde del Majano,Segovia,40216,40.9566112,-4.2347062,1097,485,126.2,2.5,,,,,
Villamiel de Toledo,Toledo,45189,39.9839099,-4.126224,1097,441,148.8,28.0,,,,,
Zarza la Mayor,Cáceres,10218,39.875449,-6.8615176,1096,1737,-36.9,-16.1,,,,,
Ariza,Zaragoza,50034,41.3103593,-2.0555644,1096,1385,-20.9,-3.8,,,,,
Cabranes,Asturias,33009,43.4174294,-5.4100147,1094,1344,-18.6,4.0,,,,,
Vilanova de Segrià,Lleida,25251,41.7121134,0.6169172,1094,705,55.2,16.3,,,,,
Casalarreina,La Rioja,26042,42.5479528,-2.9110775,1094,909,20.4,-8.3,,,,,
Aldeadávila de la Ribera,Salamanca,37014,41.2185533,-6.6197619,1094,1741,-37.2,-12.9,,,,,
Nívar,Granada,18144,37.2579297,-3.5779065,1093,646,69.2,17.5,,,,,
Baleira,Lugo,27004,43.0151911,-7.2452716,1093,2055,-46.8,-18.0,,,,,
Entrimo,Ourense,32030,41.9323691,-8.1164912,1093,1523,-28.2,-9.6,,,,,
Puebla de Alcocer,Badajoz,06102,38.9855852,-5.2554476,1091,1550,-29.6,-11.9,,,,,
Valle de Santa Ana,Badajoz,06148,38.365062,-6.7885684,1090,1288,-15.4,-6.3,,,,,
Pradoluengo,Burgos,09274,42.3240754,-3.2011736,1090,1746,-37.6,-11.6,,,,,
"Ventas con Peña Aguilera, Las",Toledo,45182,39.6108359,-4.228667,1090,1405,-22.4,-7.9,,,,,
Boltaña,Huesca,22066,42.4459826,0.0675933,1089,881,23.6,13.6,,,,,
Arcicóllar,Toledo,45015,40.0541018,-4.1159804,1089,575,89.4,38.9,,,,,
Os de Balaguer,Lleida,25156,41.8713099,0.7193399,1088,773,40.8,6.5,,,,,
San Asensio,La Rioja,26129,42.4980158,-2.7498569,1088,1345,-19.1,-6.7,,,,,
Zeberio,Bizkaia,48025,43.1477536,-2.8494464,1087,899,20.9,0.0,,,,,
Leciñena,Zaragoza,50137,41.7990634,-0.6114256,1087,1413,-23.1,-10.5,,,,,
Nevada,Granada,18903,37.0082612,-3.0143759,1086,1418,-23.4,-1.8,,,,,
Sandiás,Ourense,32077,42.1106859,-7.7577611,1086,1749,-37.9,-15.6,,,,,
Ibias,Asturias,33028,43.0386265,-6.8723938,1084,2307,-53.0,-23.2,,,,,
Villamañán,León,24212,42.3221133,-5.5833776,1084,1488,-27.2,-8.0,,,,,
Ruente,Cantabria,39066,43.2586842,-4.2673241,1083,949,14.1,3.7,,,,,
"Guájares, Los",Granada,18906,36.841441,-3.5842656,1081,1382,-21.8,2.8,,,,,
"Armentera, L'",Girona,17011,42.1718706,3.0741446,1080,749,44.2,15.5,,,,,
Quer,Guadalajara,19230,40.6071052,-3.2779955,1080,107,909.3,44.4,,,,,
Albalate de Cinca,Huesca,22007,41.7220639,0.1452258,1080,1107,-2.4,-5.8,,,,,
Melón,Ourense,32046,42.2589852,-8.2137609,1079,1691,-36.2,-15.7,,,,,
"Robledo, El",Ciudad Real,13901,39.2176173,-4.2811191,1078,1119,-3.7,-5.6,,,,,
Agulo,Santa Cruz de Tenerife,38002,28.1881791,-17.1945669,1078,1157,-6.8,0.4,,,,,
Carcaboso,Cáceres,10047,40.0490389,-6.2136144,1076,1313,-18.1,-4.2,,,,,
Ribafrecha,La Rioja,26124,42.3552837,-2.3876788,1076,1028,4.7,7.3,,,,,
Valle de la Serena,Badajoz,06146,38.7003775,-5.7993874,1075,1662,-35.3,-15.0,,,,,
Villabrágima,Valladolid,47197,41.82283,-5.11498,1075,1249,-13.9,2.9,,,,,
Valdefuentes,Cáceres,10198,39.2737556,-6.126006,1074,1606,-33.1,-15.9,,,,,
Campezo/Kanpezu,Álava,01017,42.6691469,-2.3520513,1073,1109,-3.2,1.3,,,,,
Fuente Carreteros,Córdoba,14901,37.6702769,-5.1556939,1073,,,,,,,,
Monteagudo,Navarra,31173,41.9620037,-1.6939437,1073,1189,-9.8,0.0,,,,,
Ariany,Baleares,07901,39.6507976,3.1115282,1072,801,33.8,24.8,,,,,
Trabada,Lugo,27061,43.4471608,-7.1942852,1070,1817,-41.1,-5.6,,,,,
Gimenells i el Pla de la Font,Lleida,25912,41.6519818,0.388929,1069,1162,-8.0,-3.8,,,,,
Sarreaus,Ourense,32078,42.088126,-7.6038003,1068,2099,-49.1,-15.2,,,,,
Sástago,Zaragoza,50240,41.3233679,-0.3455744,1067,1510,-29.3,-9.8,,,,,
Cenlle,Ourense,32025,42.3328245,-8.0660477,1066,1833,-41.8,-10.9,,,,,
Magaz de Pisuerga,Palencia,34098,41.9825261,-4.4279316,1065,739,44.1,10.2,,,,,
Valdegovía/Gaubea,Álava,01055,42.8471449,-3.0983442,1064,883,20.5,4.8,,,,,
Arróniz,Navarra,31036,42.5888853,-2.0907566,1064,1212,-12.2,1.8,,,,,
Fabara,Zaragoza,50102,41.1779347,0.1676066,1063,1261,-15.7,-10.2,,,,,
Llanera de Ranes,Valencia,46154,38.9928696,-0.5718391,1062,1056,0.6,1.5,,,,,
Alcañices,Zamora,49003,41.6996962,-6.3471637,1062,1229,-13.6,-4.4,,,,,
"Cabanyes, Les",Barcelona,08027,41.3715156,1.6893989,1060,468,126.5,12.4,,,,,
Villaralto,Córdoba,14072,38.4549605,-4.9845849,1059,1597,-33.7,-11.5,,,,,
Noez,Toledo,45116,39.7409874,-4.1842477,1058,902,17.3,17.7,,,,,
Soba,Cantabria,39083,43.1879106,-3.5233848,1057,1737,-39.1,-15.4,,,,,
Bustillo del Páramo,León,24026,42.4413416,-5.7915737,1057,1999,-47.1,-17.0,,,,,
Arratzua-Ubarrundia,Álava,01008,42.8892985,-2.6395793,1056,745,41.7,7.9,,,,,
Toques,A Coruña,15083,42.9668163,-7.9727602,1056,1735,-39.1,-11.7,,,,,
Laguna de Negrillos,León,24088,42.2397289,-5.6611973,1056,1656,-36.2,-3.0,,,,,
San Carlos del Valle,Ciudad Real,13074,38.8443306,-3.2416783,1055,1260,-16.3,-9.8,,,,,
Villayón,Asturias,33077,43.4476896,-6.7046079,1054,2040,-48.3,-19.8,,,,,
Feria,Badajoz,06049,38.5124226,-6.5642185,1054,1412,-25.4,-11.9,,,,,
Montillana,Granada,18137,37.5001419,-3.6723589,1054,1420,-25.8,-17.1,,,,,
San Vicente de la Sonsierra,La Rioja,26142,42.5624217,-2.7587262,1054,1119,-5.8,4.6,,,,,
Coreses,Zamora,49053,41.5485022,-5.6208725,1054,1250,-15.7,0.4,,,,,
"Port de la Selva, El",Girona,17140,42.3373159,3.2047232,1053,813,29.5,5.9,,,,,
Sanchonuño,Segovia,40179,41.3234933,-4.3052465,1053,756,39.3,11.3,,,,,
Liétor,Albacete,02044,38.5422805,-1.9558065,1052,1758,-40.2,-17.7,,,,,
Villamanrique,Ciudad Real,13090,38.5457838,-2.9979338,1050,1707,-38.5,-15.3,,,,,
Ayerbe,Huesca,22039,42.2764391,-0.6892389,1050,1142,-8.1,-4.5,,,,,
Fontellas,Navarra,31106,42.0281362,-1.5761274,1050,651,61.3,7.9,,,,,
Bàscara,Girona,17016,42.1591723,2.9092786,1049,770,36.2,7.0,,,,,
Illas,Asturias,33030,43.4954976,-5.968848,1048,1225,-14.4,2.1,,,,,
Benassal,Castellón,12026,40.3796457,-0.1422927,1048,1405,-25.4,-7.3,,,,,
Quintanilla de Onésimo,Valladolid,47129,41.6258997,-4.3627746,1043,1175,-11.2,-1.5,,,,,
"Somozas, As",A Coruña,15081,43.5349754,-7.9433899,1042,1543,-32.5,-10.2,,,,,
Casas de Fernando Alonso,Cuenca,16061,39.3485644,-2.3233662,1041,1370,-24.0,-17.2,,,,,
Astudillo,Palencia,34017,42.1927215,-4.2938662,1041,1340,-22.3,3.7,,,,,
Navalmanzano,Segovia,40141,41.2159893,-4.2557274,1041,1157,-10.0,-4.6,,,,,
Píñar,Granada,18159,37.4424506,-3.440416,1040,1422,-26.9,-9.9,,,,,
Sierra Engarcerán,Castellón,12105,40.2696396,-0.0190324,1039,1090,-4.7,2.0,,,,,
Sant Cugat Sesgarrigues,Barcelona,08206,41.3644619,1.7530702,1038,752,38.0,6.7,,,,,
Torrecillas de la Tiesa,Cáceres,10186,39.5695303,-5.7420128,1038,1278,-18.8,-7.5,,,,,
Isona i Conca Dellà,Lleida,25115,42.1179732,1.0450517,1038,1272,-18.4,-0.8,,,,,
Palmera,Valencia,46188,38.9417448,-0.1537426,1038,497,108.9,2.7,,,,,
Parcent,Alicante,03100,38.7452557,-0.0653423,1037,767,35.2,5.3,,,,,
Torrente de Cinca,Huesca,22234,41.4731333,0.3348862,1037,1142,-9.2,-10.4,,,,,
Valdecaballeros,Badajoz,06137,39.242741,-5.1897862,1036,1449,-28.5,-7.2,,,,,
Les,Lleida,25121,42.8126854,0.7118311,1036,673,53.9,8.1,,,,,
Ainzón,Zaragoza,50006,41.816236,-1.5198464,1036,1221,-15.2,-8.8,,,,,
Duruelo de la Sierra,Soria,42078,41.954084,-2.9324408,1035,1493,-30.7,-9.7,,,,,
Hormigos,Toledo,45076,40.0978717,-4.4443425,1035,434,138.5,43.4,,,,,
Alfarnate,Málaga,29003,36.9942627,-4.2604149,1034,1447,-28.5,-8.9,,,,,
"Alberca, La",Salamanca,37010,40.4889361,-6.1104867,1034,1106,-6.5,-8.1,,,,,
Santa Cristina de la Polvorosa,Zamora,49200,42.0006481,-5.7123518,1034,1314,-21.3,-5.0,,,,,
"Llosa, la",Castellón,12074,39.7686633,-0.2060316,1033,937,10.2,6.6,,,,,
Somiedo,Asturias,33068,43.0931497,-6.2572508,1031,1664,-38.0,-13.4,,,,,
Villanueva del Rey,Córdoba,14071,38.1982093,-5.1526791,1031,1259,-18.1,-5.2,,,,,
Valenzuela,Córdoba,14063,37.7751808,-4.220174,1030,1484,-30.6,-14.7,,,,,
San Amaro,Ourense,32074,42.3734131,-8.0720856,1030,1656,-37.8,-9.7,,,,,
Cervià de Ter,Girona,17050,42.0676956,2.9122136,1029,657,56.6,12.3,,,,,
Villamena,Granada,18908,36.9909182,-3.5891426,1029,1013,1.6,4.0,,,,,
Quart de les Valls,Valencia,46101,39.7398739,-0.2727995,1029,1093,-5.9,-1.0,,,,,
Benalúa de las Villas,Granada,18028,37.4317716,-3.6823181,1028,1394,-26.3,-7.1,,,,,
Allo,Navarra,31012,42.5673713,-2.0211169,1028,1049,-2.0,2.5,,,,,
Bermillo de Sayago,Zamora,49023,41.3652089,-6.1117432,1028,1549,-33.6,-5.3,,,,,
Cortegada,Ourense,32027,42.2072732,-8.170081,1027,1484,-30.8,-10.8,,,,,
Artenara,Las Palmas,35005,28.0200099,-15.6465416,1024,1250,-18.1,-9.9,,,,,
Fortaleny,Valencia,46125,39.1838545,-0.3151293,1024,997,2.7,0.3,,,,,
Corbera d'Ebre,Tarragona,43048,41.0775819,0.4776725,1023,1064,-3.9,-5.3,,,,,
Gavarda,Valencia,46130,39.0901402,-0.5450696,1023,1268,-19.3,-6.1,,,,,
Rionansa,Cantabria,39063,43.2532105,-4.407238,1022,1561,-34.5,-3.4,,,,,
Villafufre,Cantabria,39100,43.266473,-3.892813,1022,1107,-7.7,0.5,,,,,
Ítrabo,Granada,18103,36.7994012,-3.638604,1022,1052,-2.9,1.2,,,,,
Santa Elena de Jamuz,León,24154,42.2601508,-5.8883717,1021,1458,-30.0,-9.9,,,,,
Castañar de Ibor,Cáceres,10060,39.6261851,-5.4170221,1020,1397,-27.0,-6.8,,,,,
Sabero,León,24137,42.8355154,-5.1482534,1020,2026,-49.7,-15.8,,,,,
Galende,Zamora,49085,42.1051925,-6.6622276,1019,1416,-28.0,-10.7,,,,,
Roales,Zamora,49178,41.5523885,-5.7735283,1019,400,154.8,19.0,,,,,
Arrankudiaga-Zollo,Bizkaia,48009,43.1731446,-2.9199144,1018,730,39.5,3.2,,,,,
Remolinos,Zaragoza,50223,41.8386475,-1.1768198,1018,1253,-18.8,-8.5,,,,,
Ademuz,Valencia,46001,40.0631649,-1.2856816,1015,1197,-15.2,-10.7,,,,,
"Seca, La",Valladolid,47158,41.4144224,-4.9071263,1015,1066,-4.8,-8.1,,,,,
Arenas de San Juan,Ciudad Real,13018,39.2193056,-3.5027025,1013,1085,-6.6,-3.1,,,,,
Sumacàrcer,Valencia,46236,39.0962162,-0.6296261,1013,1382,-26.7,-11.1,,,,,
Igüeña,León,24083,42.7283798,-6.2769782,1012,2148,-52.9,-16.6,,,,,
Fuentes de Oñoro,Salamanca,37140,40.5885229,-6.8132385,1012,1520,-33.4,-4.3,,,,,
Barajas de Melo,Cuenca,16027,40.1234578,-2.9168828,1011,719,40.6,9.2,,,,,
Montagut i Oix,Girona,17109,42.2309257,2.5967415,1011,771,31.1,8.8,,,,,
Otívar,Granada,18148,36.815373,-3.680964,1011,1108,-8.8,-6.6,,,,,
Santorcaz,Madrid,28136,40.4718963,-3.2351787,1011,529,91.1,18.8,,,,,
"Aleixar, L'",Tarragona,43007,41.2010494,1.0451659,1009,633,59.4,13.8,,,,,
Pezuela de las Torres,Madrid,28111,40.4186699,-3.1771057,1008,540,86.7,27.1,,,,,
Brazatortas,Ciudad Real,13024,38.6570361,-4.2935853,1007,1279,-21.3,-2.5,,,,,
Fuencaliente,Ciudad Real,13042,38.405028,-4.3049563,1007,1333,-24.5,-4.5,,,,,
Beas de Granada,Granada,18024,37.2188678,-3.4807267,1007,1007,0.0,0.3,,,,,
Uruñuela,La Rioja,26160,42.4424543,-2.7080791,1007,753,33.7,4.7,,,,,
Turégano,Segovia,40208,41.1559563,-4.0060215,1007,1111,-9.4,-2.3,,,,,
Cerdido,A Coruña,15025,43.6215372,-7.998149,1006,1768,-43.1,-15.5,,,,,
Víznar,Granada,18189,37.2312071,-3.5539201,1006,742,35.6,1.1,,,,,
Macotera,Salamanca,37174,40.8307306,-5.2853851,1006,1813,-44.5,-12.4,,,,,
Quero,Toledo,45141,39.5100043,-3.2472032,1006,1391,-27.7,-5.5,,,,,
Santa Eulalia,Teruel,44209,40.5689033,-1.3144106,1004,1283,-21.7,-5.2,,,,,
Luceni,Zaragoza,50147,41.8285871,-1.2392195,1003,1074,-6.6,1.4,,,,,
Valverde de Mérida,Badajoz,06145,38.9117953,-6.2198063,1002,1124,-10.9,-7.1,,,,,
Saucedilla,Cáceres,10173,39.8523549,-5.6770328,1002,617,62.4,12.6,,,,,
Campaspero,Valladolid,47030,41.491752,-4.1940936,1001,1529,-34.5,-9.1,,,,,
Sorihuela del Guadalimar,Jaén,23084,38.2404151,-3.0536118,1000,1283,-22.1,-16.4,,,,,
Cornudella de Montsant,Tarragona,43049,41.2656573,0.9057114,999,881,13.4,3.4,,,,,
Albarracín,Teruel,44009,40.4072825,-1.4442792,998,1061,-5.9,-5.3,,,,,
Monfarracinos,Zamora,49122,41.5526221,-5.7064267,998,570,75.1,1.2,,,,,
Nonaspe,Zaragoza,50189,41.2087741,0.2478593,997,1100,-9.4,0.5,,,,,
"Mezquita, A",Ourense,32048,42.0114543,-7.0451474,996,1596,-37.6,-6.9,,,,,
Gelsa,Zaragoza,50119,41.4079032,-0.460746,996,1289,-22.7,-9.3,,,,,
Cañaveral,Cáceres,10045,39.7897226,-6.3933113,995,1593,-37.5,-4.6,,,,,
Cabanes,Girona,17030,42.3087348,2.9764243,995,770,29.2,8.7,,,,,
"Granja d'Escarp, La",Lleida,25102,41.4191264,0.3523723,994,1115,-10.9,1.7,,,,,
Castellserà,Lleida,25070,41.7461952,0.9885816,993,1139,-12.8,-3.6,,,,,
Torremayor,Badajoz,06132,38.9013623,-6.5374617,992,1131,-12.3,-2.1,,,,,
Torrecampo,Córdoba,14062,38.4744653,-4.6773881,992,1436,-30.9,-13.7,,,,,
Casar de Palomero,Cáceres,10050,40.2949671,-6.2566105,991,1411,-29.8,-16.9,,,,,
Almonacid de Toledo,Toledo,45012,39.7538204,-3.8543691,991,786,26.1,16.5,,,,,
Jete,Granada,18109,36.7974469,-3.6679211,990,754,31.3,9.5,,,,,
Olius,Lleida,25151,41.9780645,1.5561014,990,482,105.4,6.6,,,,,
Arakil,Navarra,31025,42.9184675,-1.8286391,990,856,15.7,4.0,,,,,
Tornavacas,Cáceres,10183,40.2556866,-5.6885137,989,1416,-30.2,-12.7,,,,,
Garriguella,Girona,17077,42.3446368,3.0642397,989,666,48.5,15.8,,,,,
Ribera d'Urgellet,Lleida,25185,42.3124101,1.3831612,989,743,33.1,2.8,,,,,
Otero de Herreros,Segovia,40152,40.817303,-4.2075237,987,812,21.6,1.6,,,,,
Aiguamúrcia,Tarragona,43001,41.329339,1.3585409,987,614,60.7,9.3,,,,,
Villanueva de San Juan,Sevilla,41100,37.0502525,-5.1752275,986,1610,-38.8,-18.0,,,,,
Albaladejo,Ciudad Real,13004,38.617876,-2.806439,984,1753,-43.9,-20.3,,,,,
Sant Llorenç de Morunys,Lleida,25193,42.1360783,1.5885869,983,900,9.2,1.8,,,,,
Bodonal de la Sierra,Badajoz,06021,38.1466547,-6.5610663,982,1306,-24.8,-8.2,,,,,
Rasines,Cantabria,39058,43.3068101,-3.4261975,980,1016,-3.5,2.2,,,,,
Villalpardo,Cuenca,16248,39.4719685,-1.6245716,979,1123,-12.8,0.7,,,,,
Jayena,Granada,18107,36.9490364,-3.8228407,979,1479,-33.8,-12.5,,,,,
Sepúlveda,Segovia,40195,41.2972525,-3.7486519,979,1343,-27.1,-12.7,,,,,
Matapozuelos,Valladolid,47082,41.4139112,-4.7900363,977,1017,-3.9,-6.1,,,,,
Cabuérniga,Cantabria,39014,43.2264717,-4.3015564,976,1152,-15.3,-3.6,,,,,
Turcia,León,24173,42.5349945,-5.8766391,974,1434,-32.1,-6.3,,,,,
Verea,Ourense,32084,42.0989391,-7.9510671,974,1505,-35.3,-0.9,,,,,
Folgoso de la Ribera,León,24071,42.6437299,-6.3195105,973,1442,-32.5,-14.8,,,,,
Oteiza,Navarra,31200,42.6194776,-1.9537957,972,921,5.5,3.5,,,,,
Elciego,Álava,01022,42.5153808,-2.6181739,971,921,5.4,-3.4,,,,,
Pastrana,Guadalajara,19212,40.4178968,-2.9225859,971,1209,-19.7,6.1,,,,,
Navia de Suarna,Lugo,27034,42.9643369,-7.0060186,971,2116,-54.1,-18.1,,,,,
Castellfollit de la Roca,Girona,17046,42.2193323,2.5512465,966,1006,-4.0,-0.4,,,,,
"Real de San Vicente, El",Toledo,45144,40.1368529,-4.6905151,966,985,-1.9,-3.2,,,,,
Fernán Caballero,Ciudad Real,13040,39.122427,-3.9011343,965,1072,-10.0,-8.7,,,,,
Fonelas,Granada,18076,37.4133515,-3.1737013,965,1306,-26.1,-5.0,,,,,
Ourol,Lugo,27038,43.5640334,-7.6425182,965,1663,-42.0,-6.7,,,,,
Guardiola de Berguedà,Barcelona,08099,42.2338584,1.8792389,964,1014,-4.9,7.5,,,,,
Camaleño,Cantabria,39015,43.150837,-4.6938837,964,1116,-13.6,-1.3,,,,,
Torquemada,Palencia,34182,42.0340573,-4.3189266,964,1266,-23.9,-4.2,,,,,
"Arenal, El",Ávila,05013,40.2670677,-5.0853996,961,1109,-13.3,-3.7,,,,,
Vilabertran,Girona,17214,42.2826972,2.9814591,961,795,20.9,4.6,,,,,
Cabanillas de la Sierra,Madrid,28029,40.8216089,-3.6259742,961,410,134.4,33.7,,,,,
Dozón,Pontevedra,36016,42.5721904,-8.0465891,961,2538,-62.1,-13.2,,,,,
Calaceite,Teruel,44049,41.0166659,0.189182,961,1238,-22.4,-7.5,,,,,
Udías,Cantabria,39090,43.3383743,-4.2480115,960,847,13.3,6.3,,,,,
Freila,Granada,18078,37.5288858,-2.9072558,960,1133,-15.3,7.4,,,,,
"Llacuna, La",Barcelona,08104,41.4729806,1.534607,959,842,13.9,10.0,,,,,
"Borge, El",Málaga,29030,36.8145004,-4.2348314,958,1046,-8.4,-0.2,,,,,
Amezketa,Gipuzkoa,20008,43.0489646,-2.0878104,956,1005,-4.9,1.9,,,,,
Taberno,Almería,04089,37.4683539,-2.0779837,955,1023,-6.6,-1.7,,,,,
Jérez del Marquesado,Granada,18108,37.1837778,-3.1596338,955,1214,-21.3,-5.4,,,,,
"Useres, les/Useras",Castellón,12122,40.1572436,-0.1628262,954,1094,-12.8,-4.0,,,,,
Bédar,Almería,04022,37.1909576,-1.9806488,953,552,72.6,7.7,,,,,
Quéntar,Granada,18168,37.1920952,-3.4667577,952,1134,-16.0,-0.2,,,,,
Tardienta,Huesca,22226,41.9784326,-0.536013,952,1087,-12.4,-1.3,,,,,
Castelldans,Lleida,25067,41.4980663,0.7663389,952,949,0.3,-0.6,,,,,
"Énova, l'",Valencia,46119,39.0444939,-0.4808417,952,1104,-13.8,1.7,,,,,
Maials,Lleida,25133,41.3640737,0.5053309,951,1017,-6.5,0.1,,,,,
Bonete,Albacete,02018,38.8703455,-1.3486934,950,1245,-23.7,-15.4,,,,,
"Pesga, La",Cáceres,10144,40.3261827,-6.1757638,950,1295,-26.6,-14.3,,,,,
Cortes y Graena,Granada,18054,37.3037431,-3.2186535,949,1026,-7.5,-7.0,,,,,
"Arnoia, A",Ourense,32003,42.25321,-8.1360932,949,1209,-21.5,-5.3,,,,,
Hospital de Órbigo,León,24082,42.463588,-5.8819148,948,1195,-20.7,-4.5,,,,,
"Pinell de Brai, El",Tarragona,43106,41.0170682,0.5151803,948,1125,-15.7,-6.5,,,,,
Tivenys,Tarragona,43149,40.9063633,0.5123178,948,961,-1.4,6.9,,,,,
Castrelo do Val,Ourense,32021,41.9905158,-7.4232094,947,1327,-28.6,-11.2,,,,,
Alhambra,Ciudad Real,13010,38.8995809,-3.0528676,946,1341,-29.5,-7.4,,,,,
Montejaque,Málaga,29074,36.7338717,-5.2514725,945,1069,-11.6,-6.5,,,,,
Llocnou d'En Fenollet,Valencia,46151,39.0124141,-0.4664784,944,731,29.1,4.1,,,,,
"Valle, El",Granada,18902,36.9292872,-3.5825469,941,1431,-34.2,-2.4,,,,,
Iznate,Málaga,29062,36.7762195,-4.1849082,940,754,24.7,7.6,,,,,
Oña,Burgos,09238,42.7343909,-3.413458,938,1798,-47.8,-12.7,,,,,
Olaberria,Gipuzkoa,20058,43.0269276,-2.2036619,938,1010,-7.1,-0.3,,,,,
Illana,Guadalajara,19152,40.1840715,-2.9082083,938,702,33.6,33.6,,,,,
Bujaraloz,Zaragoza,50059,41.4979089,-0.1511751,938,1035,-9.4,-5.8,,,,,
Fontanars dels Alforins,Valencia,46124,38.7841381,-0.7855195,936,970,-3.5,-3.8,,,,,
"Puebla de Híjar, La",Teruel,44191,41.2132393,-0.4456249,935,1145,-18.3,0.5,,,,,
Sant Bartomeu del Grau,Barcelona,08199,41.9807659,2.1750391,933,1215,-23.2,9.8,,,,,
Alpujarra de la Sierra,Granada,18904,36.9808774,-3.1556909,933,1219,-23.5,-10.1,,,,,
Pacs del Penedès,Barcelona,08154,41.3615067,1.6698611,932,620,50.3,4.3,,,,,
Layos,Toledo,45083,39.77672,-4.0638382,931,273,241.0,49.0,,,,,
Corrales del Vino,Zamora,49054,41.3577746,-5.7252637,930,1218,-23.6,-9.0,,,,,
Lantarón,Álava,01902,42.7162423,-2.9661158,929,829,12.1,4.6,,,,,
Barbens,Lleida,25041,41.6777676,1.0164683,929,752,23.5,-1.5,,,,,
Forua,Bizkaia,48906,43.3349657,-2.6754622,928,977,-5.0,-0.6,,,,,
Torre de Juan Abad,Ciudad Real,13084,38.5845739,-3.0609335,928,1521,-39.0,-14.2,,,,,
Rellinars,Barcelona,08179,41.6367945,1.910447,926,326,184.0,28.1,,,,,
Ulea,Murcia,30040,38.1377134,-1.3321696,926,1010,-8.3,1.4,,,,,
Olvan,Barcelona,08144,42.0571091,1.9064046,924,950,-2.7,8.1,,,,,
Obanos,Navarra,31183,42.6808183,-1.7851016,924,750,23.2,0.1,,,,,
Babilafuente,Salamanca,37038,40.9776248,-5.4252383,924,1013,-8.8,6.3,,,,,
Linares de Riofrío,Salamanca,37172,40.5822963,-5.9195865,924,1084,-14.8,-6.7,,,,,
Carpio,Valladolid,47035,41.2126514,-5.10906,923,1244,-25.8,-11.8,,,,,
Mombeltrán,Ávila,05132,40.2594639,-5.0167649,922,1225,-24.7,-17.0,,,,,
Valderredible,Cantabria,39094,42.8058526,-3.9407485,922,1165,-20.9,-7.9,,,,,
Folgoso do Courel,Lugo,27017,42.5882486,-7.1925449,921,1704,-46.0,-13.1,,,,,
Maguilla,Badajoz,06076,38.3676322,-5.8375866,919,1171,-21.5,-8.0,,,,,
Alagón del Río,Cáceres,10903,39.9734357,-6.3171133,919,,,-2.2,,,,,
Larraun,Navarra,31144,42.9916273,-1.8831014,918,1120,-18.0,-6.8,,,,,
Morales de Toro,Zamora,49129,41.5365564,-5.3068437,918,1156,-20.6,-8.9,,,,,
Mira,Cuenca,16126,39.7210593,-1.4395226,917,1152,-20.4,-5.7,,,,,
Esterri d'Àneu,Lleida,25086,42.6274685,1.1228821,917,611,50.1,16.2,,,,,
Alhama de Aragón,Zaragoza,50020,41.2965036,-1.8949513,917,1217,-24.7,-11.3,,,,,
Mozoncillo,Segovia,40134,41.1463081,-4.1867595,916,1052,-12.9,-0.2,,,,,
Sudanell,Lleida,25211,41.556894,0.5669118,915,736,24.3,5.5,,,,,
Maspujols,Tarragona,43081,41.1817965,1.0457853,915,414,121.0,18.2,,,,,
"Nava de Santiago, La",Badajoz,06090,39.0626847,-6.5060021,914,1173,-22.1,-8.3,,,,,
Ventalló,Girona,17210,42.1491351,3.0268953,914,547,67.1,14.0,,,,,
"Nogais, As",Lugo,27037,42.8089027,-7.1089861,914,1738,-47.4,-21.3,,,,,
Calera de León,Badajoz,06026,38.1061495,-6.3362417,912,1159,-21.3,-9.1,,,,,
Esparragosa de la Serena,Badajoz,06047,38.6495117,-5.6047389,912,1146,-20.4,-12.6,,,,,
Castellnovo,Castellón,12039,39.8620764,-0.4574769,912,1037,-12.1,-7.0,,,,,
Priego,Cuenca,16170,40.449201,-2.3134558,912,1025,-11.0,-6.3,,,,,
Cáseda,Navarra,31069,42.5242929,-1.3674903,912,1078,-15.4,-5.9,,,,,
Letur,Albacete,02042,38.3661429,-2.1009119,911,1386,-34.3,-6.4,,,,,
Rossell,Castellón,12096,40.61827,0.2214019,910,1206,-24.5,-9.2,,,,,
Panticosa,Huesca,22170,42.7236963,-0.2843924,910,613,48.5,17.6,,,,,
Alar del Rey,Palencia,34005,42.6595668,-4.3111784,910,1334,-31.8,-7.3,,,,,
"Mata, La",Toledo,45095,39.9426021,-4.4384223,910,1010,-9.9,0.2,,,,,
Villagarcía de la Torre,Badajoz,06150,38.2937815,-6.0793579,909,1056,-13.9,-3.5,,,,,
Monroy,Cáceres,10125,39.637491,-6.21351,909,1278,-28.9,-9.5,,,,,
Chillarón de Cuenca,Cuenca,16023,40.1047007,-2.2210894,907,307,195.4,62.8,,,,,
Arroyomolinos de León,Huelva,21009,38.0235708,-6.4224907,907,1168,-22.3,-7.7,,,,,
Orxeta,Alicante,03098,38.5634477,-0.2614226,906,470,92.8,16.5,,,,,
Navajas,Castellón,12081,39.8769924,-0.5075395,906,484,87.2,21.6,,,,,
Santa María la Real de Nieva,Segovia,40185,41.0706092,-4.4065179,906,1545,-41.4,-10.6,,,,,
"Vall de Laguar, la",Alicante,03137,38.7774082,-0.1093889,905,918,-1.4,13.0,,,,,
Ribatejada,Madrid,28122,40.6668066,-3.3926066,905,307,194.8,31.3,,,,,
Nombela,Toledo,45117,40.1570908,-4.5033817,904,951,-4.9,-1.7,,,,,
Cózar,Ciudad Real,13037,38.6608157,-3.0735807,903,1373,-34.2,-15.0,,,,,
Albanchez de Mágina,Jaén,23001,37.7919927,-3.4678765,903,1540,-41.4,-15.8,,,,,
Miranda de Arga,Navarra,31171,42.4829542,-1.8269034,903,978,-7.7,6.9,,,,,
Escañuela,Jaén,23031,37.8787752,-4.0334742,902,1005,-10.2,-4.8,,,,,
Beariz,Ourense,32011,42.4661998,-8.2707274,901,1735,-48.1,-10.2,,,,,
Aldover,Tarragona,43006,40.8800537,0.5000194,901,794,13.5,4.4,,,,,
Villarquemado,Teruel,44261,40.5170637,-1.265061,901,1005,-10.3,4.4,,,,,
Rielves,Toledo,45147,39.9607218,-4.1930252,900,493,82.6,20.6,,,,,
Sasamón,Burgos,09363,42.4179379,-4.0432798,898,1593,-43.6,-14.7,,,,,
Vilademuls,Girona,17218,42.138644,2.8879149,898,751,19.6,11.1,,,,,
Castrocalbón,León,24046,42.1953893,-5.9799674,898,1449,-38.0,-12.0,,,,,
"Saus, Camallera i Llampaies",Girona,17187,42.1227118,2.9634746,897,703,27.6,6.5,,,,,
Lapuebla de Labarca,Álava,01033,42.4934805,-2.5755974,895,861,3.9,5.0,,,,,
Maluenda,Zaragoza,50159,41.287275,-1.6159405,895,1031,-13.2,-9.5,,,,,
Ribas de Sil,Lugo,27052,42.466356,-7.287276,894,1588,-43.7,-9.9,,,,,
Villardompardo,Jaén,23098,37.8381084,-4.0017495,893,1279,-30.2,-12.2,,,,,
Valdevimbre,León,24187,42.4195695,-5.6202669,892,1288,-30.7,-12.2,,,,,
Santibáñez de la Peña,Palencia,34171,42.8089295,-4.7299233,892,1636,-45.5,-17.6,,,,,
Vall-llobrega,Girona,17209,41.8792987,3.1263403,891,295,202.0,-3.4,,,,,
Quintanilla Vivar,Burgos,09301,42.414355,-3.6886408,890,369,141.2,13.5,,,,,
Lora de Estepa,Sevilla,41054,37.2687903,-4.8271052,890,741,20.1,5.0,,,,,
Huecas,Toledo,45077,40.011646,-4.195586,890,381,133.6,35.5,,,,,
Huerta de Rey,Burgos,09174,41.8401218,-3.3480473,889,1203,-26.1,-6.9,,,,,
Castillo de Bayuela,Toledo,45043,40.0998825,-4.6851982,889,1013,-12.2,-6.0,,,,,
Lumpiaque,Zaragoza,50150,41.6295982,-1.3010144,889,962,-7.6,2.5,,,,,
Vimbodí i Poblet,Tarragona,43176,41.4008278,1.0518297,887,1061,-16.4,-7.0,,,,,
Fonz,Huesca,22110,42.0097772,0.258297,886,1169,-24.2,-3.5,,,,,
Nuez de Ebro,Zaragoza,50193,41.5953014,-0.6825579,886,550,61.1,5.5,,,,,
Cantalapiedra,Salamanca,37081,41.1236417,-5.1828833,884,1413,-37.4,-13.2,,,,,
Llíber,Alicante,03085,38.7429774,0.0061079,882,527,67.4,-20.5,,,,,
Barrundia,Álava,01013,42.9162009,-2.4946246,882,554,59.2,-2.3,,,,,
Massanes,Girona,17101,41.7654696,2.6528719,882,490,80.0,18.9,,,,,
Sant Feliu de Buixalleu,Girona,17159,41.7913017,2.5861463,882,672,31.2,10.4,,,,,
Gradefes,León,24079,42.6241048,-5.22695,882,1383,-36.2,-10.6,,,,,
Higuera de la Serena,Badajoz,06064,38.645422,-5.7420357,881,1294,-31.9,-6.6,,,,,
Alfondeguilla,Castellón,12007,39.8376893,-0.2690126,881,922,-4.4,-1.5,,,,,
Allín/Allin,Navarra,31011,42.7094534,-2.074436,881,819,7.6,3.2,,,,,
Agullana,Girona,17001,42.3938409,2.8469168,880,619,42.2,4.6,,,,,
Sant Jordi Desvalls,Girona,17166,42.0714043,2.9522691,880,588,49.7,25.7,,,,,
"Sotonera, La",Huesca,22904,42.2594467,-0.5531784,879,1127,-22.0,-8.0,,,,,
Vila-sacra,Girona,17230,42.2668061,3.0170438,878,351,150.1,23.1,,,,,
Valle de Tobalina,Burgos,09412,42.7934875,-3.2702515,877,1096,-20.0,-12.0,,,,,
Cañete,Cuenca,16052,40.0423045,-1.6480255,877,843,4.0,15.5,,,,,
Verdú,Lleida,25242,41.6102775,1.143512,876,994,-11.9,-6.1,,,,,
Garganta la Olla,Cáceres,10079,40.1112342,-5.7762332,874,1207,-27.6,-13.5,,,,,
Perales del Puerto,Cáceres,10142,40.1546159,-6.6824217,874,1055,-17.2,-9.3,,,,,
Iznatoraf,Jaén,23048,38.156867,-3.0327811,874,1218,-28.2,-15.2,,,,,
Santacara,Navarra,31220,42.3755477,-1.5477333,874,1049,-16.7,-2.3,,,,,
Talayuelas,Cuenca,16202,39.8493565,-1.2837214,873,1197,-27.1,-4.1,,,,,
"Veiga, A",Ourense,32083,42.2507678,-7.0260508,873,1538,-43.2,-5.4,,,,,
Casas de Benítez,Cuenca,16060,39.3625621,-2.1296318,872,1121,-22.2,-1.2,,,,,
Novetlè/Novelé,Valencia,46180,38.9806142,-0.5474381,872,646,35.0,2.1,,,,,
Molinaseca,León,24100,42.5378376,-6.5204633,870,815,6.7,-2.0,,,,,
Valdemaqueda,Madrid,28159,40.5110297,-4.2977731,870,553,57.3,11.7,,,,,
Valdeolea,Cantabria,39092,42.8755353,-4.1631885,869,1626,-46.6,-12.0,,,,,
Santa Maria de Martorelles,Barcelona,08256,41.5198085,2.2537044,868,658,31.9,0.8,,,,,
Pedrafita do Cebreiro,Lugo,27045,42.7266132,-7.0216754,868,1716,-49.4,-20.2,,,,,
"Pinar, El",Granada,18159,37.4424506,-3.440416,867,1286,-32.6,-9.9,,,,,
Gautegiz Arteaga,Bizkaia,48041,43.3508617,-2.651532,866,778,11.3,1.8,,,,,
San Sebastián de los Ballesteros,Córdoba,14059,37.6535266,-4.8240997,865,837,3.3,6.7,,,,,
Sant Jaume de Llierca,Girona,17165,42.2119833,2.6074259,863,761,13.4,-1.1,,,,,
Santa Elena,Jaén,23076,38.3402351,-3.5395811,863,1077,-19.9,-10.7,,,,,
Villamanín,León,24901,42.9364952,-5.6565463,863,1362,-36.6,-13.8,,,,,
Villada,Palencia,34206,42.2503959,-4.9671551,863,1400,-38.4,-14.4,,,,,
Tardajos,Burgos,09377,42.3488737,-3.8186139,862,712,21.1,8.6,,,,,
"Almendro, El",Huelva,21003,37.5059879,-7.2701144,862,862,0.0,2.9,,,,,
Ballobar,Huesca,22046,41.6222036,0.1911758,862,1102,-21.8,4.5,,,,,
Palacios del Sil,León,24109,42.8760994,-6.4315336,862,1570,-45.1,-18.8,,,,,
Sant Miquel de Fluvià,Girona,17175,42.1732143,2.9904591,860,576,49.3,15.9,,,,,
San Pedro de Mérida,Badajoz,06119,38.9500043,-6.1858715,859,798,7.6,-0.1,,,,,
Chiclana de Segura,Jaén,23029,38.3115637,-3.0428203,859,1679,-48.8,-14.3,,,,,
Villamanrique de Tajo,Madrid,28173,40.0686973,-3.240078,859,585,46.8,21.8,,,,,
Novallas,Zaragoza,50190,41.9468728,-1.6957722,859,773,11.1,-1.4,,,,,
Castrillo del Val,Burgos,09086,42.3140713,-3.5846841,858,347,147.3,5.7,,,,,
Petín,Ourense,32060,42.3823388,-7.1263643,856,1187,-27.9,-10.6,,,,,
Huércanos,La Rioja,26079,42.4287945,-2.6944867,856,895,-4.4,1.3,,,,,
Escurial,Cáceres,10073,39.1682141,-5.8840442,855,986,-13.3,4.3,,,,,
Retuerta del Bullaque,Ciudad Real,13072,39.4620946,-4.40999,854,1094,-21.9,-15.1,,,,,
Villarta,Cuenca,16271,39.440988,-1.6510932,853,813,4.9,-0.6,,,,,
Organyà,Lleida,25155,42.2107781,1.327822,853,1010,-15.5,6.1,,,,,
Jorba,Barcelona,08103,41.6014534,1.547408,850,561,51.5,2.3,,,,,
Galisteo,Cáceres,10076,39.9759838,-6.2677508,849,2008,-57.7,-15.9,,,,,
Tortellà,Girona,17200,42.233331,2.630869,849,683,24.3,8.7,,,,,
Lalueza,Huesca,22136,41.8423796,-0.2585129,849,1292,-34.3,-12.8,,,,,
Baltar,Ourense,32005,41.9509014,-7.7157653,849,1361,-37.6,-13.9,,,,,
Abades,Segovia,40001,40.914854,-4.2690384,849,876,-3.1,-1.5,,,,,
Hoyos,Cáceres,10100,40.1707784,-6.7212412,848,1038,-18.3,-8.1,,,,,
"Cortijos, Los",Ciudad Real,13036,39.3142132,-4.0519421,848,1100,-22.9,-9.2,,,,,
Trabazos,Zamora,49223,41.7468132,-6.4910112,848,1003,-15.5,-12.3,,,,,
Carme,Barcelona,08048,41.5319058,1.6198579,847,685,23.6,7.1,,,,,
Santibáñez de Vidriales,Zamora,49206,42.0735273,-6.0150542,846,1437,-41.1,-17.1,,,,,
Albons,Girona,17004,42.1058271,3.0849746,845,513,64.7,10.5,,,,,
Zagra,Granada,18913,37.2534495,-4.1680873,845,1187,-28.8,-4.2,,,,,
"Valls de Valira, Les",Lleida,25239,42.3791694,1.4566095,845,748,13.0,3.4,,,,,
Don Álvaro,Badajoz,06043,38.8484898,-6.2748746,841,680,23.7,10.4,,,,,
Navalperal de Pinares,Ávila,05161,40.593737,-4.4106804,840,943,-10.9,2.7,,,,,
Castejón de Sos,Huesca,22084,42.5128511,0.4916899,840,514,63.4,13.5,,,,,
"Fatarella, La",Tarragona,43056,41.1625016,0.4734986,840,1301,-35.4,-16.3,,,,,
Erriberagoitia/Ribera Alta,Álava,01046,42.8030925,-2.908686,839,512,63.9,12.6,,,,,
Esparragosa de Lares,Badajoz,06048,38.9751739,-5.2684971,839,1247,-32.7,-12.1,,,,,
Alcolea de Tajo,Toledo,45007,39.8092556,-5.1477785,839,804,4.4,0.5,,,,,
Sobrescobio,Asturias,33067,43.2213584,-5.4557877,838,769,9.0,-2.4,,,,,
Vegaviana,Cáceres,10902,40.0414716,-6.7185681,837,,,-2.4,,,,,
Vega de Infanzones,León,24197,42.4812545,-5.533027,837,864,-3.1,-5.2,,,,,
Montemayor de Pililla,Valladolid,47093,41.5090909,-4.4593002,837,1085,-22.9,-8.0,,,,,
Partaloa,Almería,04072,37.4060229,-2.2262739,836,394,112.2,-8.6,,,,,
Tiétar,Cáceres,10904,40.0290396,-5.4831188,835,,,-10.3,,,,,
"Alamús, Els",Lleida,25004,41.6156316,0.7389985,835,671,24.4,4.5,,,,,
Fuentespina,Burgos,09141,41.6323892,-3.6853483,833,589,41.4,7.1,,,,,
Tornabous,Lleida,25225,41.7018162,1.0524009,832,830,0.2,-5.7,,,,,
Corpa,Madrid,28048,40.4235374,-3.2652482,832,384,116.7,23.8,,,,,
Candelario,Salamanca,37078,40.368422,-5.7448323,832,1157,-28.1,-10.9,,,,,
Biota,Zaragoza,50051,42.2621423,-1.1873682,832,1255,-33.7,-14.3,,,,,
Alcolea,Almería,04007,36.974836,-2.9613342,829,858,-3.4,1.7,,,,,
Lúcar,Almería,04061,37.4009313,-2.4241485,829,799,3.8,9.9,,,,,
Galdames,Bizkaia,48037,43.2541103,-3.097637,829,804,3.1,2.1,,,,,
Diezma,Granada,18067,37.3197784,-3.3326523,829,981,-15.5,5.6,,,,,
Villafranca de Ebro,Zaragoza,50285,41.5744538,-0.6503087,828,688,20.3,-0.1,,,,,
Eljas,Cáceres,10072,40.217159,-6.8468824,827,1284,-35.6,-12.0,,,,,
Tales,Castellón,12109,39.9480872,-0.3076291,827,770,7.4,1.8,,,,,
Escúzar,Granada,18072,37.0621708,-3.7611555,826,886,-6.8,5.0,,,,,
Vinuesa,Soria,42215,41.9117774,-2.7631085,826,1105,-25.2,-9.3,,,,,
Fresno el Viejo,Valladolid,47065,41.1962185,-5.1463866,825,1331,-38.0,-12.8,,,,,
Ea,Bizkaia,48028,43.3804335,-2.5848533,824,808,2.0,-2.5,,,,,
Puerto Lápice,Ciudad Real,13070,39.3243594,-3.4817078,824,1041,-20.8,-13.0,,,,,
Fondarella,Lleida,25093,41.6342812,0.8739685,823,653,26.0,3.7,,,,,
Aizarnazabal,Gipuzkoa,20003,43.2557918,-2.2362989,822,551,49.2,6.1,,,,,
Lladó,Girona,17088,42.2478898,2.8120781,822,498,65.1,9.3,,,,,
Domingo Pérez de Granada,Granada,18915,37.4964059,-3.5088958,822,,,-9.4,,,,,
Tierz,Huesca,22228,42.1322984,-0.3537028,821,183,348.6,10.5,,,,,
"Herencias, Las",Toledo,45072,39.8678726,-4.9215913,821,727,12.9,0.7,,,,,
Castilblanco,Badajoz,06035,39.2886967,-5.0871836,820,1403,-41.6,-21.2,,,,,
Basaburua,Navarra,31049,43.001054,-1.8000361,819,682,20.1,-3.6,,,,,
Yunclillos,Toledo,45204,40.0212332,-3.990001,819,609,34.5,-5.2,,,,,
Mohedas de Granadilla,Cáceres,10124,40.2686036,-6.2012779,817,1169,-30.1,-3.2,,,,,
Valderrueda,León,24183,42.7859591,-4.9745364,817,1421,-42.5,-10.1,,,,,
Arroyomolinos,Cáceres,10023,39.1855991,-6.1630632,816,1101,-25.9,1.0,,,,,
Algatocín,Málaga,29006,36.5738231,-5.2747134,816,1014,-19.5,2.6,,,,,
Uleila del Campo,Almería,04095,37.1852556,-2.2035137,815,1007,-19.1,-6.4,,,,,
Acedera,Badajoz,06001,39.0751785,-5.5720696,815,1023,-20.3,-1.0,,,,,
Cordobilla de Lácara,Badajoz,06038,39.1481035,-6.4369168,815,1030,-20.9,-13.8,,,,,
"Cumbre, La",Cáceres,10069,39.4045019,-5.9764326,815,1190,-31.5,-9.6,,,,,
Eslida,Castellón,12057,39.8794321,-0.3079326,815,775,5.2,1.2,,,,,
Valle de Hecho,Huesca,22901,42.738391,-0.7503161,813,1005,-19.1,-7.5,,,,,
Arraia-Maeztu,Álava,01037,42.7385119,-2.4473036,812,684,18.7,12.5,,,,,
Òrrius,Barcelona,08153,41.5551821,2.3549387,812,420,93.3,15.7,,,,,
Casas de Haro,Cuenca,16064,39.3250186,-2.2710778,812,908,-10.6,-7.2,,,,,
Erro,Navarra,31092,42.9623809,-1.4379135,812,787,3.2,2.9,,,,,
Ruesga,Cantabria,39067,43.2815921,-3.5603628,810,1281,-36.8,-6.9,,,,,
Estadilla,Huesca,22103,42.0574068,0.2434872,810,968,-16.3,0.2,,,,,
Berlanga de Duero,Soria,42035,41.4661935,-2.8608847,810,1238,-34.6,-12.2,,,,,
Cuacos de Yuste,Cáceres,10068,40.1052487,-5.7230387,809,892,-9.3,-4.7,,,,,
Acehúche,Cáceres,10004,39.8018959,-6.6335103,808,1007,-19.8,-1.5,,,,,
Jalance,Valencia,46142,39.1909885,-1.0772386,808,1117,-27.7,-8.7,,,,,
Torres Torres,Valencia,46245,39.7434288,-0.357507,808,417,93.8,25.5,,,,,
Canillas de Albaida,Málaga,29034,36.8461773,-3.9878112,807,659,22.5,4.4,,,,,
Etxalar,Navarra,31082,43.233558,-1.637321,807,837,-3.6,0.4,,,,,
Porqueira,Ourense,32062,42.0180568,-7.8470893,806,1229,-34.4,-6.2,,,,,
Peñalsordo,Badajoz,06100,38.819324,-5.1162166,805,1672,-51.9,-21.4,,,,,
"Torno, El",Cáceres,10184,40.1361261,-5.9440836,805,1033,-22.1,-11.3,,,,,
Castellcir,Barcelona,08055,41.7615048,2.1507238,804,307,161.9,10.7,,,,,
Aiguaviva,Girona,17002,41.9382389,2.7624155,804,432,86.1,5.4,,,,,
Borrassà,Girona,17026,42.2224982,2.9268828,804,503,59.8,13.1,,,,,
Fuenteheridos,Huelva,21033,37.9034873,-6.6617402,804,676,18.9,24.1,,,,,
Castelserás,Teruel,44068,40.9814929,-0.1442085,804,873,-7.9,-2.8,,,,,
Albarreal de Tajo,Toledo,45003,39.8974511,-4.228543,804,594,35.4,14.7,,,,,
Cantalpino,Salamanca,37082,41.0525942,-5.329936,802,1233,-35.0,-13.5,,,,,
Longares,Zaragoza,50143,41.40284,-1.1681774,802,870,-7.8,1.6,,,,,
Lupión,Jaén,23057,37.9972849,-3.5465487,801,1107,-27.6,-9.3,,,,,
Carratraca,Málaga,29036,36.8539382,-4.8209062,801,870,-7.9,6.8,,,,,
Betancuria,Las Palmas,35007,28.4249637,-14.0573104,801,592,35.3,12.2,,,,,
"Herrumblar, El",Cuenca,16098,39.4014917,-1.6232149,800,782,2.3,13.0,,,,,
Arganza,León,24007,42.6411087,-6.6854111,800,962,-16.8,-6.8,,,,,
"Garrobo, El",Sevilla,41043,37.6244685,-6.1711347,800,761,5.1,3.9,,,,,
Ginestar,Tarragona,43067,41.0432752,0.6356284,800,835,-4.2,2.8,,,,,
Horcajo de los Montes,Ciudad Real,13049,39.3264887,-4.6500868,798,1116,-28.5,-16.7,,,,,
Menàrguens,Lleida,25134,41.7300771,0.7438658,798,836,-4.5,-5.8,,,,,
Carboneras de Guadazaón,Cuenca,16055,39.8995669,-1.8115281,797,1024,-22.2,-3.6,,,,,
Totalán,Málaga,29092,36.7651731,-4.297405,797,609,30.9,12.7,,,,,
"Berrueco, El",Madrid,28021,40.8889705,-3.5614344,795,318,150.0,5.7,,,,,
Vilalba Sasserra,Barcelona,08306,41.6530012,2.4405379,794,338,134.9,16.1,,,,,
Castrojeriz,Burgos,09091,42.2883697,-4.1406403,794,1105,-28.1,-3.1,,,,,
Albuñuelas,Granada,18007,36.9286025,-3.6234882,794,1329,-40.3,-9.4,,,,,
Garray,Soria,42094,41.8150617,-2.4460875,794,336,136.3,7.0,,,,,
Fonfría,Zamora,49071,41.6361335,-6.1394852,794,1226,-35.2,-3.5,,,,,
Ahillones,Badajoz,06003,38.2600292,-5.8644659,793,1230,-35.5,-15.1,,,,,
Fortià,Girona,17074,42.2424345,3.0404198,793,485,63.5,10.0,,,,,
Alájar,Huelva,21001,37.8746137,-6.6650601,793,804,-1.4,-2.6,,,,,
Alcabón,Toledo,45004,40.0037832,-4.3687968,792,573,38.2,12.3,,,,,
Etxebarria,Bizkaia,48030,43.2549832,-2.4787005,791,788,0.4,2.1,,,,,
Campo Lugar,Cáceres,10043,39.1952574,-5.7718708,790,1250,-36.8,-12.8,,,,,
Meñaka,Bizkaia,48064,43.3627405,-2.8023477,789,473,66.8,6.5,,,,,
Corullón,León,24059,42.5807721,-6.8185695,789,1302,-39.4,-15.8,,,,,
"Bolo, O",Ourense,32015,42.3069457,-7.0994897,789,1655,-52.3,-18.1,,,,,
Camarasa,Lleida,25062,41.8756649,0.8778945,788,897,-12.2,-10.4,,,,,
Torrelameu,Lleida,25231,41.7043481,0.7028965,788,585,34.7,12.1,,,,,
Escucha,Teruel,44099,40.7946466,-0.8098411,788,1179,-33.2,-17.4,,,,,
Jarafuel,Valencia,46144,39.1398863,-1.0728491,788,1006,-21.7,0.4,,,,,
Rasquera,Tarragona,43121,41.003625,0.5988478,786,865,-9.1,-4.0,,,,,
Vilar de Santos,Ourense,32090,42.0871643,-7.7945799,784,1058,-25.9,-8.6,,,,,
Llamas de la Ribera,León,24092,42.6358722,-5.8240344,783,1297,-39.6,-9.9,,,,,
Villarramiel,Palencia,34232,42.0431165,-4.9131746,782,1122,-30.3,-6.9,,,,,
Llera,Badajoz,06073,38.4469112,-6.0567079,781,1037,-24.7,-10.2,,,,,
Torre Alháquime,Cádiz,11036,36.9156897,-5.2347672,781,1018,-23.3,-1.8,,,,,
Tamames,Salamanca,37316,40.6567714,-6.1056098,781,1074,-27.3,-5.4,,,,,
Pratdip,Tarragona,43118,41.0515188,0.8716047,781,452,72.8,13.0,,,,,
Torroella de Fluvià,Girona,17198,42.174492,3.0402489,778,316,146.2,9.4,,,,,
San Martín de Montalbán,Toledo,45151,39.7021643,-4.3880846,778,751,3.6,-1.0,,,,,
"Taha, La",Granada,18901,36.9357242,-3.3259562,777,787,-1.3,18.6,,,,,
Bonastre,Tarragona,43030,41.2211883,1.4400593,777,303,156.4,21.6,,,,,
Vega de Pas,Cantabria,39097,43.1585436,-3.7821043,776,1011,-23.2,-2.4,,,,,
Talaván,Cáceres,10178,39.7156908,-6.2812319,775,1066,-27.3,-10.5,,,,,
San Miguel del Cinca,Huesca,22903,41.8514284,0.129417,775,918,-15.6,-6.2,,,,,
Marugán,Segovia,40122,40.8960384,-4.3843027,775,337,130.0,24.2,,,,,
Belvís de Monroy,Cáceres,10026,39.8191634,-5.6090234,774,619,25.0,20.6,,,,,
Ausejo,La Rioja,26020,42.3447755,-2.1690484,774,777,-0.4,-5.0,,,,,
Bugarra,Valencia,46076,39.6085472,-0.7758284,774,855,-9.5,6.3,,,,,
Fuendejalón,Zaragoza,50113,41.7605872,-1.47223,774,935,-17.2,-1.5,,,,,
Modúbar de la Emparedada,Burgos,09221,42.2599799,-3.6593957,773,240,222.1,24.5,,,,,
Felix,Almería,04043,36.8686676,-2.6576842,771,562,37.2,17.2,,,,,
Lanzahíta,Ávila,05110,40.205933,-4.9345405,771,933,-17.4,-12.9,,,,,
Benquerencia de la Serena,Badajoz,06018,38.6994635,-5.4952776,771,1117,-31.0,-10.9,,,,,
Santa Magdalena de Pulpis,Castellón,12102,40.3561602,0.3028876,771,728,5.9,-2.5,,,,,
Carmena,Toledo,45036,39.9563124,-4.4023367,771,805,-4.2,0.0,,,,,
Uharte Arakil,Navarra,31123,42.9199485,-1.9687562,770,794,-3.0,-7.7,,,,,
Ruiloba,Cantabria,39068,43.380764,-4.2519889,769,708,8.6,0.5,,,,,
Degaña,Asturias,33022,42.9406475,-6.5712537,768,1605,-52.1,-26.1,,,,,
Grandas de Salime,Asturias,33027,43.2176587,-6.8757234,767,1387,-44.7,-14.7,,,,,
Manzaneda,Ourense,32044,42.3098629,-7.2350007,767,1417,-45.9,-19.0,,,,,
Gor,Granada,18085,37.3696052,-2.9690113,766,1251,-38.8,-0.1,,,,,
Monistrol de Calders,Barcelona,08128,41.7608379,2.0146236,764,597,28.0,9.3,,,,,
"Albi, L'",Lleida,25009,41.4234389,0.9384768,764,791,-3.4,-4.9,,,,,
Fuentepelayo,Segovia,40086,41.2219305,-4.1762088,764,1006,-24.1,-14.4,,,,,
Villagarcía del Llano,Cuenca,16244,39.3265485,-1.8470496,763,998,-23.5,-1.4,,,,,
Santas Martas,León,24160,42.4317267,-5.3713608,763,1072,-28.8,-0.9,,,,,
Villaquejida,León,24221,42.1446605,-5.5982594,763,1110,-31.3,-16.5,,,,,
Pueblonuevo de Miramontes,Cáceres,10905,40.0598614,-5.3788829,762,,,-8.2,,,,,
Cazalilla,Jaén,23027,37.9843429,-3.8816451,762,867,-12.1,-9.9,,,,,
Casas del Monte,Cáceres,10055,40.2024277,-5.960355,761,928,-18.0,-8.0,,,,,
Tejeda de Tiétar,Cáceres,10181,40.0186546,-5.8694338,761,1036,-26.5,-8.2,,,,,
Maçanet de Cabrenys,Girona,17102,42.3861179,2.7485579,761,641,18.7,2.8,,,,,
Sidamon,Lleida,25205,41.6289346,0.8318491,760,455,67.0,3.5,,,,,
Puentes Viejas,Madrid,28902,40.965222,-3.584266,759,414,83.3,21.1,,,,,
"Masies de Roda, Les",Barcelona,08116,41.9900725,2.3064465,758,637,19.0,6.2,,,,,
"Torre de Cabdella, La",Lleida,25227,42.4223351,0.9821933,758,691,9.7,1.3,,,,,
Almonacid de la Sierra,Zaragoza,50024,41.3971069,-1.3235508,756,864,-12.5,7.5,,,,,
Molinicos,Albacete,02049,38.4665026,-2.2405552,754,1444,-47.8,-15.6,,,,,
Artzentales,Bizkaia,48008,43.2511476,-3.2219332,754,637,18.4,1.5,,,,,
Aibar/Oibar,Navarra,31009,42.592021,-1.3599999,754,933,-19.2,-6.0,,,,,
Abengibre,Albacete,02001,39.2089284,-1.5420192,753,1019,-26.1,-1.1,,,,,
Vila-sana,Lleida,25252,41.6628331,0.9289367,753,533,41.3,2.9,,,,,
Briones,La Rioja,26034,42.5420879,-2.7878054,752,840,-10.5,-6.8,,,,,
Solosancho,Ávila,05238,40.5526086,-4.9050708,750,1101,-31.9,-15.3,,,,,
Vallelado,Segovia,40219,41.4045923,-4.4258466,750,860,-12.8,6.1,,,,,
"Torre de les Maçanes, la/Torremanzanas",Alicante,03132,38.607188,-0.4190618,749,749,0.0,3.0,,,,,
Alconera,Badajoz,06008,38.3972763,-6.476699,748,744,0.5,-1.1,,,,,
"Granadella, La",Lleida,25101,41.3555437,0.6648954,748,839,-10.8,3.5,,,,,
Punxín,Ourense,32065,42.3696533,-8.0001243,748,1025,-27.0,2.6,,,,,
Boceguillas,Segovia,40032,41.3357071,-3.6384171,746,614,21.5,-1.1,,,,,
Benilloba,Alicante,03035,38.700229,-0.3898506,744,961,-22.6,-3.3,,,,,
Almuradiel,Ciudad Real,13016,38.5129637,-3.4967642,744,1042,-28.6,-10.4,,,,,
Canet d'Adri,Girona,17040,42.0332009,2.7377666,744,503,47.9,6.0,,,,,
Arapiles,Salamanca,37032,40.8938024,-5.6454046,744,520,43.1,15.3,,,,,
Alhabia,Almería,04010,36.9896696,-2.5872342,743,694,7.1,9.7,,,,,
Pedro Bernardo,Ávila,05182,40.2439312,-4.9108472,743,1387,-46.4,-16.7,,,,,
Fornalutx,Baleares,07025,39.782612,2.7410901,743,507,46.5,8.2,,,,,
Artea,Bizkaia,48023,43.1329978,-2.7836722,743,594,25.1,-0.5,,,,,
Tábara,Zamora,49214,41.8248097,-5.9593227,743,987,-24.7,-6.8,,,,,
Boquiñeni,Zaragoza,50053,41.8481709,-1.2519755,743,1028,-27.7,-12.8,,,,,
Torremocha,Cáceres,10192,39.3456532,-6.1728733,742,1285,-42.3,-15.2,,,,,
Benaocaz,Cádiz,11009,36.7006416,-5.421687,742,597,24.3,6.9,,,,,
Mondariz-Balneario,Pontevedra,36031,42.2270277,-8.4673389,742,636,16.7,20.8,,,,,
Manchita,Badajoz,06079,38.8138853,-6.020373,741,770,-3.8,-3.8,,,,,
Deià,Baleares,07018,39.7477362,2.6483432,741,583,27.1,15.4,,,,,
Valoria la Buena,Valladolid,47184,41.7999746,-4.5299579,740,683,8.3,12.5,,,,,
Camarzana de Tera,Zamora,49033,41.9946409,-6.0264373,740,1099,-32.7,-15.0,,,,,
Onís,Asturias,33043,43.3350208,-4.9681463,739,915,-19.2,-1.7,,,,,
Mélida,Navarra,31164,42.3593649,-1.5475067,739,844,-12.4,1.5,,,,,
Chañe,Segovia,40065,41.3379304,-4.4271261,739,743,-0.5,-13.1,,,,,
Baños de Montemayor,Cáceres,10024,40.317844,-5.8573031,738,716,3.1,-5.3,,,,,
Llambilles,Girona,17090,41.9204519,2.8540402,737,448,64.5,1.9,,,,,
Becerril de Campos,Palencia,34029,42.1079127,-4.6397799,737,1182,-37.6,-6.9,,,,,
Castronuño,Valladolid,47045,41.3887733,-5.2633186,737,1111,-33.7,-17.0,,,,,
Zufre,Huelva,21079,37.8338999,-6.3388735,736,1146,-35.8,-14.4,,,,,
Villanueva del Campo,Zamora,49260,41.9844178,-5.4056186,736,1126,-34.6,-18.2,,,,,
San Esteban del Valle,Ávila,05207,40.273668,-4.98058,735,954,-23.0,-7.1,,,,,
Caudiel,Castellón,12043,39.947341,-0.5683782,735,712,3.2,9.2,,,,,
Torres de Albánchez,Jaén,23091,38.4153683,-2.67673,735,1075,-31.6,-14.5,,,,,
"Ràfol d'Almúnia, el",Alicante,03110,38.8204225,-0.0529305,734,368,99.5,16.5,,,,,
Samper de Calanda,Teruel,44205,41.1892077,-0.3882399,734,1032,-28.9,-13.1,,,,,
Almunia de San Juan,Huesca,22022,41.9355283,0.2435564,733,704,4.1,9.1,,,,,
Igualeja,Málaga,29060,36.6314956,-5.1211832,733,969,-24.4,-7.6,,,,,
Tiñosillos,Ávila,05242,40.934253,-4.7275523,732,765,-4.3,-8.2,,,,,
Ambite,Madrid,28011,40.3289723,-3.1812115,732,290,152.4,23.0,,,,,
Villariezo,Burgos,09458,42.269929,-3.7329673,731,169,332.5,18.5,,,,,
"Portella, La",Lleida,25174,41.7396381,0.6397836,731,585,25.0,-1.3,,,,,
Aldealengua,Salamanca,37016,40.9810571,-5.5507326,730,513,42.3,4.9,,,,,
Améscoa Baja,Navarra,31013,42.7739229,-2.1340245,729,844,-13.6,-4.6,,,,,
Villoruela,Salamanca,37375,41.0083252,-5.3937542,729,1026,-28.9,-11.0,,,,,
Cantavieja,Teruel,44059,40.5252721,-0.4062131,729,739,-1.4,2.4,,,,,
Campofrío,Huelva,21019,37.7655617,-6.5767028,728,871,-16.4,2.8,,,,,
Albelda,Huesca,22009,41.8658158,0.4605437,728,975,-25.3,-1.0,,,,,
Bogarra,Albacete,02017,38.5815065,-2.2129227,727,1448,-49.8,-21.0,,,,,
Igriés,Huesca,22127,42.2140794,-0.4321053,727,193,276.7,2.3,,,,,
Frómista,Palencia,34074,42.2676867,-4.4055039,727,1041,-30.2,-9.6,,,,,
Castellanos de Villiquera,Salamanca,37185,41.0522121,-5.6948621,727,565,28.7,7.7,,,,,
Villarino de los Aires,Salamanca,37364,41.2702654,-6.4681957,727,1171,-37.9,-16.3,,,,,
Cortes de Pallás,Valencia,46099,39.2423365,-0.9403895,727,602,20.8,-24.9,,,,,
Sant Martí de Llémena,Girona,17172,42.0364324,2.6475329,726,372,95.2,17.5,,,,,
Castellnou de Seana,Lleida,25068,41.6468732,0.9700315,726,738,-1.6,-1.4,,,,,
"Galera, La",Tarragona,43063,40.6823929,0.4637029,726,748,-2.9,-2.9,,,,,
Caudete de las Fuentes,Valencia,46095,39.5591102,-1.2803019,725,845,-14.2,-2.4,,,,,
Vilabella,Tarragona,43165,41.2467608,1.3298797,724,814,-11.1,-4.7,,,,,
Merindad de Montija,Burgos,09214,43.0653489,-3.4739582,723,1008,-28.3,-7.3,,,,,
Bellcaire d'Empordà,Girona,17018,42.0810857,3.0944347,723,487,48.5,11.7,,,,,
Ciruelos,Toledo,45050,39.9383171,-3.6137358,723,329,119.8,30.0,,,,,
Domeño,Valencia,46114,39.6600701,-0.6720763,723,505,43.2,5.4,,,,,
Lucainena de las Torres,Almería,04060,37.040325,-2.20112,722,588,22.8,26.9,,,,,
Alía,Cáceres,10017,39.4478156,-5.216704,722,1454,-50.3,-19.0,,,,,
Ispaster,Bizkaia,48049,43.3631486,-2.5468679,721,624,15.5,0.0,,,,,
Trespaderne,Burgos,09394,42.8022582,-3.3904538,721,1170,-38.4,-16.4,,,,,
Sanchidrián,Ávila,05204,40.8932876,-4.5831845,720,793,-9.2,-3.7,,,,,
Villalba de Duero,Burgos,09438,41.6825764,-3.7437137,720,561,28.3,6.8,,,,,
Catí,Castellón,12042,40.4715653,0.0228594,719,912,-21.2,-7.7,,,,,
Sant Pau de Segúries,Girona,17177,42.2633408,2.366055,719,648,11.0,7.3,,,,,
Mijares,Ávila,05127,40.2958062,-4.8369086,718,1031,-30.4,-4.9,,,,,
Calzada de Valdunciel,Salamanca,37073,41.0866628,-5.7023399,717,627,14.4,8.6,,,,,
Escalante,Cantabria,39029,43.4370721,-3.5139242,716,747,-4.1,-4.1,,,,,
Fontiveros,Ávila,05074,40.9298797,-4.9659172,715,1094,-34.6,-5.7,,,,,
Canet lo Roig,Castellón,12036,40.5508926,0.2429452,715,934,-23.4,-1.2,,,,,
Espinosa de Henares,Guadalajara,19113,40.9044591,-3.071876,715,543,31.7,4.4,,,,,
Maello,Ávila,05115,40.8088827,-4.5098,713,657,8.5,13.7,,,,,
Galindo y Perahuy,Salamanca,37142,40.9430522,-5.8721458,713,242,194.6,2.9,,,,,
Sancti-Spíritus,Salamanca,37279,40.7054616,-6.4005474,713,1243,-42.6,-16.5,,,,,
Sanet y Negrals,Alicante,03117,38.8195425,-0.0348133,712,566,25.8,9.7,,,,,
Santibáñez el Bajo,Cáceres,10172,40.1763698,-6.2231141,711,1033,-31.2,-7.3,,,,,
Sotorribas,Cuenca,16909,40.1950978,-2.1635819,711,984,-27.7,-10.1,,,,,
Cimanes del Tejar,León,24055,42.6177068,-5.8059392,710,1113,-36.2,-6.0,,,,,
Alcublas,Valencia,46018,39.7979196,-0.7025736,710,837,-15.2,2.7,,,,,
Chulilla,Valencia,46112,39.6563771,-0.8921028,710,744,-4.6,12.3,,,,,
Guadalmez,Ciudad Real,13046,38.7259178,-4.9733507,709,1093,-35.1,-10.7,,,,,
Soto y Amío,León,24167,42.7792845,-5.8858371,706,1150,-38.6,-14.9,,,,,
Benifallet,Tarragona,43025,40.9740568,0.5172791,706,896,-21.2,-0.3,,,,,
Valencia del Mombuey,Badajoz,06140,38.242269,-7.1188471,703,874,-19.6,-7.0,,,,,
Fresnillo de las Dueñas,Burgos,09131,41.647788,-3.6457363,703,305,130.5,10.4,,,,,
Montalbo,Cuenca,16130,39.8790694,-2.6711349,703,765,-8.1,4.8,,,,,
Albondón,Granada,18004,36.8281395,-3.2110576,703,1192,-41.0,-7.7,,,,,
Lobeira,Ourense,32041,41.9857538,-8.0399684,703,1298,-45.8,-13.1,,,,,
Miravet,Tarragona,43084,41.0379498,0.5976192,703,810,-13.2,-4.6,,,,,
Xert,Castellón,12052,40.5186118,0.1585541,702,938,-25.2,-6.9,,,,,
"Hinojosos, Los",Cuenca,16100,39.6044249,-2.8261235,702,1129,-37.8,-18.0,,,,,
Turleque,Toledo,45175,39.6011467,-3.6139069,702,1027,-31.6,-13.7,,,,,
San Millán/Donemiliaga,Álava,01053,42.8743593,-2.3761565,701,691,1.4,-2.2,,,,,
Camós,Girona,17035,42.0939665,2.7673592,701,621,12.9,2.6,,,,,
Murillo el Cuende,Navarra,31178,42.3978449,-1.6304866,701,669,4.8,4.6,,,,,
Lanciego/Lantziego,Álava,01032,42.5625294,-2.5125875,700,650,7.7,2.8,,,,,
Torre-Cardela,Granada,18178,37.5045916,-3.3560673,700,1240,-43.5,-13.9,,,,,
Emperador,Valencia,46117,39.5540582,-0.3388611,700,188,272.3,3.6,,,,,
Quintana del Castillo,León,24123,42.6609431,-6.0467428,699,1185,-41.0,-11.1,,,,,
Daya Vieja,Alicante,03062,38.105114,-0.7380602,698,183,281.4,3.9,,,,,
Senija,Alicante,03125,38.7284429,0.0420729,698,474,47.3,21.0,,,,,
"Morera, La",Badajoz,06089,38.5470241,-6.6535985,698,772,-9.6,-4.0,,,,,
Trevélez,Granada,18180,37.0023983,-3.2665989,698,800,-12.8,-10.1,,,,,
Navaleno,Soria,42129,41.8378004,-3.0046977,698,937,-25.5,-13.6,,,,,
Planes,Alicante,03106,38.7851609,-0.3435236,697,822,-15.2,-3.9,,,,,
Muntanyola,Barcelona,08129,41.8769342,2.1790836,697,242,188.0,15.4,,,,,
Siétamo,Huesca,22222,42.1240627,-0.2813118,697,361,93.1,2.5,,,,,
"Burgo Ranero, El",León,24024,42.4222853,-5.2186688,697,1002,-30.4,-8.8,,,,,
Riego de la Vega,León,24131,42.388342,-5.9826151,697,1171,-40.5,-14.6,,,,,
Bràfim,Tarragona,43034,41.2687867,1.341243,697,569,22.5,4.3,,,,,
Sabiñán,Zaragoza,50241,41.4436179,-1.5668228,697,997,-30.1,-3.5,,,,,
Aldeanueva del Camino,Cáceres,10015,40.2590411,-5.9297208,696,935,-25.6,-12.0,,,,,
"Blancos, Os",Ourense,32012,41.9976233,-7.7522894,696,1269,-45.2,-18.1,,,,,
Xunqueira de Espadanedo,Ourense,32037,42.3183908,-7.6294261,696,1132,-38.5,-13.0,,,,,
Langa de Duero,Soria,42103,41.6111953,-3.4004797,696,988,-29.6,-5.0,,,,,
Cabezas Rubias,Huelva,21015,37.7259134,-7.0867842,694,1009,-31.2,-5.1,,,,,
San Martín de Trevejo,Cáceres,10164,40.2128436,-6.7963178,693,1025,-32.4,-16.2,,,,,
"Picazo, El",Cuenca,16158,39.4472379,-2.0890919,693,737,-6.0,0.7,,,,,
Tiebas-Muruarte de Reta,Navarra,31228,42.6941017,-1.6389836,693,594,16.7,13.8,,,,,
Quesa,Valencia,46206,39.1196086,-0.7402726,691,780,-11.4,1.6,,,,,
Picón,Ciudad Real,13062,39.0497719,-4.0603127,690,647,6.6,0.7,,,,,
Sant Climent Sescebes,Girona,17158,42.3693761,2.9802226,690,398,73.4,7.6,,,,,
Sojuela,La Rioja,26143,42.3701193,-2.5451766,690,93,641.9,148.2,,,,,
Mucientes,Valladolid,47098,41.7425016,-4.7625466,690,613,12.6,-0.3,,,,,
Puebla de la Reina,Badajoz,06104,38.6642477,-6.1025897,689,894,-22.9,-11.8,,,,,
Albanchez,Almería,04004,37.2868617,-2.1813585,688,626,9.9,-13.6,,,,,
Bérchules,Granada,18030,36.9751315,-3.1906736,688,871,-21.0,-5.4,,,,,
Torrico,Toledo,45172,39.8301082,-5.2270015,688,939,-26.7,-11.9,,,,,
Alpuente,Valencia,46036,39.8759884,-1.0137762,688,985,-30.2,7.3,,,,,
Cogollos,Burgos,09108,42.2015894,-3.6985858,687,226,204.0,40.5,,,,,
Itsasondo,Gipuzkoa,20047,43.0678266,-2.1672356,687,628,9.4,4.4,,,,,
Calicasas,Granada,18037,37.2733364,-3.6186074,687,624,10.1,11.0,,,,,
Cabrillanes,León,24029,42.95367,-6.147952,687,1209,-43.2,-14.6,,,,,
Proaza,Asturias,33052,43.2508048,-6.0170071,686,960,-28.5,-11.4,,,,,
Medinaceli,Soria,42113,41.1723392,-2.4353741,686,733,-6.4,-7.4,,,,,
Santa Eufemia,Córdoba,14061,38.5966427,-4.9041947,685,1204,-43.1,-16.7,,,,,
Alcanadre,La Rioja,26007,42.405104,-2.1198668,685,836,-18.1,-1.4,,,,,
Granátula de Calatrava,Ciudad Real,13045,38.7958912,-3.7429733,683,1022,-33.2,-14.0,,,,,
"Bóveda de Toro, La",Zamora,49024,41.3442061,-5.4104746,682,1029,-33.7,-10.3,,,,,
Deleitosa,Cáceres,10070,39.6443099,-5.6468968,681,961,-29.1,-10.6,,,,,
Goizueta,Navarra,31117,43.171748,-1.8640588,681,949,-28.2,-5.4,,,,,
Campoo de Yuso,Cantabria,39017,43.0164581,-4.0040923,680,761,-10.6,-2.3,,,,,
Capmany,Girona,17042,42.3725028,2.9209753,680,394,72.6,14.1,,,,,
"Calahorra, La",Granada,18114,37.1814745,-3.0640503,680,957,-28.9,-2.9,,,,,
Calzadilla de los Barros,Badajoz,06027,38.3010662,-6.3166597,679,819,-17.1,-17.5,,,,,
"Jana, la",Castellón,12070,40.512287,0.2524664,679,848,-19.9,-3.0,,,,,
Villamontán de la Valduerna,León,24216,42.3094531,-5.996308,678,1170,-42.1,-12.7,,,,,
Fuenterrobles,Valencia,46129,39.5851621,-1.364704,678,711,-4.6,-1.7,,,,,
Aniñón,Zaragoza,50029,41.4454871,-1.7049546,678,911,-25.6,-8.4,,,,,
Vega de Liébana,Cantabria,39096,43.0986945,-4.6472082,676,1063,-36.4,-14.2,,,,,
Esplús,Huesca,22099,41.79933,0.2752287,676,811,-16.6,10.5,,,,,
Villavieja de Yeltes,Salamanca,37373,40.8760816,-6.4675359,676,1208,-44.0,-19.3,,,,,
Bárcena de Pie de Concha,Cantabria,39010,43.1273727,-4.054709,675,955,-29.3,-4.9,,,,,
Benimuslem,Valencia,46064,39.1319694,-0.4923176,674,552,22.1,4.7,,,,,
Luna,Zaragoza,50151,42.1675205,-0.9325526,674,961,-29.9,-8.0,,,,,
Motilleja,Albacete,02052,39.1804849,-1.7907731,673,541,24.4,22.4,,,,,
Casillas,Ávila,05055,40.3256422,-4.5711323,673,949,-29.1,0.1,,,,,
"Perdigón, El",Zamora,49151,41.4135073,-5.7529143,673,773,-12.9,-6.5,,,,,
Alborea,Albacete,02005,39.2790903,-1.3960986,672,798,-15.8,-5.4,,,,,
Lizartza,Gipuzkoa,20054,43.1033934,-2.034474,672,644,4.3,11.6,,,,,
San Esteban de Litera,Huesca,22205,41.9042544,0.3236536,672,658,2.1,34.9,,,,,
Priaranza del Bierzo,León,24119,42.5102886,-6.6723942,672,1021,-34.2,-14.4,,,,,
Sunbilla,Navarra,31226,43.1640996,-1.6710173,672,659,2.0,0.3,,,,,
"Salzadella, la",Castellón,12098,40.4177148,0.1740316,671,824,-18.6,-10.7,,,,,
Etxauri,Navarra,31085,42.7932285,-1.7900237,671,383,75.2,11.3,,,,,
Berbinzana,Navarra,31053,42.5267418,-1.8344769,670,714,-6.2,6.5,,,,,
Castellolí,Barcelona,08063,41.5981563,1.7002468,669,424,57.8,16.8,,,,,
Ibarrangelu,Bizkaia,48048,43.3900462,-2.6309019,669,525,27.4,4.4,,,,,
Navezuelas,Cáceres,10134,39.5110147,-5.4392788,668,755,-11.5,-0.4,,,,,
Sant Martí de Riucorb,Lleida,25902,41.5593056,1.0552952,668,736,-9.2,-0.9,,,,,
Bertizarana,Navarra,31054,43.1333377,-1.6277938,668,651,2.6,11.3,,,,,
Ventas de Huelma,Granada,18185,37.068195,-3.820752,667,702,-5.0,4.2,,,,,
Almonacid de Zorita,Guadalajara,19022,40.3290787,-2.8504403,667,977,-31.7,-11.2,,,,,
Garciaz,Cáceres,10077,39.4130907,-5.6275512,666,1056,-36.9,-13.8,,,,,
Fuente-Tójar,Córdoba,14031,37.5107434,-4.145896,666,859,-22.5,-6.3,,,,,
Lucillos,Toledo,45086,39.9849265,-4.6117589,666,515,29.3,10.6,,,,,
Geldo,Castellón,12067,39.8375285,-0.4672257,665,700,-5.0,2.9,,,,,
Murillo el Fruto,Navarra,31179,42.3909899,-1.4599999,665,780,-14.7,8.3,,,,,
Castellote,Teruel,44071,40.7992317,-0.3180374,665,735,-9.5,-5.8,,,,,
Sant Quirze Safaja,Barcelona,08239,41.7271551,2.1530012,663,282,135.1,4.1,,,,,
Tàrbena,Alicante,03127,38.6936688,-0.1020792,662,721,-8.2,4.1,,,,,
Palacios de la Sierra,Burgos,09246,41.9639356,-3.1282384,662,919,-28.0,-9.8,,,,,
Pétrola,Albacete,02061,38.8255844,-1.5564427,660,979,-32.6,-7.4,,,,,
"Peral, El",Cuenca,16155,39.4989794,-1.8982021,660,728,-9.3,4.1,,,,,
Santa María de los Llanos,Cuenca,16196,39.4899136,-2.8112823,660,867,-23.9,-8.2,,,,,
Santiago de Calatrava,Jaén,23077,37.7534531,-4.169898,660,942,-29.9,-9.2,,,,,
Montederramo,Ourense,32049,42.2752812,-7.5027103,660,1384,-52.3,-16.6,,,,,
Beneixida,Valencia,46053,39.0573274,-0.5487333,659,647,1.9,-2.2,,,,,
Válor,Granada,18183,36.9961661,-3.0809964,658,1024,-35.7,-1.9,,,,,
Valdaracete,Madrid,28155,40.2106508,-3.1954475,658,650,1.2,2.7,,,,,
Peñalba,Huesca,22172,41.4999914,-0.0408927,657,817,-19.6,-4.5,,,,,
Villanueva de Bogas,Toledo,45193,39.7240112,-3.657196,657,843,-22.1,-13.0,,,,,
Cabezuela,Segovia,40036,41.2361557,-3.9309811,655,736,-11.0,-4.4,,,,,
Rialp,Lleida,25183,42.4430046,1.1354914,654,527,24.1,-2.2,,,,,
Puebla del Maestre,Badajoz,06105,38.084025,-6.0804357,653,975,-33.0,-10.7,,,,,
Villamejil,León,24214,42.5624519,-6.0246299,653,1024,-36.2,-7.9,,,,,
Cedrillas,Teruel,44074,40.436033,-0.8528742,652,552,18.1,5.3,,,,,
Benavites,Valencia,46052,39.7407299,-0.2585095,652,651,0.2,6.4,,,,,
Palomas,Badajoz,06098,38.6927774,-6.135631,651,708,-8.1,-7.0,,,,,
Llanos del Caudillo,Ciudad Real,13904,39.117787,-3.351901,651,,,-10.5,,,,,
Bèlgida,Valencia,46047,38.8595605,-0.47474,651,677,-3.8,-5.5,,,,,
Táliga,Badajoz,06129,38.5278436,-7.0146689,650,773,-15.9,-8.2,,,,,
Alcampell,Huesca,22016,41.9054355,0.4328218,650,1015,-36.0,-4.1,,,,,
Calvos de Randín,Ourense,32016,41.9444801,-7.8964195,650,1394,-53.4,-24.1,,,,,
Montanejos,Castellón,12079,40.068152,-0.522929,649,404,60.6,20.4,,,,,
San Silvestre de Guzmán,Huelva,21066,37.3894253,-7.3478655,649,660,-1.7,7.5,,,,,
"Poal, El",Lleida,25168,41.6786341,0.8557482,649,629,3.2,-0.9,,,,,
Fuente del Arco,Badajoz,06053,38.1519616,-5.8969592,648,844,-23.2,-7.7,,,,,
Puebla del Príncipe,Ciudad Real,13069,38.5665118,-2.9252461,648,1101,-41.1,-13.8,,,,,
Nava de Arévalo,Ávila,05152,40.9777641,-4.7766642,647,1042,-37.9,-16.5,,,,,
Albalá,Cáceres,10007,39.2562411,-6.1861813,647,890,-27.3,-9.1,,,,,
Urdiain,Navarra,31240,42.8868926,-2.1366422,647,638,1.4,-3.6,,,,,
Estépar,Burgos,09125,42.2768521,-3.8981555,646,852,-24.2,0.5,,,,,
Campos del Paraíso,Cuenca,16901,40.0372005,-2.7366227,646,1189,-45.7,-20.0,,,,,
Gomesende,Ourense,32033,42.1906145,-8.0931258,646,1271,-49.2,-19.0,,,,,
"Villar de Arnedo, El",La Rioja,26170,42.318377,-2.093425,645,697,-7.5,3.5,,,,,
Albatana,Albacete,02004,38.5709891,-1.5226396,644,907,-29.0,-9.8,,,,,
Osso de Cinca,Huesca,22167,41.6653628,0.1920949,644,738,-12.7,-11.7,,,,,
Elburgo/Burgelu,Álava,01021,42.8495927,-2.5448025,642,192,234.4,4.9,,,,,
Torrecilla de los Ángeles,Cáceres,10185,40.2480674,-6.4183979,642,708,-9.3,0.3,,,,,
Sant Mateu de Bages,Barcelona,08229,41.7969781,1.7327386,641,513,25.0,3.7,,,,,
Puebla de Lillo,León,24121,43.0082517,-5.2742117,641,706,-9.2,-8.3,,,,,
Cervià de les Garrigues,Lleida,25073,41.425096,0.8603483,641,862,-25.6,-6.6,,,,,
"Torre de l'Espanyol, La",Tarragona,43152,41.1918453,0.6263184,641,649,-1.2,0.9,,,,,
San Miguel del Arroyo,Valladolid,47145,41.4432554,-4.4602885,641,855,-25.0,-7.5,,,,,
Montgai,Lleida,25138,41.7999989,0.961434,640,813,-21.3,-1.7,,,,,
Cogeces del Monte,Valladolid,47054,41.5102875,-4.31692,640,972,-34.2,-10.6,,,,,
Aulesti,Bizkaia,48070,43.296423,-2.5628139,639,658,-2.9,-2.9,,,,,
Valenzuela de Calatrava,Ciudad Real,13088,38.8528367,-3.7723018,638,828,-22.9,-9.9,,,,,
Igea,La Rioja,26080,42.0686394,-2.0092614,638,820,-22.2,5.8,,,,,
Àger,Lleida,25002,42.0000405,0.7632134,637,553,15.2,5.8,,,,,
San Bartolomé de las Abiertas,Toledo,45150,39.828397,-4.7187112,637,492,29.5,28.7,,,,,
Manganeses de la Polvorosa,Zamora,49109,42.0362362,-5.7463806,637,890,-28.4,-9.9,,,,,
Alcadozo,Albacete,02006,38.6488936,-1.980391,635,809,-21.5,-7.7,,,,,
Dehesas Viejas,Granada,18065,37.4726794,-3.5521475,635,,,-12.7,,,,,
Fuenteguinaldo,Salamanca,37136,40.4291186,-6.676293,635,1012,-37.3,-7.6,,,,,
Sevilleja de la Jara,Toledo,45162,39.5743406,-4.9647281,635,1108,-42.7,-12.9,,,,,
Mestanza,Ciudad Real,13055,38.5751666,-4.0699752,634,1003,-36.8,-13.2,,,,,
Fuentenava de Jábaga,Cuenca,16904,40.0862713,-2.2633078,634,283,124.0,13.0,,,,,
Sant Feliu Sasserra,Barcelona,08212,41.9447451,2.0213124,633,642,-1.4,3.4,,,,,
Canfranc,Huesca,22078,42.749945,-0.5157629,633,509,24.4,16.6,,,,,
Solivella,Tarragona,43147,41.4551755,1.1782848,633,658,-3.8,2.3,,,,,
Nogales,Badajoz,06092,38.5865813,-6.7491704,632,816,-22.5,-9.6,,,,,
Buniel,Burgos,09058,42.3107862,-3.8225965,632,173,265.3,14.1,,,,,
Játar,Granada,18106,36.9342472,-3.9092739,631,,,-2.3,,,,,
Villaharta,Córdoba,14068,38.1400552,-4.9037865,630,629,0.2,-5.8,,,,,
Grisén,Zaragoza,50123,41.7443055,-1.1641743,630,480,31.2,1.3,,,,,
Prades,Tarragona,43116,41.3096688,0.9873776,629,510,23.3,7.2,,,,,
"Far d'Empordà, El",Girona,17005,42.2511629,2.9963544,628,402,56.2,13.6,,,,,
Arantza,Navarra,31022,43.1957514,-1.7255478,628,714,-12.0,-0.5,,,,,
Vilagrassa,Lleida,25244,41.648938,1.1054885,627,425,47.5,22.9,,,,,
Villaumbrales,Palencia,34237,42.0889343,-4.6130007,627,910,-31.1,-7.9,,,,,
Castrillo de la Vega,Burgos,09085,41.6519593,-3.7806462,626,598,4.7,-1.7,,,,,
Arenales de San Gregorio,Ciudad Real,13903,39.308449,-3.0250984,626,,,-3.2,,,,,
San Pedro Manrique,Soria,42165,42.029187,-2.229759,626,501,25.0,5.6,,,,,
Carboneros,Jaén,23021,38.2301902,-3.6313917,624,700,-10.9,-1.0,,,,,
Alfara de la Baronia,Valencia,46024,39.763024,-0.3553553,624,509,22.6,19.5,,,,,
Agres,Alicante,03003,38.7799007,-0.5157278,623,656,-5.0,10.3,,,,,
Castrocontrigo,León,24047,42.183727,-6.1916204,623,1209,-48.5,-24.3,,,,,
Marçà,Tarragona,43076,41.1281164,0.8021678,623,611,2.0,6.3,,,,,
San Martín de Pusa,Toledo,45152,39.7832925,-4.6324527,623,798,-21.9,-12.5,,,,,
Alcazarén,Valladolid,47005,41.3709297,-4.6715674,623,739,-15.7,-10.0,,,,,
Añorbe,Navarra,31018,42.6585023,-1.7138474,622,401,55.1,15.8,,,,,
Guardamar de la Safor,Valencia,46140,38.9615238,-0.1488153,622,69,801.4,26.9,,,,,
Sella,Alicante,03124,38.6083783,-0.2722519,621,587,5.8,6.3,,,,,
Puigdàlber,Barcelona,08174,41.4045506,1.700349,621,319,94.7,21.3,,,,,
Revillarruz,Burgos,09315,42.2304991,-3.6527718,621,148,319.6,22.0,,,,,
Fuentenovilla,Guadalajara,19124,40.365604,-3.0942252,621,227,173.6,16.5,,,,,
Encinedo,León,24067,42.2701853,-6.5931177,621,1147,-45.9,-17.4,,,,,
Mirabel,Cáceres,10123,39.8616602,-6.2337011,620,893,-30.6,-9.0,,,,,
Torremenga,Cáceres,10191,40.0470189,-5.7751147,620,581,6.7,-0.6,,,,,
Teresa de Cofrentes,Valencia,46239,39.1064363,-1.0510067,620,751,-17.4,-4.8,,,,,
"Blázquez, Los",Córdoba,14011,38.4073597,-5.4401208,619,716,-13.5,-10.9,,,,,
Valdeobispo,Cáceres,10202,40.0821944,-6.2482744,617,853,-27.7,-9.3,,,,,
Cervera del Maestre,Castellón,12044,40.4543718,0.2775055,617,746,-17.3,-3.9,,,,,
Patones,Madrid,28107,40.8548194,-3.483954,617,360,71.4,14.9,,,,,
Broto,Huesca,22069,42.6033008,-0.1218449,615,522,17.8,15.6,,,,,
Encinas de Abajo,Salamanca,37121,40.9343682,-5.4696984,615,689,-10.7,-7.7,,,,,
Quiruelas de Vidriales,Zamora,49171,42.0182604,-5.8300875,615,1017,-39.5,-12.9,,,,,
Cogollos de Guadix,Granada,18049,37.2241755,-3.1610634,614,798,-23.1,-8.9,,,,,
Gomezserracín,Segovia,40095,41.2888663,-4.3263743,614,664,-7.5,-12.3,,,,,
Vilanova d'Escornalbou,Tarragona,43167,41.1129833,0.9366799,614,462,32.9,13.3,,,,,
Hontoria del Pinar,Burgos,09163,41.8484523,-3.1629214,613,943,-35.0,-5.4,,,,,
Enix,Almería,04041,36.8769467,-2.6019386,612,223,174.4,41.3,,,,,
Valdepiélagos,Madrid,28163,40.7603271,-3.4658585,612,327,87.2,6.6,,,,,
Villamayor de Calatrava,Ciudad Real,13091,38.7877317,-4.1386794,611,667,-8.4,-4.5,,,,,
San Cristóbal de la Polantera,León,24144,42.3906726,-5.9076237,611,1178,-48.1,-20.3,,,,,
Villagatón,León,24210,42.6342382,-6.2050803,611,912,-33.0,0.2,,,,,
Castilleja del Campo,Sevilla,41030,37.3861783,-6.3346299,611,653,-6.4,-3.8,,,,,
Querol,Tarragona,43120,41.4234071,1.3970189,611,238,156.7,12.5,,,,,
Vilalba dels Arcs,Tarragona,43175,41.1203999,0.4097144,611,796,-23.2,-7.1,,,,,
Albares,Guadalajara,19007,40.3073131,-3.0120376,610,520,17.3,9.1,,,,,
Benicolet,Valencia,46057,38.9193454,-0.3460118,610,501,21.8,0.0,,,,,
Paracuellos de Jiloca,Zaragoza,50201,41.315114,-1.6421386,610,512,19.1,3.2,,,,,
Aldea del Cano,Cáceres,10012,39.2877875,-6.3189052,609,762,-20.1,-6.5,,,,,
Arenas del Rey,Granada,18020,36.9577036,-3.8944117,608,2065,-70.6,-50.6,,,,,
Torvizcón,Granada,18179,36.8784305,-3.298807,608,1022,-40.5,-10.9,,,,,
Laguna Dalga,León,24087,42.3315999,-5.7506061,608,971,-37.4,-12.8,,,,,
Monzón de Campos,Palencia,34108,42.1164512,-4.4942161,608,807,-24.7,-3.5,,,,,
Ortigosa del Monte,Segovia,40901,40.838695,-4.1732934,608,294,106.8,10.1,,,,,
Sedella,Málaga,29087,36.8617323,-4.0336554,607,526,15.4,-2.9,,,,,
Matilla de los Caños del Río,Salamanca,37187,40.8250251,-5.9429224,607,702,-13.5,-7.2,,,,,
Caminreal,Teruel,44056,40.8386895,-1.3252771,606,832,-27.2,-4.9,,,,,
Camarenilla,Toledo,45032,40.0172068,-4.0738169,606,549,10.4,7.3,,,,,
Rena,Badajoz,06111,39.0534547,-5.8083542,605,677,-10.6,-6.6,,,,,
Ariño,Teruel,44029,41.0305185,-0.5917829,605,930,-34.9,-18.0,,,,,
Férez,Albacete,02031,38.3559199,-2.0094135,604,814,-25.8,-13.2,,,,,
Ezkio-Itsaso,Gipuzkoa,20035,43.0661608,-2.2773342,604,538,12.3,-1.5,,,,,
Calvarrasa de Arriba,Salamanca,37070,40.9064199,-5.5923007,604,661,-8.6,0.0,,,,,
San Nicolás del Puerto,Sevilla,41088,37.9950338,-5.6527851,604,726,-16.8,2.4,,,,,
Aldeacentenera,Cáceres,10011,39.5271042,-5.6297857,603,1017,-40.7,-4.9,,,,,
Noceda del Bierzo,León,24102,42.7125142,-6.3984836,603,1012,-40.4,-16.6,,,,,
Cútar,Málaga,29050,36.8310343,-4.2287632,603,615,-2.0,0.8,,,,,
"Nou de Gaià, La",Tarragona,43097,41.18329,1.3752101,603,380,58.7,10.4,,,,,
Sant Boi de Lluçanès,Barcelona,08201,42.0578411,2.1511135,602,565,6.5,14.2,,,,,
Aguarón,Zaragoza,50004,41.3388995,-1.2698053,602,746,-19.3,-12.2,,,,,
Barásoain,Navarra,31045,42.605016,-1.6449714,601,465,29.2,-8.9,,,,,
Almarza,Soria,42019,41.9477569,-2.4692977,601,641,-6.2,1.9,,,,,
Luena,Cantabria,39039,43.0945932,-3.9020363,600,1022,-41.3,-2.4,,,,,
Dólar,Granada,18069,37.178181,-2.9913966,600,645,-7.0,-4.9,,,,,
Rubielos de Mora,Teruel,44201,40.1902027,-0.6511663,600,620,-3.2,-8.8,,,,,
Sardón de Duero,Valladolid,47157,41.6085193,-4.4339323,600,647,-7.3,-1.6,,,,,
Alpartir,Zaragoza,50026,41.4221759,-1.3804337,599,629,-4.8,9.5,,,,,
Montellà i Martinet,Lleida,25139,42.3604819,1.6943895,598,493,21.3,9.3,,,,,
Lozoya,Madrid,28076,40.9513281,-3.7917078,598,444,34.7,3.8,,,,,
Montearagón,Toledo,45104,39.964403,-4.631065,598,479,24.8,14.6,,,,,
Valdeverdeja,Toledo,45179,39.7955554,-5.2450131,598,854,-30.0,-2.4,,,,,
Rajadell,Barcelona,08178,41.7291916,1.7056275,597,336,77.7,12.0,,,,,
Aldeire,Granada,18010,37.160375,-3.0715949,597,788,-24.2,-6.6,,,,,
"Fueva, La",Huesca,22113,42.3708764,0.2718094,597,622,-4.0,-2.3,,,,,
Zuheros,Córdoba,14075,37.543409,-4.314876,596,930,-35.9,-9.3,,,,,
Espeluy,Jaén,23032,38.0322769,-3.8623596,596,814,-26.8,-13.2,,,,,
Aliaguilla,Cuenca,16014,39.7407714,-1.3239912,594,885,-32.9,-14.2,,,,,
Llocnou de Sant Jeroni,Valencia,46153,38.9130107,-0.2841276,594,555,7.0,9.4,,,,,
Uncastillo,Zaragoza,50267,42.3608364,-1.1310597,594,967,-38.6,-11.1,,,,,
Suera/Sueras,Castellón,12108,39.952339,-0.3322962,593,568,4.4,7.6,,,,,
"Palomar, el",Valencia,46189,38.8543122,-0.5030984,593,496,19.6,2.1,,,,,
Burganes de Valverde,Zamora,49029,41.9210398,-5.782255,593,927,-36.0,-13.0,,,,,
Massalcoreig,Lleida,25131,41.4591786,0.3596468,592,658,-10.0,3.7,,,,,
Muelas del Pan,Zamora,49135,41.5223667,-5.9684562,592,944,-37.3,-12.6,,,,,
Amieva,Asturias,33003,43.2694557,-5.1295193,591,958,-38.3,-17.0,,,,,
Fruiz,Bizkaia,48035,43.3279874,-2.7847278,591,316,87.0,9.4,,,,,
Godall,Tarragona,43068,40.6553486,0.4693771,591,751,-21.3,-6.3,,,,,
Benigembla,Alicante,03029,38.7540842,-0.1097443,590,390,51.3,40.8,,,,,
Trasierra,Badajoz,06134,38.1911325,-5.9945206,590,702,-16.0,-10.1,,,,,
Capileira,Granada,18042,36.9613562,-3.3585582,590,572,3.1,13.5,,,,,
Higuera de Calatrava,Jaén,23041,37.7983906,-4.1574696,590,707,-16.5,-6.6,,,,,
"Atzúbia, l'",Alicante,03001,38.8472732,-0.1507267,589,582,1.2,-14.5,,,,,
"Orxa, l'/Lorcha",Alicante,03084,38.8438222,-0.31146,589,823,-28.4,-6.1,,,,,
Torrefeta i Florejacs,Lleida,25907,41.7539781,1.2740847,589,683,-13.8,-0.2,,,,,
Triacastela,Lugo,27062,42.7563403,-7.2397461,589,970,-39.3,-13.4,,,,,
Fuentelapeña,Zamora,49080,41.2515618,-5.3830038,589,1079,-45.4,-22.6,,,,,
Riofrío de Aliste,Zamora,49176,41.8159422,-6.1767542,589,1135,-48.1,-20.3,,,,,
Holguera,Cáceres,10099,39.9001623,-6.3493051,588,865,-32.0,-12.6,,,,,
Pasarón de la Vera,Cáceres,10138,40.0521312,-5.8209905,588,730,-19.5,-10.5,,,,,
Errezil,Gipuzkoa,20066,43.1647321,-2.1743978,588,639,-8.0,-1.8,,,,,
Morelábor,Granada,18909,37.4398761,-3.3316077,588,953,-38.3,-10.9,,,,,
Ampudia,Palencia,34010,41.9148751,-4.7792135,588,719,-18.2,-9.7,,,,,
Villargordo del Cabriel,Valencia,46259,39.5363664,-1.4406634,588,739,-20.4,-8.0,,,,,
Gumiel de Izán,Burgos,09151,41.772825,-3.6878244,587,652,-10.0,5.4,,,,,
Membrío,Cáceres,10119,39.5268442,-7.0543476,587,948,-38.1,-13.4,,,,,
Quintela de Leirado,Ourense,32066,42.1394755,-8.1002451,587,1030,-43.0,-4.7,,,,,
Villamuelas,Toledo,45191,39.8180633,-3.7348556,587,760,-22.8,-9.8,,,,,
Gestalgar,Valencia,46133,39.6042104,-0.834243,587,661,-11.2,-7.4,,,,,
Botorrita,Zaragoza,50056,41.5070732,-1.0309569,587,467,25.7,20.0,,,,,
Campins,Barcelona,08039,41.7250261,2.4640701,586,242,142.1,24.7,,,,,
Pont de Molins,Girona,17135,42.3148493,2.9304359,585,432,35.4,13.2,,,,,
San Emiliano,León,24145,42.9713176,-6.0005184,585,1030,-43.2,-14.8,,,,,
Coll de Nargó,Lleida,25077,42.1739087,1.3161338,585,606,-3.5,1.9,,,,,
Jubrique,Málaga,29064,36.5642558,-5.2146149,585,866,-32.4,-7.7,,,,,
Montecorto,Málaga,29903,36.8149906,-5.2983445,585,,,-8.6,,,,,
Vilanova d'Alcolea,Castellón,12132,40.2309678,0.072647,584,669,-12.7,-1.8,,,,,
"Vall de Gallinera, la",Alicante,03136,38.8214327,-0.221555,583,682,-14.5,0.2,,,,,
Casas del Castañar,Cáceres,10054,40.1072944,-5.9063634,583,748,-22.1,-3.2,,,,,
Hoya-Gonzalo,Albacete,02040,38.9577553,-1.5560966,582,770,-24.4,-12.6,,,,,
Santa María del Tiétar,Ávila,05227,40.3042531,-4.5541531,582,378,54.0,20.5,,,,,
Arrieta,Bizkaia,48010,43.3415228,-2.7683958,582,471,23.6,3.6,,,,,
Sos del Rey Católico,Zaragoza,50248,42.4969991,-1.2150631,582,850,-31.5,-3.8,,,,,
Corteconcepción,Huelva,21024,37.8963289,-6.5073264,581,689,-15.7,6.2,,,,,
Fuentes de Nava,Palencia,34076,42.0825955,-4.7826439,581,851,-31.7,-14.1,,,,,
Valdealgorfa,Teruel,44241,40.9902206,-0.033869,581,780,-25.5,-9.9,,,,,
Navamorcuende,Toledo,45114,40.1575366,-4.7854397,581,765,-24.1,-11.3,,,,,
Ataquines,Valladolid,47011,41.1818477,-4.8057355,580,918,-36.8,-0.7,,,,,
Terrer,Zaragoza,50253,41.3272812,-1.7131395,580,708,-18.1,16.7,,,,,
Alboloduy,Almería,04005,37.0327593,-2.6209783,579,817,-29.1,-5.5,,,,,
"Fresno, El",Ávila,05076,40.6141636,-4.7567828,579,441,31.3,-3.0,,,,,
Rozas de Puerto Real,Madrid,28128,40.3098351,-4.4912111,579,319,81.5,8.6,,,,,
Villaverde de Íscar,Segovia,40228,41.3074858,-4.526874,579,763,-24.1,-5.9,,,,,
Igantzi,Navarra,31259,43.2252434,-1.7005877,578,595,-2.9,-4.6,,,,,
Lécera,Zaragoza,50136,41.2038541,-0.710589,578,879,-34.2,-20.4,,,,,
Ayna,Albacete,02011,38.5532769,-2.0715082,577,1086,-46.9,-16.4,,,,,
Gaianes,Alicante,03072,38.8132891,-0.4078273,577,314,83.8,27.7,,,,,
Muras,Lugo,27033,43.4678344,-7.7231351,577,1218,-52.6,-13.6,,,,,
Brea de Tajo,Madrid,28025,40.2298255,-3.1094519,577,489,18.0,3.0,,,,,
Moriscos,Salamanca,37207,41.0080976,-5.5831022,577,143,303.5,61.2,,,,,
Ponga,Asturias,33050,43.1911097,-5.165367,576,788,-26.9,-10.4,,,,,
Loporzano,Huesca,22150,42.1612104,-0.3233975,576,537,7.3,7.5,,,,,
Peralta de Alcofea,Huesca,22174,41.9321528,-0.0690077,576,762,-24.4,-1.9,,,,,
Muniesa,Teruel,44161,41.0315677,-0.8099565,575,756,-23.9,-8.6,,,,,
Murla,Alicante,03091,38.7601227,-0.0826912,574,332,72.9,18.1,,,,,
Terrinches,Ciudad Real,13081,38.6096902,-2.8416293,574,994,-42.3,-23.3,,,,,
Cogolludo,Guadalajara,19092,40.9470672,-3.0887458,574,629,-8.7,-3.5,,,,,
"Riba, La",Tarragona,43124,41.3169975,1.1771329,574,820,-30.0,-3.4,,,,,
Villabuena del Puente,Zamora,49239,41.3795632,-5.4089484,574,1041,-44.9,-21.8,,,,,
Paniza,Zaragoza,50200,41.2839177,-1.2122776,574,702,-18.2,-14.7,,,,,
Banyalbufar,Baleares,07007,39.6874544,2.5147715,573,520,10.2,9.8,,,,,
Masllorenç,Tarragona,43079,41.270168,1.4144917,573,419,36.8,14.1,,,,,
Beceite,Teruel,44037,40.8308335,0.1824413,572,693,-17.5,2.0,,,,,
Herrerías,Cantabria,39033,43.3072669,-4.4712365,570,754,-24.4,-11.1,,,,,
Villanúa,Huesca,22250,42.6787415,-0.5309578,570,317,79.8,29.3,,,,,
Almanza,León,24004,42.6581453,-5.0361457,570,807,-29.4,1.2,,,,,
Riello,León,24132,42.7734736,-5.9449781,570,1093,-47.8,-12.0,,,,,
"Santos, Los",Salamanca,37300,40.5449825,-5.7972566,570,808,-29.5,-10.8,,,,,
Aceituna,Cáceres,10005,40.1490744,-6.3312506,569,739,-23.0,-9.3,,,,,
Villalba de la Sierra,Cuenca,16245,40.2356037,-2.0892952,569,528,7.8,12.7,,,,,
Nueno,Huesca,22163,42.2671628,-0.4392923,568,217,161.8,2.7,,,,,
Acebo,Cáceres,10003,40.2008358,-6.717543,567,831,-31.8,-3.9,,,,,
Higueruelas,Valencia,46141,39.7900911,-0.8617383,567,556,2.0,11.0,,,,,
Arrúbal,La Rioja,26019,42.4354749,-2.2521162,566,440,28.6,16.9,,,,,
"Vellés, La",Salamanca,37347,41.0740754,-5.5672793,566,511,10.8,1.6,,,,,
Villastar,Teruel,44263,40.2811074,-1.1512179,566,345,64.1,12.5,,,,,
"Puebla de Arganzón, La",Burgos,09276,42.7666976,-2.8309644,565,265,113.2,15.5,,,,,
Torresandino,Burgos,09390,41.829831,-3.9100954,565,830,-31.9,-16.7,,,,,
Valverde de Alcalá,Madrid,28166,40.4180359,-3.2996775,565,265,113.2,31.4,,,,,
Cuzcurrita de Río Tirón,La Rioja,26056,42.540534,-2.9636152,565,482,17.2,11.7,,,,,
Algar de Palancia,Valencia,46028,39.7810953,-0.367464,565,413,36.8,16.7,,,,,
Pollos,Valladolid,47121,41.4433109,-5.12548,565,853,-33.8,-6.8,,,,,
Torrequemada,Cáceres,10194,39.3659135,-6.2210139,564,603,-6.5,-6.2,,,,,
Aguilafuente,Segovia,40004,41.226369,-4.1130553,564,813,-30.6,-2.6,,,,,
Darnius,Girona,17060,42.3665352,2.8337409,563,531,6.0,2.4,,,,,
Mosqueruela,Teruel,44160,40.3612761,-0.4488388,563,719,-21.7,-3.1,,,,,
Dicastillo,Navarra,31080,42.5945083,-2.0283583,562,708,-20.6,-9.9,,,,,
Juslapeña/Txulapain,Navarra,31136,42.8984572,-1.6956726,562,464,21.1,0.2,,,,,
Hinojosa de Duero,Salamanca,37160,40.9859156,-6.7956914,562,894,-37.1,-19.6,,,,,
Aguaviva,Teruel,44004,40.8226656,-0.1975397,562,641,-12.3,2.2,,,,,
Hornos,Jaén,23043,38.216737,-2.7191753,561,761,-26.3,-13.6,,,,,
Valverde de Llerena,Badajoz,06144,38.2133921,-5.8218203,560,885,-36.7,-12.8,,,,,
Pau,Girona,17128,42.3161009,3.1161931,560,393,42.5,1.6,,,,,
Villazala,León,24228,42.3614809,-5.8543941,560,1101,-49.1,-22.9,,,,,
Iruraiz-Gauna,Álava,01027,42.8313109,-2.475676,559,408,37.0,8.8,,,,,
Cretas,Teruel,44086,40.9283457,0.2125218,559,638,-12.4,0.9,,,,,
Perdiguera,Zaragoza,50206,41.7520293,-0.6325635,559,447,25.1,-7.3,,,,,
Alcoba,Ciudad Real,13006,39.2601129,-4.4769042,558,783,-28.7,-9.1,,,,,
Paüls,Tarragona,43102,40.9221798,0.399879,558,651,-14.3,-3.8,,,,,
Guils de Cerdanya,Girona,17082,42.4479402,1.879737,557,304,83.2,4.9,,,,,
Villares de Órbigo,León,24224,42.4712672,-5.9089969,557,1028,-45.8,-17.1,,,,,
"Albiol, L'",Tarragona,43003,41.2518657,1.0897995,557,144,286.8,21.4,,,,,
Helechosa de los Montes,Badajoz,06062,39.3087128,-4.9062877,556,812,-31.5,-18.7,,,,,
Palomares del Campo,Cuenca,16148,39.9458419,-2.598374,556,1038,-46.4,-15.0,,,,,
Alloza,Teruel,44022,40.9692882,-0.5304939,556,831,-33.1,-7.6,,,,,
Montitxelvo/Montichelvo,Valencia,46175,38.891134,-0.3396607,556,610,-8.9,-13.7,,,,,
Pozal de Gallinas,Valladolid,47123,41.3178397,-4.8382239,556,503,10.5,0.2,,,,,
Oristà,Barcelona,08151,41.9327257,2.0599756,555,665,-16.5,1.5,,,,,
Vega de Valcarce,León,24198,42.6644368,-6.9454103,555,998,-44.4,-14.9,,,,,
Talarn,Lleida,25215,42.1860349,0.8995312,555,365,52.1,-19.4,,,,,
"Prats de Rei, Els",Barcelona,08170,41.7056641,1.5412363,554,552,0.4,3.6,,,,,
Alija del Infantado,León,24003,42.1417568,-5.8367367,554,1051,-47.3,-20.4,,,,,
Ohanes,Almería,04067,37.0381353,-2.7453429,553,817,-32.3,-15.1,,,,,
Pradilla de Ebro,Zaragoza,50217,41.8607994,-1.2629402,553,652,-15.2,0.9,,,,,
Berrobi,Gipuzkoa,20023,43.1455807,-2.0266424,551,565,-2.5,-4.2,,,,,
Garcia,Tarragona,43065,41.136767,0.6500246,551,551,0.0,-8.3,,,,,
Nulles,Tarragona,43098,41.2492881,1.2957338,551,341,61.6,21.6,,,,,
"Labores, Las",Ciudad Real,13050,39.2744812,-3.5187184,550,700,-21.4,-10.3,,,,,
Cristina,Badajoz,06041,38.836958,-6.0984014,549,558,-1.6,-2.0,,,,,
Valle de las Navas,Burgos,09904,42.4544115,-3.637959,549,635,-13.5,5.0,,,,,
Cacín,Granada,18034,37.0599969,-3.9166908,549,835,-34.3,-7.6,,,,,
Ribeira de Piquín,Lugo,27053,43.2014228,-7.2038745,549,986,-44.3,-3.7,,,,,
Vilaplana,Tarragona,43169,41.2281084,1.0336452,549,523,5.0,-6.9,,,,,
Montamarta,Zamora,49123,41.6471097,-5.8049764,549,738,-25.6,-6.5,,,,,
Bienservida,Albacete,02016,38.5155914,-2.6113209,548,952,-42.4,-13.6,,,,,
Benimantell,Alicante,03037,38.6760377,-0.2100878,548,432,26.9,10.9,,,,,
Entrín Bajo,Badajoz,06045,38.7194602,-6.7135261,548,684,-19.9,-6.0,,,,,
Génave,Jaén,23037,38.4299516,-2.7330299,548,720,-23.9,-9.9,,,,,
Castelló de Farfanya,Lleida,25069,41.8203233,0.7277803,548,597,-8.2,-1.4,,,,,
Ojós,Murcia,30031,38.1481011,-1.342091,548,608,-9.9,10.3,,,,,
Bot,Tarragona,43032,41.0094492,0.385667,548,858,-36.1,-10.9,,,,,
Maqueda,Toledo,45091,40.0655255,-4.3705358,548,489,12.1,14.2,,,,,
Azuara,Zaragoza,50039,41.2578076,-0.8695188,548,759,-27.8,-4.9,,,,,
"Tres Villas, Las",Almería,04901,37.1351695,-2.7121612,547,686,-20.3,-12.5,,,,,
Villar del Pedroso,Cáceres,10213,39.7059204,-5.1959371,547,877,-37.6,-14.0,,,,,
Bicorp,Valencia,46071,39.1323971,-0.7877353,546,697,-21.7,3.6,,,,,
Alcóntar,Almería,04008,37.3360254,-2.5971447,545,621,-12.2,-4.7,,,,,
Taramundi,Asturias,33071,43.3605685,-7.1088221,545,975,-44.1,-18.7,,,,,
Alquife,Granada,18018,37.1799558,-3.1159215,543,1018,-46.7,-22.8,,,,,
Ituren,Navarra,31129,43.1288633,-1.7073185,543,462,17.5,3.4,,,,,
"Losa, La",Segovia,40113,40.8534691,-4.1631443,543,362,50.0,1.9,,,,,
Cobreros,Zamora,49050,42.0731227,-6.7017956,543,874,-37.9,-7.7,,,,,
Bernedo,Álava,01016,42.6267187,-2.4980928,541,540,0.2,8.4,,,,,
Villapalacios,Albacete,02080,38.5746053,-2.6351176,539,908,-40.6,-14.2,,,,,
Mañaria,Bizkaia,48059,43.1383492,-2.6608199,539,473,14.0,3.1,,,,,
Ibahernando,Cáceres,10102,39.3245084,-5.9169198,538,785,-31.5,-7.9,,,,,
Torrejón el Rubio,Cáceres,10190,39.7713402,-6.013256,537,743,-27.7,-13.1,,,,,
Luyego,León,24091,42.3758788,-6.237274,537,1030,-47.9,-22.4,,,,,
Casas de Millán,Cáceres,10056,39.8175504,-6.3290452,536,848,-36.8,-15.5,,,,,
Plasenzuela,Cáceres,10149,39.3818481,-6.0475764,536,544,-1.5,11.4,,,,,
Sant Joan de Mollet,Girona,17168,42.0442275,2.941985,536,367,46.0,8.3,,,,,
Mas de Barberans,Tarragona,43077,40.7345687,0.3742211,535,726,-26.3,-11.6,,,,,
Campllong,Girona,17038,41.8948831,2.8309625,534,280,90.7,3.5,,,,,
Santiuste de San Juan Bautista,Segovia,40189,41.1576484,-4.5725068,534,786,-32.1,-7.8,,,,,
Cetina,Zaragoza,50081,41.2916171,-1.961786,534,761,-29.8,-13.2,,,,,
Lanteira,Granada,18117,37.1687458,-3.1382211,533,683,-22.0,-3.4,,,,,
Ardón,León,24006,42.4364485,-5.5605337,533,728,-26.8,-5.3,,,,,
Sancedo,León,24143,42.6673217,-6.6340611,532,620,-14.2,-7.2,,,,,
Losa del Obispo,Valencia,46149,39.695763,-0.8710594,531,469,13.2,3.3,,,,,
Cabezón de Liébana,Cantabria,39013,43.1328048,-4.5755995,530,782,-32.2,-11.8,,,,,
Bidania-Goiatz,Gipuzkoa,20024,43.1418612,-2.1632121,530,421,25.9,2.9,,,,,
Manzanera,Teruel,44143,40.0577849,-0.8302624,530,487,8.8,5.6,,,,,
Ruidera,Ciudad Real,13902,38.9773853,-2.8837081,529,611,-13.4,-8.8,,,,,
Morales de Rey,Zamora,49128,42.067814,-5.7856032,529,797,-33.6,-11.7,,,,,
Cieza,Cantabria,39021,43.2210953,-4.0887667,528,722,-26.9,-5.0,,,,,
Santa María del Campo Rus,Cuenca,16195,39.5585834,-2.4231351,527,823,-36.0,-15.7,,,,,
Garínoain,Navarra,31114,42.6000545,-1.6438763,527,299,76.3,10.0,,,,,
Sant Joanet,Valencia,46222,39.071992,-0.4869889,527,360,46.4,9.8,,,,,
Huécija,Almería,04051,36.9677058,-2.6091422,526,537,-2.0,2.5,,,,,
Herradón de Pinares,Ávila,05093,40.5651308,-4.5591353,526,510,3.1,0.4,,,,,
Riudaura,Girona,17149,42.1887348,2.4093804,526,389,35.2,12.9,,,,,
Fornes,Granada,18077,36.9543333,-3.8555715,526,,,,,,,,
Figueroles,Castellón,12060,40.1174043,-0.2380778,525,556,-5.6,-3.1,,,,,
Robres,Huesca,22197,41.8668638,-0.4607326,524,709,-26.1,-7.9,,,,,
Gavilanes,Ávila,05082,40.2785768,-4.851441,523,751,-30.4,-15.0,,,,,
Santa Cruz del Comercio,Granada,18174,37.0616141,-3.9760974,523,560,-6.6,-3.9,,,,,
Salorino,Cáceres,10162,39.4780671,-7.0102658,522,891,-41.4,-17.0,,,,,
Navas de Jorquera,Albacete,02054,39.2799099,-1.7184266,521,540,-3.5,-0.8,,,,,
Sorvilán,Granada,18177,36.7948706,-3.2668027,521,694,-24.9,-6.1,,,,,
"Almolda, La",Zaragoza,50022,41.5545643,-0.2101407,521,717,-27.3,-10.3,,,,,
Saceruela,Ciudad Real,13073,38.9434102,-4.6083053,520,783,-33.6,-14.3,,,,,
Pitillas,Navarra,31205,42.4226867,-1.6203754,520,614,-15.3,5.3,,,,,
Casas de Ves,Albacete,02023,39.2588234,-1.3328623,519,962,-46.0,-20.6,,,,,
"Alqueria d'Asnar, l'",Alicante,03017,38.7726627,-0.4262641,519,407,27.5,0.4,,,,,
Gabiria,Gipuzkoa,20038,43.0502538,-2.2791464,519,428,21.3,6.6,,,,,
Villaluenga de la Vega,Palencia,34218,42.5231823,-4.7650478,519,686,-24.3,-7.7,,,,,
Rodonyà,Tarragona,43132,41.2826844,1.3990724,519,384,35.2,5.5,,,,,
Salomó,Tarragona,43135,41.2295948,1.3747378,519,384,35.2,-3.9,,,,,
Alamedilla,Granada,18002,37.5816313,-3.2443845,518,1007,-48.6,-15.2,,,,,
Macharaviaya,Málaga,29066,36.7623774,-4.2138163,518,324,59.9,12.4,,,,,
Aldearrubia,Salamanca,37020,41.008202,-5.4989374,518,526,-1.5,6.4,,,,,
Topas,Salamanca,37323,41.1574766,-5.6329809,518,722,-28.3,-6.5,,,,,
"Romeral, El",Toledo,45149,39.7072283,-3.4340122,518,943,-45.1,-19.2,,,,,
Villaminaya,Toledo,45190,39.7114161,-3.8711454,518,655,-20.9,-8.6,,,,,
Titaguas,Valencia,46241,39.8655907,-1.0821531,517,556,-7.0,9.8,,,,,
San Pedro del Arroyo,Ávila,05220,40.8023476,-4.8708817,516,478,7.9,17.0,,,,,
Pontons,Barcelona,08168,41.4155898,1.516296,516,291,77.3,13.9,,,,,
Fontanals de Cerdanya,Girona,17069,42.3845494,1.8998509,516,376,37.2,15.7,,,,,
Llanars,Girona,17091,42.3207265,2.344001,516,448,15.2,0.4,,,,,
Villabáñez,Valladolid,47195,41.6302404,-4.5220775,516,485,6.4,-5.1,,,,,
Trucios-Turtzioz,Bizkaia,48087,43.2712711,-3.2562469,515,534,-3.6,1.0,,,,,
Alfauir,Valencia,46023,38.9283659,-0.2516595,515,343,50.1,14.2,,,,,
Carmonita,Badajoz,06031,39.1542463,-6.338543,514,685,-25.0,-8.5,,,,,
Villaobispo de Otero,León,24219,42.5005498,-6.0580907,514,763,-32.6,-12.9,,,,,
Belianes,Lleida,25046,41.5608943,1.0165748,514,558,-7.9,-4.6,,,,,
Calzada de Oropesa,Toledo,45030,39.8978576,-5.2785136,514,629,-18.3,-5.0,,,,,
"Nava de Ricomalillo, La",Toledo,45108,39.6494555,-4.9903057,514,775,-33.7,-9.8,,,,,
Carcedo de Burgos,Burgos,09072,42.2870348,-3.6219998,513,139,269.1,28.9,,,,,
Bercianos del Páramo,León,24017,42.3809862,-5.7038921,513,904,-43.3,-15.2,,,,,
Garcillán,Segovia,40094,40.9777168,-4.2657179,513,349,47.0,14.8,,,,,
Cervera de los Montes,Toledo,45049,40.0514382,-4.8102512,513,428,19.9,-4.8,,,,,
Pira,Tarragona,43107,41.4236202,1.2031023,512,364,40.7,2.4,,,,,
Vilviestre del Pinar,Burgos,09425,41.9520417,-3.0781122,511,810,-36.9,-14.3,,,,,
Costur,Castellón,12049,40.1200736,-0.1735358,511,466,9.7,-5.9,,,,,
Monreal/Elo,Navarra,31172,42.7048477,-1.5072472,511,295,73.2,6.5,,,,,
Garlitos,Badajoz,06057,38.8804297,-5.0483148,510,796,-35.9,-19.2,,,,,
Abárzuza/Abartzuza,Navarra,31002,42.7268475,-2.0225275,510,508,0.4,-4.1,,,,,
San Xoán de Río,Ourense,32070,42.3704983,-7.2994762,510,1137,-55.1,-12.5,,,,,
Mozárbez,Salamanca,37209,40.8563307,-5.6513631,510,401,27.2,1.6,,,,,
Malpartida de la Serena,Badajoz,06078,38.6743038,-5.6406571,508,831,-38.9,-14.3,,,,,
Santa María del Campo,Burgos,09350,42.1319646,-3.9754561,508,730,-30.4,-13.0,,,,,
Torre de Santa María,Cáceres,10188,39.2528863,-6.1173349,508,773,-34.3,-10.2,,,,,
Chera,Valencia,46108,39.5931474,-0.9729021,508,582,-12.7,-0.4,,,,,
Novillas,Zaragoza,50191,41.9339098,-1.394695,508,713,-28.8,-9.3,,,,,
Instinción,Almería,04055,36.9928976,-2.6595977,507,547,-7.3,14.2,,,,,
Zarzuela del Monte,Segovia,40233,40.808853,-4.3358547,507,532,-4.7,-4.2,,,,,
Cuevas del Valle,Ávila,05066,40.2940067,-5.0097762,506,662,-23.6,-0.2,,,,,
Hinojosas de Calatrava,Ciudad Real,13048,38.6135415,-4.1387605,506,805,-37.1,1.2,,,,,
"Plans de Sió, Els",Lleida,25911,41.7619135,1.1977654,506,609,-16.9,-3.3,,,,,
Araitz,Navarra,31020,43.0371281,-1.9848303,506,613,-17.5,-4.3,,,,,
Velilla de Cinca,Huesca,22245,41.5866393,0.2620195,505,499,1.2,14.3,,,,,
Beniflá,Valencia,46061,38.9282759,-0.1884609,505,153,230.1,11.5,,,,,
Alatoz,Albacete,02002,39.0955185,-1.3610539,504,683,-26.2,-13.4,,,,,
Mengabril,Badajoz,06082,38.9355665,-5.9335008,504,458,10.0,7.0,,,,,
Zarza de Montánchez,Cáceres,10217,39.2571525,-6.0313973,504,662,-23.9,-13.1,,,,,
Tariego de Cerrato,Palencia,34181,41.9049336,-4.4811717,504,573,-12.0,-2.1,,,,,
Santa Fe de Mondújar,Almería,04081,36.9738035,-2.5307759,503,411,22.4,16.7,,,,,
Culla,Castellón,12051,40.3373914,-0.1651408,503,844,-40.4,-4.0,,,,,
Pozaldez,Valladolid,47124,41.3721132,-4.8446431,503,536,-6.2,3.9,,,,,
Magacela,Badajoz,06075,38.895885,-5.7344479,502,751,-33.2,-5.8,,,,,
Ontiñena,Huesca,22165,41.6765311,0.0899751,502,682,-26.4,-10.4,,,,,
Roperuelos del Páramo,León,24136,42.2374116,-5.7815848,502,867,-42.1,-13.7,,,,,
Santa Colomba de Curueño,León,24151,42.751273,-5.4127086,502,712,-29.5,-5.1,,,,,
Montferri,Tarragona,43089,41.2655697,1.3666818,502,158,217.7,25.5,,,,,
Vespella de Gaià,Tarragona,43164,41.2040993,1.3599407,502,148,239.2,19.2,,,,,
Covarrubias,Burgos,09113,42.0592944,-3.5201803,501,655,-23.5,-13.3,,,,,
Ger,Girona,17078,42.4115726,1.8472085,501,288,74.0,14.9,,,,,
Anue,Navarra,31017,42.9633684,-1.6185884,501,449,11.6,5.9,,,,,
Vilariño de Conso,Ourense,32092,42.1661767,-7.1826752,501,877,-42.9,-14.5,,,,,
Torrijo del Campo,Teruel,44232,40.8245212,-1.3381918,501,592,-15.4,8.4,,,,,
Peñamellera Alta,Asturias,33046,43.3345449,-4.7070278,500,783,-36.1,-6.2,,,,,
Aduna,Gipuzkoa,20002,43.2038168,-2.050099,500,311,60.8,6.4,,,,,
Viladamat,Girona,17217,42.1327669,3.0753648,500,401,24.7,7.3,,,,,
Parada de Sil,Ourense,32057,42.3826196,-7.5685853,500,980,-49.0,-15.5,,,,,
"Pont d'Armentera, El",Tarragona,43113,41.3832207,1.3626908,500,582,-14.1,-2.9,,,,,
Muñana,Ávila,05135,40.5908234,-5.0143472,499,586,-14.8,17.1,,,,,
Errigoiti,Bizkaia,48079,43.3188649,-2.7252592,499,452,10.4,-2.7,,,,,
Villares del Saz,Cuenca,16269,39.8405925,-2.5052703,499,748,-33.3,-0.8,,,,,
Quintana Redonda,Soria,42144,41.6402715,-2.615214,499,613,-18.6,-3.1,,,,,
Pereruela,Zamora,49152,41.415918,-5.8773739,499,769,-35.1,-13.7,,,,,
Poyales del Hoyo,Ávila,05189,40.1732011,-5.1651418,498,769,-35.2,-10.4,,,,,
Ikaztegieta,Gipuzkoa,20044,43.0945249,-2.1242678,498,380,31.1,2.3,,,,,
Maià de Montcal,Girona,17098,42.2221769,2.7431144,498,320,55.6,15.0,,,,,
Sotoserrano,Salamanca,37313,40.4373792,-6.0332967,498,716,-30.4,-16.4,,,,,
Somontín,Almería,04085,37.39241,-2.3882144,497,508,-2.2,4.2,,,,,
Guijo de Granadilla,Cáceres,10090,40.1937514,-6.163317,497,788,-36.9,-10.8,,,,,
Crémenes,León,24060,42.9033585,-5.1431358,497,1319,-62.3,-14.9,,,,,
Villaverde de Medina,Valladolid,47228,41.3066295,-5.0253531,497,614,-19.1,-3.3,,,,,
Rabanales,Zamora,49172,41.7426643,-6.2766869,497,935,-46.8,-11.6,,,,,
Vilaller,Lleida,25245,42.4759263,0.7165615,496,618,-19.7,-10.1,,,,,
Alió,Tarragona,43010,41.2935881,1.3062666,496,339,46.3,22.5,,,,,
Chiprana,Zaragoza,50092,41.2623516,-0.1272234,496,406,22.2,2.7,,,,,
Herrera de los Navarros,Zaragoza,50124,41.2103316,-1.0825932,495,605,-18.2,-7.6,,,,,
Fogars de Montclús,Barcelona,08081,41.7277735,2.4426428,494,313,57.8,6.9,,,,,
Colera,Girona,17054,42.4036867,3.1489254,494,422,17.1,-5.4,,,,,
Torre del Burgo,Guadalajara,19279,40.7945892,-3.0795869,494,69,615.9,75.8,,,,,
Benissoda,Valencia,46068,38.832174,-0.5302439,494,291,69.8,15.2,,,,,
Bolvir,Girona,17024,42.417885,1.8798183,493,245,101.2,31.5,,,,,
Pareja,Guadalajara,19211,40.5562402,-2.6497104,493,481,2.5,16.8,,,,,
Vilaverd,Tarragona,43172,41.3346124,1.1774773,493,361,36.6,9.1,,,,,
Íllar,Almería,04054,36.9851023,-2.6391402,492,489,0.6,27.5,,,,,
Sot de Ferrer,Castellón,12107,39.8048407,-0.4103204,492,412,19.4,17.7,,,,,
Ochagavía/Otsagabia,Navarra,31185,42.9064384,-1.0901999,492,701,-29.8,-9.4,,,,,
Ituero y Lama,Segovia,40104,40.8001736,-4.377953,492,74,564.9,37.4,,,,,
Geria,Valladolid,47071,41.5789122,-4.8756666,492,477,3.1,-3.0,,,,,
Lújar,Granada,18124,36.7865608,-3.4044407,491,572,-14.2,0.8,,,,,
Villanueva de las Torres,Granada,18187,37.5568429,-3.0897928,491,1012,-51.5,-24.5,,,,,
Campo,Huesca,22074,42.409759,0.3972463,491,376,30.6,34.5,,,,,
Bolulla,Alicante,03045,38.6766014,-0.112208,490,306,60.1,18.9,,,,,
"Tallada d'Empordà, La",Girona,17195,42.0798863,3.0555614,490,327,49.8,8.6,,,,,
Sena,Huesca,22217,41.7149736,-0.0443852,490,615,-20.3,-3.4,,,,,
Olombrada,Segovia,40149,41.4155608,-4.1601082,490,845,-42.0,-18.2,,,,,
Yebra,Guadalajara,19327,40.3566154,-2.9666167,489,576,-15.1,-0.6,,,,,
Fuentes de Valdepero,Palencia,34077,42.0749607,-4.5005124,489,251,94.8,15.6,,,,,
Bohonal de Ibor,Cáceres,10030,39.7840287,-5.4844477,488,620,-21.3,-1.2,,,,,
Montoliu de Lleida,Lleida,25142,41.5601373,0.5889379,488,486,0.4,-1.4,,,,,
Pomar de Valdivia,Palencia,34135,42.7745019,-4.1674162,488,543,-10.1,5.4,,,,,
Anguiano,La Rioja,26014,42.2612479,-2.7648813,488,643,-24.1,-9.1,,,,,
Fariza,Zamora,49064,41.42082,-6.2717612,487,752,-35.2,-11.1,,,,,
Caravia,Asturias,33013,43.4626201,-5.1870052,486,577,-15.8,-0.6,,,,,
Valencia de las Torres,Badajoz,06139,38.4033077,-6.0044334,486,878,-44.6,-22.0,,,,,
Valle de Losa,Burgos,09908,42.9771061,-3.2242307,486,722,-32.7,-6.4,,,,,
Toral de los Guzmanes,León,24168,42.2428548,-5.5671476,486,729,-33.3,-6.4,,,,,
Alesanco,La Rioja,26009,42.414273,-2.8171672,486,510,-4.7,-4.1,,,,,
Nacimiento,Almería,04065,37.1059248,-2.6484274,485,541,-10.4,0.4,,,,,
Alfambra,Teruel,44016,40.5470763,-1.0336291,485,705,-31.2,-14.6,,,,,
"Puebla de Valverde, La",Teruel,44192,40.224544,-0.9301721,485,476,1.9,5.4,,,,,
Valdelugueros,León,24177,42.9731187,-5.4123903,484,491,-1.4,-6.9,,,,,
Villanueva de las Manzanas,León,24218,42.4727603,-5.4809076,484,656,-26.2,-4.2,,,,,
Larouco,Ourense,32038,42.3466038,-7.1632358,484,634,-23.7,-0.6,,,,,
Carcelén,Albacete,02020,39.1020272,-1.3086548,483,676,-28.6,-6.8,,,,,
Cabezarrubias del Puerto,Ciudad Real,13026,38.6149564,-4.1835844,483,678,-28.8,-4.4,,,,,
Fresno de la Vega,León,24073,42.3458944,-5.5361462,483,745,-35.2,-11.7,,,,,
Sant Ramon,Lleida,25194,41.7253374,1.363189,483,560,-13.8,-5.1,,,,,
Villar del Buey,Zamora,49264,41.3280793,-6.1874419,483,929,-48.0,-22.1,,,,,
Valle de Santibáñez,Burgos,09902,42.4802876,-3.7830754,482,659,-26.9,-2.4,,,,,
Torre de Don Miguel,Cáceres,10187,40.2239881,-6.5770635,481,718,-33.0,-5.5,,,,,
Villasbuenas de Gata,Cáceres,10215,40.1788621,-6.6259055,481,545,-11.7,30.0,,,,,
Saro,Cantabria,39081,43.2598232,-3.8424627,480,547,-12.2,-6.2,,,,,
Villaescusa de Haro,Cuenca,16243,39.5971303,-2.6740201,480,632,-24.1,-5.5,,,,,
Garrigàs,Girona,17075,42.1929222,2.9539294,480,319,50.5,10.3,,,,,
"Granado, El",Huelva,21037,37.5207224,-7.4164124,480,680,-29.4,-8.6,,,,,
Val de San Lorenzo,León,24185,42.4166478,-6.1207377,480,825,-41.8,-9.3,,,,,
Cespedosa de Tormes,Salamanca,37103,40.5445749,-5.5796454,480,718,-33.1,-7.3,,,,,
San Bartolomé de Pinares,Ávila,05201,40.5435143,-4.5397941,479,787,-39.1,-17.6,,,,,
Valle de Valdebezana,Burgos,09413,42.970032,-3.7863487,479,808,-40.7,-6.3,,,,,
Cardenete,Cuenca,16056,39.7661577,-1.6886942,479,712,-32.7,-7.4,,,,,
Bielsa,Huesca,22057,42.6335545,0.2188591,479,472,1.5,-0.8,,,,,
Carucedo,León,24041,42.4903276,-6.7613409,479,674,-28.9,-16.6,,,,,
Vilanova de Meià,Lleida,25250,41.9953518,1.0228846,479,485,-1.2,15.7,,,,,
Villanueva de la Sierra,Cáceres,10211,40.201636,-6.4067992,478,638,-25.1,6.5,,,,,
Arredondo,Cantabria,39007,43.274538,-3.6017743,478,668,-28.4,-0.4,,,,,
Candasnos,Huesca,22077,41.5036249,0.0642157,478,572,-16.4,50.3,,,,,
Guadasséquies,Valencia,46138,38.9245811,-0.4865189,478,390,22.6,4.8,,,,,
Riaño,León,24130,42.9756044,-5.0056656,476,540,-11.9,-1.7,,,,,
Ledrada,Salamanca,37171,40.4688626,-5.7200543,476,608,-21.7,-6.7,,,,,
Barberà de la Conca,Tarragona,43021,41.4110876,1.2288159,476,401,18.7,-0.4,,,,,
Forcall,Castellón,12061,40.6460917,-0.199565,475,554,-14.3,3.0,,,,,
Almedina,Ciudad Real,13014,38.6240327,-2.954419,475,768,-38.2,-14.4,,,,,
Saelices,Cuenca,16186,39.9207771,-2.8045626,475,730,-34.9,-13.2,,,,,
Hontoba,Guadalajara,19142,40.4558217,-3.0421008,475,185,156.8,48.0,,,,,
Monflorite-Lascasas,Huesca,22156,42.094489,-0.3563628,475,193,146.1,31.9,,,,,
Canencia,Madrid,28034,40.9095894,-3.7375609,475,474,0.2,5.3,,,,,
Escalona del Prado,Segovia,40073,41.1666475,-4.1217064,475,599,-20.7,-10.9,,,,,
Benimeli,Alicante,03040,38.8228522,-0.0418836,474,329,44.1,23.4,,,,,
Badarán,La Rioja,26023,42.3677057,-2.8083919,474,771,-38.5,-10.9,,,,,
Torrecilla en Cameros,La Rioja,26151,42.2560793,-2.6305716,474,554,-14.4,-8.7,,,,,
Mazaleón,Teruel,44147,41.0498797,0.1045477,474,608,-22.0,-12.2,,,,,
Malón,Zaragoza,50157,41.9526553,-1.673031,474,491,-3.5,35.0,,,,,
Montmajor,Barcelona,08132,42.0180704,1.735819,473,499,-5.2,0.4,,,,,
Villahermosa del Río,Castellón,12130,40.2029553,-0.4182829,473,474,-0.2,-2.9,,,,,
Cirauqui/Zirauki,Navarra,31074,42.6756793,-1.890971,473,454,4.2,-0.6,,,,,
Prádena,Segovia,40162,41.1373888,-3.6883157,473,581,-18.6,-12.4,,,,,
"Masroig, El",Tarragona,43082,41.1256089,0.7312995,473,524,-9.7,-4.3,,,,,
Villafrechós,Valladolid,47205,41.8937907,-5.2181971,473,544,-13.1,-3.9,,,,,
Cabañas de Ebro,Zaragoza,50064,41.7945931,-1.1624759,473,524,-9.7,-6.9,,,,,
Hinojosa del Valle,Badajoz,06068,38.4823235,-6.1850312,472,616,-23.4,-6.2,,,,,
Santa Colomba de Somoza,León,24152,42.444358,-6.2419948,472,495,-4.6,-9.6,,,,,
"Parrilla, La",Valladolid,47110,41.5363939,-4.5326282,471,666,-29.3,-5.0,,,,,
Peñaranda de Duero,Burgos,09261,41.6882886,-3.4799443,470,617,-23.8,-13.0,,,,,
"Rábanos, Los",Soria,42149,41.7179987,-2.4766302,470,435,8.0,-4.5,,,,,
"Almarcha, La",Cuenca,16015,39.6860407,-2.3792038,469,639,-26.6,19.3,,,,,
Villalar de los Comuneros,Valladolid,47210,41.5499934,-5.1384795,469,510,-8.0,6.6,,,,,
Mediana de Aragón,Zaragoza,50164,41.4666749,-0.7074317,469,515,-8.9,5.9,,,,,
Sotillo de la Ribera,Burgos,09369,41.7780479,-3.8257716,468,626,-25.2,-8.8,,,,,
Villalba del Rey,Cuenca,16246,40.3445737,-2.6397251,468,742,-36.9,-16.4,,,,,
Argelaguer,Girona,17010,42.2145207,2.6414922,468,361,29.6,12.8,,,,,
Castellfollit del Boix,Barcelona,08059,41.6657331,1.6847457,467,337,38.6,4.2,,,,,
Munitibar-Arbatzegi Gerrikaitz,Bizkaia,48007,43.265725,-2.5913281,467,397,17.6,1.3,,,,,
Cerezo de Río Tirón,Burgos,09098,42.4919916,-3.1356369,467,818,-42.9,-20.6,,,,,
Chandrexa de Queixa,Ourense,32029,42.3028365,-7.3874098,467,984,-52.5,-7.7,,,,,
Peñarroya de Tastavins,Teruel,44179,40.7560869,0.0408641,467,552,-15.4,0.4,,,,,
Vara de Rey,Cuenca,16238,39.427408,-2.2926689,466,751,-37.9,-16.2,,,,,
Santa Ana la Real,Huelva,21067,37.8639155,-6.7244264,466,495,-5.9,-6.4,,,,,
Benimarfull,Alicante,03038,38.7757908,-0.3912015,465,408,14.0,8.9,,,,,
Peraleda del Zaucejo,Badajoz,06101,38.4741788,-5.5645445,465,690,-32.6,-16.2,,,,,
Bronchales,Teruel,44045,40.5089282,-1.5886007,465,447,4.0,11.5,,,,,
Calles,Valencia,46079,39.7254187,-0.973942,465,435,6.9,27.7,,,,,
Cevico de la Torre,Palencia,34057,41.8515571,-4.4093299,464,739,-37.2,-7.8,,,,,
Crespos,Ávila,05065,40.8720548,-4.9702253,463,779,-40.6,-10.1,,,,,
Villaluenga del Rosario,Cádiz,11040,36.6965773,-5.3860094,463,511,-9.4,1.3,,,,,
Santa Cruz de los Cáñamos,Ciudad Real,13076,38.636664,-2.8669824,463,687,-32.6,-15.8,,,,,
Ráfol de Salem,Valencia,46210,38.8659425,-0.3972952,463,377,22.8,9.5,,,,,
Carbajales de Alba,Zamora,49036,41.6528058,-5.9975786,463,736,-37.1,-16.3,,,,,
Puebla del Prior,Badajoz,06106,38.5705441,-6.1970141,462,602,-23.3,-6.9,,,,,
Fuentes,Cuenca,16089,39.9503682,-2.0210007,462,514,-10.1,2.0,,,,,
Guesálaz/Gesalatz,Navarra,31120,42.7547023,-1.9336544,462,458,0.9,4.1,,,,,
Bernardos,Segovia,40030,41.1281828,-4.3503802,462,776,-40.5,-13.5,,,,,
Berantevilla,Álava,01014,42.682852,-2.8589445,461,403,14.4,2.7,,,,,
Alicún de Ortega,Granada,18015,37.6079372,-3.1373775,461,783,-41.1,-9.8,,,,,
Arnes,Tarragona,43018,40.9110193,0.2610217,461,535,-13.8,-2.3,,,,,
Ferreras de Abajo,Zamora,49066,41.8972381,-6.0768127,461,662,-30.4,-16.9,,,,,
Madridanos,Zamora,49103,41.4803445,-5.6040598,461,582,-20.8,-4.2,,,,,
Benalauría,Málaga,29024,36.5942222,-5.261033,460,521,-11.7,0.9,,,,,
Palol de Revardit,Girona,17123,42.0694953,2.7958985,459,365,25.8,-2.3,,,,,
Castejón de Monegros,Huesca,22083,41.6181075,-0.2401766,459,754,-39.1,-15.5,,,,,
Samboal,Segovia,40176,41.2589394,-4.417447,459,633,-27.5,-2.8,,,,,
"Fresneda, La",Teruel,44108,40.9286769,0.0745341,459,435,5.5,-2.3,,,,,
Gea de Albarracín,Teruel,44117,40.4104638,-1.3457211,459,503,-8.7,22.7,,,,,
Guisando,Ávila,05089,40.2223453,-5.1402931,458,720,-36.4,-14.2,,,,,
Tornadizos de Ávila,Ávila,05245,40.6260978,-4.6132023,458,361,26.9,5.3,,,,,
Ajangiz,Bizkaia,48911,43.3100008,-2.6617924,458,388,18.0,-2.3,,,,,
Pedrosa de Duero,Burgos,09256,41.7123411,-3.9869811,458,607,-24.5,3.2,,,,,
Pontedeva,Ourense,32064,42.162069,-8.1301333,458,807,-43.2,-22.1,,,,,
Cañamares,Cuenca,16048,40.4521589,-2.2393419,457,595,-23.2,-5.8,,,,,
Benuza,León,24016,42.4005361,-6.7086507,457,728,-37.2,-9.1,,,,,
Benarrabá,Málaga,29029,36.5508289,-5.2756812,457,647,-29.4,-7.3,,,,,
Serrato,Málaga,29904,36.8849238,-4.9810084,457,,,-9.1,,,,,
Aldeanueva de Barbarroya,Toledo,45009,39.7598669,-5.0215262,456,872,-47.7,-23.2,,,,,
Pozuelo,Albacete,02065,38.8093497,-2.101456,455,684,-33.5,-14.3,,,,,
Urrea de Gaén,Teruel,44237,41.1600888,-0.4705135,455,633,-28.1,-4.2,,,,,
Gallegos del Río,Zamora,49087,41.7352273,-6.1736307,455,933,-51.2,-16.4,,,,,
Santiago de Alcántara,Cáceres,10169,39.6060144,-7.2445213,454,818,-44.5,-19.4,,,,,
Sanzoles,Zamora,49210,41.4316769,-5.5668032,454,729,-37.7,-15.8,,,,,
Cedillo,Cáceres,10062,39.6517708,-7.5001622,453,581,-22.0,-2.6,,,,,
Belinchón,Cuenca,16032,40.0483697,-3.0579594,453,344,31.7,34.4,,,,,
Alt Àneu,Lleida,25024,42.6343677,1.1109042,453,375,20.8,12.7,,,,,
Valle de Ollo/Ollaran,Navarra,31194,42.8673369,-1.8585331,453,363,24.8,11.6,,,,,
Robleda,Salamanca,37269,40.3855498,-6.6043166,453,602,-24.8,-11.7,,,,,
Zambrana,Álava,01062,42.6611191,-2.8793698,452,357,26.6,13.6,,,,,
Mañeru,Navarra,31161,42.6695386,-1.8620743,452,365,23.8,7.9,,,,,
"Cerralbos, Los",Toledo,45048,39.9837959,-4.5691777,452,480,-5.8,8.9,,,,,
Gátova,Valencia,46902,39.7696335,-0.5205666,452,512,-11.7,23.5,,,,,
Navarredonda de Gredos,Ávila,05165,40.3619081,-5.1330863,451,482,-6.4,-1.5,,,,,
Miranda de Azán,Salamanca,37192,40.8868068,-5.6817029,451,351,28.5,7.6,,,,,
Garbayuela,Badajoz,06056,39.049574,-4.9988612,450,605,-25.6,-15.1,,,,,
Calzadilla,Cáceres,10040,40.0614295,-6.5317294,450,577,-22.0,-8.7,,,,,
Palomero,Cáceres,10137,40.2465313,-6.2762278,450,598,-24.7,19.4,,,,,
Alamillo,Ciudad Real,13003,38.6780447,-4.7899773,450,693,-35.1,-14.8,,,,,
Osa de la Vega,Cuenca,16145,39.6611803,-2.7600609,450,682,-34.0,-13.8,,,,,
Anguciana,La Rioja,26013,42.5752687,-2.9027969,450,318,41.5,-1.3,,,,,
Orihuela del Tremedal,Teruel,44174,40.5507519,-1.6504341,450,620,-27.4,-10.7,,,,,
Arcenillas,Zamora,49010,41.4561135,-5.6857564,450,281,60.1,11.4,,,,,
Almuniente,Huesca,22023,41.9508488,-0.412962,448,644,-30.4,-10.6,,,,,
"Sentiu de Sió, La",Lleida,25035,41.8049307,0.8797113,448,468,-4.3,-3.0,,,,,
Santibáñez de Béjar,Salamanca,37297,40.4885673,-5.6118141,448,722,-38.0,-9.1,,,,,
"Iglesuela del Tiétar, La",Toledo,45079,40.232703,-4.7515013,448,474,-5.5,3.5,,,,,
Fayón,Zaragoza,50105,41.240242,0.3331361,448,392,14.3,26.6,,,,,
"Camp de Mirra, el/Campo de Mirra",Alicante,03051,38.6864162,-0.7782888,447,379,17.9,1.6,,,,,
Kortezubi,Bizkaia,48907,43.3404931,-2.6554071,447,368,21.5,-0.4,,,,,
Buenache de Alarcón,Cuenca,16039,39.657732,-2.1592025,447,641,-30.3,-9.0,,,,,
Altzo,Gipuzkoa,20007,43.1004025,-2.0842078,447,321,39.3,8.2,,,,,
"Pera, La",Girona,17130,42.0205464,2.9736244,447,355,25.9,1.4,,,,,
Esponellà,Girona,17065,42.1773757,2.7955223,446,404,10.4,-2.2,,,,,
Aldeaquemada,Jaén,23004,38.4125181,-3.3716744,446,622,-28.3,-13.6,,,,,
Soriguera,Lleida,25208,42.3797052,1.1613872,446,309,44.3,9.3,,,,,
Donamaria,Navarra,31081,43.1122222,-1.6727059,446,394,13.2,-1.5,,,,,
Urdiales del Páramo,León,24174,42.3709574,-5.7741525,445,771,-42.3,-12.4,,,,,
Llardecans,Lleida,25125,41.3745721,0.5500271,444,650,-31.7,-6.7,,,,,
Alaraz,Salamanca,37007,40.7479808,-5.2880434,444,698,-36.4,-10.3,,,,,
Capçanes,Tarragona,43040,41.1003901,0.7810956,444,409,8.6,13.3,,,,,
Castell de Castells,Alicante,03054,38.7250325,-0.1939985,443,499,-11.2,-1.3,,,,,
Freginals,Tarragona,43062,40.6715945,0.5202611,443,341,29.9,11.9,,,,,
Salobre,Albacete,02070,38.5922615,-2.549574,442,644,-31.4,-15.5,,,,,
Hormilla,La Rioja,26075,42.4378628,-2.7747342,442,497,-11.1,-0.2,,,,,
Machacón,Salamanca,37175,40.9260708,-5.5241651,442,543,-18.6,-2.4,,,,,
Otos,Valencia,46185,38.8537863,-0.444257,442,534,-17.2,-1.3,,,,,
Osera de Ebro,Zaragoza,50199,41.5344164,-0.5803041,442,361,22.4,9.7,,,,,
Sagra,Alicante,03115,38.8113178,-0.0649407,441,379,16.4,6.5,,,,,
Langa,Ávila,05109,41.0076625,-4.8587225,441,608,-27.5,-12.7,,,,,
Cañizares,Cuenca,16053,40.5186403,-2.1913136,441,617,-28.5,-9.6,,,,,
Garganta de los Montes,Madrid,28062,40.9216084,-3.6866546,441,329,34.0,25.6,,,,,
Árchez,Málaga,29016,36.8390459,-3.9907148,441,341,29.3,3.0,,,,,
Mascaraque,Toledo,45094,39.7160016,-3.8124941,441,506,-12.8,-1.1,,,,,
Castañares de Rioja,La Rioja,26043,42.5119534,-2.9317081,440,496,-11.3,-1.8,,,,,
Cebrones del Río,León,24053,42.2570401,-5.8258845,439,754,-41.8,-10.4,,,,,
Venialbo,Zamora,49234,41.3903422,-5.5387136,439,573,-23.4,-7.2,,,,,
Padules,Almería,04071,36.9978333,-2.7732375,438,488,-10.2,-2.4,,,,,
Gualta,Girona,17081,42.029638,3.1037954,438,270,62.2,16.5,,,,,
Conca de Dalt,Lleida,25161,42.2446414,0.9714959,438,437,0.2,-0.2,,,,,
Manganeses de la Lampreana,Zamora,49108,41.7505124,-5.7108208,438,861,-49.1,-12.2,,,,,
Marchal,Granada,18128,37.2963627,-3.2021995,437,452,-3.3,3.1,,,,,
Carrocera,León,24040,42.7966168,-5.7435693,437,647,-32.5,-12.8,,,,,
Ribera d'Ondara,Lleida,25905,41.628475,1.341482,437,531,-17.7,-2.0,,,,,
Vinaixa,Lleida,25255,41.4281821,0.9745809,437,650,-32.8,-12.4,,,,,
"Marines, Los",Huelva,21048,37.9038172,-6.6211935,436,329,32.5,13.5,,,,,
Torrecilla de Alcañiz,Teruel,44221,40.9619835,-0.0909037,436,453,-3.8,2.8,,,,,
Otero,Toledo,45126,40.0011174,-4.5153249,436,230,89.6,22.5,,,,,
Villa del Campo,Cáceres,10207,40.1412528,-6.4277366,435,664,-34.5,-17.5,,,,,
Larva,Jaén,23054,37.7599694,-3.2019071,435,546,-20.3,-9.9,,,,,
"Horcajada, La",Ávila,05097,40.4366655,-5.4661296,434,861,-49.6,-15.1,,,,,
"Avellanes i Santa Linya, Les",Lleida,25037,41.9080135,0.7637504,434,460,-5.7,-6.7,,,,,
Urrea de Jalón,Zaragoza,50269,41.6668363,-1.2348858,434,354,22.6,7.4,,,,,
Borredà,Barcelona,08024,42.1355536,1.9941054,433,471,-8.1,-12.5,,,,,
Perafita,Barcelona,08160,42.0423757,2.107122,433,319,35.7,5.4,,,,,
Cinctorres,Castellón,12045,40.5825853,-0.2161136,433,591,-26.7,3.6,,,,,
Imotz,Navarra,31126,42.9694122,-1.7914681,433,405,6.9,0.0,,,,,
Arnedillo,La Rioja,26017,42.2119855,-2.2351226,433,433,0.0,-7.3,,,,,
"Zaida, La",Zaragoza,50296,41.3277906,-0.4297406,433,619,-30.0,-6.1,,,,,
Vilada,Barcelona,08299,42.1369132,1.9315206,432,548,-21.2,0.5,,,,,
San Pedro del Romeral,Cantabria,39071,43.115382,-3.8184121,432,693,-37.7,-4.6,,,,,
Parlavà,Girona,17126,42.022591,3.0304741,432,337,28.2,10.2,,,,,
Castrogonzalo,Zamora,49041,41.9889037,-5.6036131,432,537,-19.6,-12.7,,,,,
Pancorbo,Burgos,09251,42.6353553,-3.1109887,431,519,-17.0,-4.4,,,,,
Murtas,Granada,18141,36.8863182,-3.1098818,431,906,-52.4,-12.9,,,,,
Cimanes de la Vega,León,24054,42.118029,-5.5984783,431,725,-40.6,-10.6,,,,,
Penelles,Lleida,25164,41.7585412,0.9655624,431,573,-24.8,-9.1,,,,,
Cardeñosa,Ávila,05049,40.7440033,-4.7449591,430,569,-24.4,-4.4,,,,,
Pozuelo de Zarzón,Cáceres,10152,40.149201,-6.4149716,430,660,-34.8,-12.6,,,,,
Osor,Girona,17116,41.9451025,2.5569285,430,509,-15.5,-0.9,,,,,
"Puebla de Castro, La",Huesca,22187,42.14369,0.2865497,430,306,40.5,13.5,,,,,
Navas de Riofrío,Segovia,40904,40.8685395,-4.1363349,430,262,64.1,1.7,,,,,
Montán,Castellón,12078,40.0356894,-0.5542466,429,346,24.0,12.0,,,,,
Santa María de la Isla,León,24155,42.357705,-5.9286139,429,746,-42.5,-16.2,,,,,
Olmeda de las Fuentes,Madrid,28101,40.3695225,-3.2213199,429,146,193.8,31.6,,,,,
San Pedro de Latarce,Valladolid,47148,41.736029,-5.326388,429,679,-36.8,-17.8,,,,,
Villafáfila,Zamora,49242,41.8462843,-5.6146804,429,688,-37.6,-10.3,,,,,
Retamal de Llerena,Badajoz,06112,38.5774119,-5.8389958,428,604,-29.1,-5.7,,,,,
Valverde de la Vera,Cáceres,10204,40.1224856,-5.4943029,428,594,-27.9,-14.9,,,,,
Iturmendi,Navarra,31130,42.8897003,-2.1180792,428,360,18.9,7.5,,,,,
Fuentes Claras,Teruel,44112,40.8640489,-1.3241011,428,689,-37.9,-13.4,,,,,
Vinebre,Tarragona,43177,41.1835005,0.5894559,427,444,-3.8,-0.7,,,,,
Sot de Chera,Valencia,46234,39.6212861,-0.9102321,427,283,50.9,7.8,,,,,
Mendexa,Bizkaia,48063,43.3482532,-2.4849883,426,338,26.0,-7.4,,,,,
Cisneros,Palencia,34059,42.2210096,-4.8578445,426,666,-36.0,-7.2,,,,,
Horcajo de las Torres,Ávila,05099,41.0648585,-5.0904405,425,867,-51.0,-21.4,,,,,
Arlanzón,Burgos,09026,42.322506,-3.459265,425,439,-3.2,0.5,,,,,
Arroyomolinos de la Vera,Cáceres,10022,40.0530939,-5.8549889,424,616,-31.2,-8.6,,,,,
Cáñar,Granada,18040,36.9264996,-3.4276847,424,314,35.0,11.9,,,,,
Valderrey,León,24182,42.3943465,-6.0200038,424,692,-38.7,-6.6,,,,,
Algerri,Lleida,25015,41.81505,0.6384169,424,522,-18.8,0.2,,,,,
Benatae,Jaén,23016,38.3528099,-2.6517296,423,585,-27.7,-8.6,,,,,
Vezdemarbán,Zamora,49235,41.6542789,-5.3660148,423,742,-43.0,1.4,,,,,
Mingorría,Ávila,05128,40.7515298,-4.665265,422,556,-24.1,5.5,,,,,
San Juan de la Nava,Ávila,05211,40.4787503,-4.680562,422,704,-40.1,-17.6,,,,,
Buendía,Cuenca,16041,40.3672311,-2.7573332,422,568,-25.7,0.7,,,,,
Albuñán,Granada,18005,37.2270817,-3.1331968,422,509,-17.1,0.2,,,,,
Destriana,León,24066,42.3269886,-6.093986,422,935,-54.9,-19.3,,,,,
Aguilar del Río Alhama,La Rioja,26003,41.9624974,-1.993993,421,728,-42.2,-15.5,,,,,
Santa Eulalia de Oscos,Asturias,33062,43.2587428,-7.020435,420,607,-30.8,-10.4,,,,,
Espinoso del Rey,Toledo,45063,39.6525317,-4.7842048,420,655,-35.9,-15.5,,,,,
Alfafara,Alicante,03010,38.7732651,-0.5545591,419,391,7.2,5.0,,,,,
Rubite,Granada,18170,36.8094778,-3.3483956,419,421,-0.5,11.1,,,,,
Galilea,La Rioja,26066,42.3475858,-2.2370324,419,286,46.5,23.2,,,,,
Megeces,Valladolid,47087,41.40716,-4.5666702,419,472,-11.2,-5.6,,,,,
San Vitero,Zamora,49209,41.7784341,-6.347301,419,798,-47.5,-22.8,,,,,
Jaraicejo,Cáceres,10103,39.6670711,-5.8135681,418,692,-39.6,-16.7,,,,,
Sanlúcar de Guadiana,Huelva,21065,37.4726294,-7.4664775,418,392,6.6,-3.0,,,,,
Vegaquemada,León,24199,42.8187806,-5.3322752,418,586,-28.7,-8.5,,,,,
Domingo Pérez,Toledo,45058,39.9762628,-4.5053711,418,503,-16.9,-4.1,,,,,
Arratzu,Bizkaia,48914,43.3058068,-2.6402449,417,399,4.5,2.0,,,,,
Tírig,Castellón,12111,40.4234553,0.0779913,417,575,-27.5,-10.3,,,,,
Alcubillas,Ciudad Real,13008,38.7524763,-3.1343704,417,714,-41.6,-18.2,,,,,
Amusco,Palencia,34011,42.1728976,-4.4699037,417,618,-32.5,-5.0,,,,,
San Pedro de Ceque,Zamora,49193,42.0432719,-6.0736153,417,721,-42.2,-17.1,,,,,
Morga,Bizkaia,48066,43.2984844,-2.7535485,416,386,7.8,-0.2,,,,,
Lagunilla,Salamanca,37168,40.3247404,-5.9717522,414,684,-39.5,-16.5,,,,,
Tardelcuende,Soria,42181,41.5938588,-2.6443721,414,708,-41.5,-5.7,,,,,
Valcabado,Zamora,49227,41.548181,-5.7507341,414,351,17.9,15.3,,,,,
Sotresgudo,Burgos,09373,42.5788583,-4.1770058,413,800,-48.4,-10.2,,,,,
Husillos,Palencia,34088,42.0904554,-4.526506,413,229,80.3,44.4,,,,,
Siete Iglesias de Trabancos,Valladolid,47160,41.3517512,-5.1846146,413,667,-38.1,-12.9,,,,,
Torres del Carrizal,Zamora,49222,41.6181877,-5.6704396,413,555,-25.6,-4.0,,,,,
Merindad de Valdeporres,Burgos,09216,43.0090211,-3.7408543,412,541,-23.8,-5.7,,,,,
"Granjuela, La",Córdoba,14032,38.3706149,-5.3516486,412,519,-20.6,-15.2,,,,,
Almonacid del Marquesado,Cuenca,16018,39.822857,-2.7681298,412,587,-29.8,-8.6,,,,,
Boca de Huérgano,León,24020,42.9730324,-4.9253901,412,663,-37.9,-15.1,,,,,
"Ercina, La",León,24068,42.8126528,-5.2180226,412,759,-45.7,-13.8,,,,,
Garcihernández,Salamanca,37148,40.8600646,-5.4357531,412,615,-33.0,-14.2,,,,,
Castronuevo de Esgueva,Valladolid,47044,41.6818861,-4.5877858,412,305,35.1,5.4,,,,,
"Ballestero, El",Albacete,02014,38.8416615,-2.4547373,411,595,-30.9,-3.7,,,,,
Arantzazu,Bizkaia,48006,43.1568239,-2.7907468,411,285,44.2,9.0,,,,,
Aranzueque,Guadalajara,19036,40.4932446,-3.0775295,411,369,11.4,-1.0,,,,,
Gomecello,Salamanca,37152,41.0430324,-5.535045,411,583,-29.5,-10.3,,,,,
Almeida de Sayago,Zamora,49008,41.2663937,-6.073378,411,696,-40.9,-16.5,,,,,
Canicosa de la Sierra,Burgos,09067,41.9370583,-3.0413238,410,669,-38.7,-16.2,,,,,
Serrejón,Cáceres,10176,39.8170019,-5.8023343,410,523,-21.6,-4.7,,,,,
Aberin,Navarra,31005,42.6203624,-2.0125485,410,365,12.3,9.0,,,,,
Cañizal,Zamora,49034,41.1665698,-5.3679381,410,656,-37.5,-12.0,,,,,
Milagros,Burgos,09218,41.5752405,-3.6980329,409,457,-10.5,-12.2,,,,,
Villalmanzo,Burgos,09442,42.0481459,-3.7420888,409,490,-16.5,-7.5,,,,,
Ordis,Girona,17115,42.2185591,2.9072143,409,283,44.5,8.5,,,,,
Ansó,Huesca,22028,42.7554883,-0.8289324,409,509,-19.6,-0.7,,,,,
Rioseco de Tapia,León,24133,42.7294093,-5.7913406,409,615,-33.5,8.2,,,,,
Barruecopardo,Salamanca,37044,41.0725456,-6.6662383,409,606,-32.5,-15.3,,,,,
Ferreruela,Zamora,49068,41.7664064,-6.0720809,409,703,-41.8,-18.8,,,,,
Zarzuela del Pinar,Segovia,40234,41.2612432,-4.1835312,408,622,-34.4,-11.9,,,,,
Miedes de Aragón,Zaragoza,50169,41.2574212,-1.4915584,408,532,-23.3,-12.6,,,,,
Chimillas,Huesca,22096,42.1714448,-0.4530161,407,162,151.2,9.7,,,,,
Manzaneque,Toledo,45090,39.635631,-3.7930731,407,487,-16.4,0.2,,,,,
Salem,Valencia,46221,38.8543784,-0.3814159,407,471,-13.6,-6.9,,,,,
Cabañas del Castillo,Cáceres,10033,39.5474363,-5.5116665,406,612,-33.7,-10.6,,,,,
Vilamacolum,Girona,17225,42.1965528,3.0571146,406,252,61.1,26.9,,,,,
Vilanant,Girona,17228,42.2544997,2.8897248,406,271,49.8,0.2,,,,,
Atienza,Guadalajara,19044,41.1991811,-2.8702238,406,494,-17.8,-8.6,,,,,
Cabreros del Río,León,24028,42.4020776,-5.5420111,406,647,-37.2,-5.4,,,,,
Cardiel de los Montes,Toledo,45035,40.0644722,-4.6554196,406,127,219.7,15.0,,,,,
Torre-serona,Lleida,25233,41.672172,0.6303608,405,310,30.6,6.9,,,,,
Porrera,Tarragona,43114,41.1889652,0.8560917,405,444,-8.8,-9.0,,,,,
Montejo de la Sierra,Madrid,28088,41.0593529,-3.530299,404,279,44.8,12.5,,,,,
Aldeanueva de San Bartolomé,Toledo,45010,39.6368863,-5.1127897,404,650,-37.8,-10.0,,,,,
Andavías,Zamora,49009,41.5957846,-5.8568492,404,524,-22.9,-9.0,,,,,
Micereces de Tera,Zamora,49117,41.9886738,-5.8712632,404,680,-40.6,-17.2,,,,,
Urroz-Villa,Navarra,31243,42.7783083,-1.4594263,403,363,11.0,3.6,,,,,
Pesquera de Duero,Valladolid,47116,41.6416062,-4.1558587,403,534,-24.5,-15.0,,,,,
Kuartango,Álava,01020,42.869808,-2.8907557,402,343,17.2,9.2,,,,,
Valle de Sedano,Burgos,09905,42.7165302,-3.7496055,402,530,-24.2,-11.3,,,,,
Vencillón,Huesca,22909,41.7050744,0.3240515,402,481,-16.4,-2.9,,,,,
Quintana y Congosto,León,24125,42.2554282,-6.0362252,402,900,-55.3,12.3,,,,,
Ziortza-Bolibar,Bizkaia,48915,43.2506116,-2.5478839,401,,,-7.2,,,,,
Hernán-Pérez,Cáceres,10093,40.2122236,-6.4639674,401,514,-22.0,-14.5,,,,,
Almodóvar del Pinar,Cuenca,16017,39.72563,-1.9017443,401,532,-24.6,-6.7,,,,,
Brunyola i Sant Martí Sapresa,Girona,17028,41.9049114,2.6839536,401,376,6.6,6.9,,,,,
Alcubierre,Huesca,22018,41.8074299,-0.4533294,401,483,-17.0,4.2,,,,,
Preixana,Lleida,25176,41.6069897,1.0386967,401,437,-8.2,5.0,,,,,
Galinduste,Salamanca,37143,40.6640934,-5.5398866,401,588,-31.8,-9.5,,,,,
Aras de los Olmos,Valencia,46041,39.9242294,-1.1332322,401,420,-4.5,5.2,,,,,
Bejís,Castellón,12022,39.9097775,-0.7078361,400,368,8.7,-1.0,,,,,
San Cebrián de Campos,Palencia,34159,42.2010196,-4.5304159,400,567,-29.5,-10.9,,,,,
Paterna del Río,Almería,04073,37.0216846,-2.9526235,399,335,19.1,7.3,,,,,
Merindad de Sotoscueva,Burgos,09215,43.0276627,-3.6270068,399,652,-38.8,-4.8,,,,,
Preixens,Lleida,25177,41.7948485,1.0509201,399,521,-23.4,-10.9,,,,,
Jimera de Líbar,Málaga,29063,36.6511847,-5.2742346,399,428,-6.8,-2.4,,,,,
Olaibar,Navarra,31188,42.8846105,-1.6036681,399,169,136.1,19.5,,,,,
Pozo-Lorente,Albacete,02064,39.076784,-1.5064382,398,540,-26.3,-2.7,,,,,
Espolla,Girona,17064,42.3893146,2.9994355,398,396,0.5,-5.5,,,,,
Torrebaja,Valencia,46242,40.0960725,-1.2567771,398,457,-12.9,-3.4,,,,,
Villanueva de Azoague,Zamora,49257,41.9757361,-5.6645849,398,405,-1.7,20.2,,,,,
Miera,Cantabria,39045,43.2749609,-3.7149285,397,580,-31.6,0.5,,,,,
Villarroya de la Sierra,Zaragoza,50293,41.4636101,-1.7836729,397,725,-45.2,-16.9,,,,,
San Tirso de Abres,Asturias,33063,43.4091611,-7.1426357,396,675,-41.3,-16.3,,,,,
Palacios de Goda,Ávila,05178,41.1174317,-4.7847664,396,536,-26.1,-6.4,,,,,
Santa Llogaia d'Àlguema,Girona,17182,42.2333519,2.9523456,396,301,31.6,15.5,,,,,
Gargantilla del Lozoya y Pinilla de Buitrago,Madrid,28063,40.9645829,-3.7178222,396,212,86.8,21.8,,,,,
Fuente el Olmo de Fuentidueña,Segovia,40083,41.3799737,-4.0015765,396,163,142.9,122.5,,,,,
Burbáguena,Teruel,44047,41.0175998,-1.3386315,396,356,11.2,55.9,,,,,
Vilallonga de Ter,Girona,17224,42.331497,2.3125292,395,416,-5.0,-1.2,,,,,
Mombuey,Zamora,49121,42.0226242,-6.3311768,395,499,-20.8,-7.1,,,,,
Cadalso,Cáceres,10039,40.2375069,-6.5397962,394,621,-36.6,-14.0,,,,,
Robledillo de Trujillo,Cáceres,10158,39.2689957,-5.9806012,394,513,-23.2,6.5,,,,,
Alcalá del Obispo,Huesca,22015,42.0770501,-0.2913994,394,353,11.6,15.9,,,,,
Cubillas de Santa Marta,Valladolid,47057,41.8341232,-4.6134628,394,265,48.7,28.3,,,,,
Terque,Almería,04091,36.9834887,-2.5970792,393,444,-11.5,-0.5,,,,,
Posada de Valdeón,León,24116,43.1514682,-4.9189559,392,511,-23.3,-14.2,,,,,
Ergoiena,Navarra,31091,42.8742628,-2.0350746,392,491,-20.2,-1.8,,,,,
Santervás de la Vega,Palencia,34169,42.5068203,-4.7985326,392,584,-32.9,-18.3,,,,,
Blancafort,Tarragona,43029,41.4388964,1.1593801,392,395,-0.8,-0.3,,,,,
Collsuspina,Barcelona,08070,41.8260718,2.174353,391,246,58.9,12.0,,,,,
Hinojal,Cáceres,10098,39.7086943,-6.3559447,391,460,-15.0,-4.2,,,,,
Quicena,Huesca,22195,42.1471578,-0.3588216,391,146,167.8,36.7,,,,,
Barbadillo,Salamanca,37040,40.932821,-5.881979,391,591,-33.8,-3.9,,,,,
"Estany, L'",Barcelona,08079,41.8701712,2.1133532,390,382,2.1,-3.5,,,,,
Amoroto,Bizkaia,48004,43.3261599,-2.5127242,390,374,4.3,-8.2,,,,,
Leaburu,Gipuzkoa,20050,43.1246812,-2.052317,390,377,3.4,7.1,,,,,
Villar de Cañas,Cuenca,16253,39.7770883,-2.5629736,389,458,-15.1,-8.7,,,,,
Cañaveral de León,Huelva,21020,38.0148419,-6.5285331,389,539,-27.8,-5.1,,,,,
Ulldemolins,Tarragona,43157,41.3222886,0.8761351,389,494,-21.3,-3.0,,,,,
Montseny,Barcelona,08137,41.7593697,2.3952061,388,286,35.7,21.2,,,,,
Arroba de los Montes,Ciudad Real,13021,39.1549315,-4.5428754,388,694,-44.1,-16.9,,,,,
Vall de Cardós,Lleida,25901,42.5632513,1.2261938,388,326,19.0,9.0,,,,,
Villarejo de Fuentes,Cuenca,16264,39.7886288,-2.695127,387,838,-53.8,-20.2,,,,,
Torrelobatón,Valladolid,47171,41.6490374,-5.0250798,387,588,-34.2,-11.2,,,,,
Villarrín de Campos,Zamora,49268,41.7969449,-5.6382332,387,669,-42.2,-8.9,,,,,
"Quintanillas, Las",Burgos,09297,42.3723251,-3.8437002,386,356,8.4,-1.3,,,,,
Guijo de Santa Bárbara,Cáceres,10091,40.1537919,-5.6553025,386,517,-25.3,-7.2,,,,,
Santibáñez el Alto,Cáceres,10171,40.1856809,-6.5474492,386,535,-27.9,13.2,,,,,
Jafre,Girona,17085,42.0726347,3.0107448,386,340,13.5,0.0,,,,,
Valdelosa,Salamanca,37335,41.1713985,-5.7839875,386,511,-24.5,-12.9,,,,,
Buenaventura,Toledo,45022,40.1766024,-4.8498756,386,553,-30.2,-10.2,,,,,
Almaraz de Duero,Zamora,49007,41.4741028,-5.9159805,386,488,-20.9,-4.7,,,,,
Peñausende,Zamora,49149,41.2873276,-5.8667465,386,625,-38.2,-7.0,,,,,
Caleruega,Burgos,09064,41.8252955,-3.4870326,385,443,-13.1,-18.9,,,,,
Sanaüja,Lleida,25191,41.876169,1.3106363,385,462,-16.7,-9.4,,,,,
Lagunilla del Jubera,La Rioja,26083,42.333727,-2.3223243,385,386,-0.3,24.6,,,,,
"Rourell, El",Tarragona,43134,41.223574,1.2183923,385,255,51.0,-3.3,,,,,
Valbuena de Duero,Valladolid,47179,41.6422564,-4.2928336,385,518,-25.7,-19.5,,,,,
Merindad de Valdivielso,Burgos,09217,42.8318456,-3.5416491,384,581,-33.9,-2.3,,,,,
Almadenejos,Ciudad Real,13012,38.7378377,-4.7102688,384,601,-36.1,-16.5,,,,,
Zotes del Páramo,León,24230,42.2719681,-5.7364405,384,734,-47.7,-15.8,,,,,
Isaba/Izaba,Navarra,31128,42.8612067,-0.9232001,384,562,-31.7,-12.5,,,,,
Pueyo/Puiu,Navarra,31207,42.565559,-1.6483398,384,333,15.3,13.3,,,,,
Mohedas de la Jara,Toledo,45103,39.6042018,-5.1440056,384,651,-41.0,-11.9,,,,,
Barrado,Cáceres,10025,40.0841242,-5.8814882,383,578,-33.7,-10.5,,,,,
"Vecilla, La",León,24193,42.8486707,-5.4059249,383,484,-20.9,-6.4,,,,,
Sarroca de Lleida,Lleida,25200,41.4594249,0.5610144,383,486,-21.2,2.4,,,,,
Martín de Yeltes,Salamanca,37183,40.775789,-6.2912793,383,583,-34.3,-12.2,,,,,
Sellent,Valencia,46225,39.0317983,-0.5874749,383,496,-22.8,0.3,,,,,
Villalba de los Alcores,Valladolid,47212,41.8636295,-4.859104,383,589,-35.0,-9.2,,,,,
Villardeciervos,Zamora,49262,41.9419691,-6.2862828,383,585,-34.5,-14.9,,,,,
Robledo,Albacete,02068,38.7582919,-2.4492291,382,459,-16.8,-2.1,,,,,
Mendata,Bizkaia,48062,43.2811957,-2.6437276,382,332,15.1,-2.1,,,,,
Sant Aniol de Finestres,Girona,17183,42.0626092,2.61503,382,251,52.2,3.0,,,,,
Dehesas de Guadix,Granada,18064,37.5898117,-3.1029758,382,713,-46.4,-10.3,,,,,
Dúdar,Granada,18070,37.186106,-3.4836393,382,289,32.2,10.1,,,,,
Alcalá de la Selva,Teruel,44012,40.3718835,-0.7198401,382,442,-13.6,-4.0,,,,,
Paradinas de San Juan,Salamanca,37232,40.9839936,-5.1534922,380,663,-42.7,-7.3,,,,,
Villalcampo,Zamora,49247,41.5232468,-6.0460899,380,755,-49.7,-19.3,,,,,
Portaje,Cáceres,10150,39.918052,-6.5623034,379,425,-10.8,-1.8,,,,,
Villamiel,Cáceres,10210,40.1870837,-6.7837201,379,826,-54.1,-25.0,,,,,
Villanueva de las Cruces,Huelva,21075,37.6278217,-7.0240704,379,460,-17.6,-1.6,,,,,
Líjar,Almería,04058,37.2949008,-2.2185033,378,516,-26.7,-8.0,,,,,
Morcillo,Cáceres,10129,40.0190853,-6.3971022,378,528,-28.4,-7.1,,,,,
Monegrillo,Zaragoza,50170,41.6405047,-0.4152644,378,553,-31.6,-9.6,,,,,
Plasencia de Jalón,Zaragoza,50211,41.6811352,-1.2297309,378,361,4.7,18.1,,,,,
Valdorros,Burgos,09406,42.1716923,-3.7089469,377,124,204.0,15.3,,,,,
Espot,Lleida,25082,42.5762878,1.0884847,377,272,38.6,4.4,,,,,
Juncosa,Lleida,25118,41.3715158,0.7753498,377,582,-35.2,-9.8,,,,,
Viguera,La Rioja,26165,42.3082258,-2.5337834,377,376,0.3,-12.3,,,,,
Montesclaros,Toledo,45105,40.106226,-4.9389917,377,483,-21.9,-11.5,,,,,
Gumiel de Mercado,Burgos,09152,41.7569677,-3.8023633,376,406,-7.4,5.0,,,,,
Cubillas de Rueda,León,24063,42.6558903,-5.1756683,376,653,-42.4,-13.6,,,,,
Tricio,La Rioja,26157,42.4019281,-2.7183425,376,389,-3.3,0.5,,,,,
"Colilla, La",Ávila,05061,40.6467972,-4.765996,375,196,91.3,16.8,,,,,
Villarta de los Montes,Badajoz,06157,39.2137025,-4.7924084,375,740,-49.3,-25.4,,,,,
Berzocana,Cáceres,10029,39.4371361,-5.4604471,375,689,-45.6,-17.0,,,,,
Villarejo-Periesteban,Cuenca,16266,39.8712018,-2.4409916,375,553,-32.2,1.4,,,,,
Betelu,Navarra,31055,43.0255213,-1.9799154,375,334,12.3,8.7,,,,,
Robleda-Cervantes,Zamora,49179,42.0828807,-6.5932071,375,473,-20.7,-16.3,,,,,
Povedilla,Albacete,02062,38.7003661,-2.6032915,374,745,-49.8,-19.2,,,,,
Navalvillar de Ibor,Cáceres,10132,39.5849648,-5.4130536,374,573,-34.7,-15.6,,,,,
Casas de los Pinos,Cuenca,16065,39.3335028,-2.3703374,374,532,-29.7,-15.2,,,,,
Pozuelo del Páramo,León,24117,42.1711922,-5.7691015,374,707,-47.1,-19.6,,,,,
Vilvestre,Salamanca,37350,41.1036585,-6.7235558,374,647,-42.2,-15.8,,,,,
Zarra,Valencia,46263,39.091467,-1.0751647,374,438,-14.6,-15.0,,,,,
Erla,Zaragoza,50100,42.1150034,-0.9476339,374,484,-22.7,2.7,,,,,
Cea,León,24051,42.4619773,-5.0127682,373,787,-52.6,-16.9,,,,,
Sena de Luna,León,24164,42.9290995,-5.9524814,373,547,-31.8,-5.6,,,,,
"Cubo de Don Sancho, El",Salamanca,37113,40.8910157,-6.3057661,373,620,-39.8,-19.4,,,,,
Casaseca de las Chanas,Zamora,49039,41.4379642,-5.6751223,373,384,-2.9,-5.3,,,,,
Jarque de Moncayo,Zaragoza,50130,41.5550309,-1.6750875,373,591,-36.9,-18.4,,,,,
Martiherrero,Ávila,05121,40.6752873,-4.779996,372,208,78.8,21.6,,,,,
Santa María del Berrocal,Ávila,05225,40.5081245,-5.4053099,372,581,-36.0,-2.6,,,,,
Pórtugos,Granada,18163,36.9423001,-3.3103162,372,440,-15.5,-7.2,,,,,
Farlete,Zaragoza,50104,41.6822952,-0.5055995,372,468,-20.5,-7.9,,,,,
Salillas de Jalón,Zaragoza,50231,41.5669874,-1.3242889,372,372,0.0,22.4,,,,,
Armuña de Almanzora,Almería,04018,37.3497271,-2.4116065,371,339,9.4,13.8,,,,,
Villarrodrigo,Jaén,23101,38.4872582,-2.6363672,371,617,-39.9,-15.9,,,,,
Truchas,León,24172,42.2607687,-6.434993,371,863,-57.0,-16.4,,,,,
Vegas de Matute,Segovia,40223,40.794965,-4.2779726,370,249,48.6,36.0,,,,,
Cerdà,Valencia,46096,38.9858731,-0.5739568,370,282,31.2,1.9,,,,,
"Frasno, El",Zaragoza,50110,41.4137796,-1.4950893,370,573,-35.4,-7.3,,,,,
Estellencs,Baleares,07021,39.6535102,2.4810336,369,354,4.2,14.2,,,,,
"Tojos, Los",Cantabria,39086,43.1686329,-4.2756841,369,400,-7.8,-7.5,,,,,
Mieres,Girona,17105,42.1244124,2.6401122,369,300,23.0,16.4,,,,,
Fuentes de Ropel,Zamora,49082,42.00262,-5.5458473,369,643,-42.6,-9.8,,,,,
Vadocondes,Burgos,09400,41.639997,-3.5719867,368,484,-24.0,-0.8,,,,,
Gorafe,Granada,18086,37.4795473,-3.0432238,368,583,-36.9,-9.1,,,,,
Lentegí,Granada,18120,36.8342309,-3.6745581,368,356,3.4,8.9,,,,,
Buenavista,Salamanca,37060,40.7672996,-5.6112011,368,80,360.0,36.3,,,,,
Navas de San Antonio,Segovia,40146,40.7601679,-4.3293885,368,297,23.9,2.8,,,,,
Conquista,Córdoba,14020,38.4080934,-4.5006552,367,530,-30.8,-14.7,,,,,
Odieta,Navarra,31186,42.9401867,-1.638516,367,329,11.6,-0.3,,,,,
Martín del Río,Teruel,44144,40.8444902,-0.8955596,367,518,-29.2,-14.5,,,,,
Cantallops,Girona,17041,42.4235685,2.9248575,366,265,38.1,15.5,,,,,
Santa Fe del Penedès,Barcelona,08249,41.3844582,1.7209214,365,233,56.7,-2.4,,,,,
Salàs de Pallars,Lleida,25190,42.2120193,0.932087,365,358,2.0,7.4,,,,,
Navasfrías,Salamanca,37221,40.2959784,-6.8192419,365,752,-51.5,-22.3,,,,,
San Miguel del Pino,Valladolid,47146,41.5091453,-4.9112037,365,247,47.8,13.0,,,,,
Sierro,Almería,04084,37.3214457,-2.3986429,364,510,-28.6,-9.2,,,,,
Pobladura de Pelayo García,León,24113,42.306,-5.6851992,364,609,-40.2,-5.5,,,,,
"Gordo, El",Cáceres,10085,39.8649863,-5.3431839,363,309,17.5,-6.4,,,,,
Ballesteros de Calatrava,Ciudad Real,13022,38.8354727,-3.944602,363,584,-37.8,-6.2,,,,,
Ancín/Antzin,Navarra,31014,42.6591907,-2.1898688,363,276,31.5,0.3,,,,,
Beade,Ourense,32010,42.3292437,-8.1276551,363,608,-40.3,-15.0,,,,,
"Cerro, El",Salamanca,37102,40.3270387,-5.9159836,363,594,-38.9,-17.9,,,,,
Hinojosa de San Vicente,Toledo,45074,40.1046807,-4.7225424,363,490,-25.9,-12.1,,,,,
Sukarrieta,Bizkaia,48076,43.394207,-2.6970992,362,314,15.3,-1.6,,,,,
Tórtoles de Esgueva,Burgos,09391,41.8164583,-4.0212511,362,580,-37.6,-23.3,,,,,
Abertura,Cáceres,10002,39.2439535,-5.8141881,362,519,-30.3,-14.4,,,,,
Casares de las Hurdes,Cáceres,10051,40.4401453,-6.2883001,362,904,-60.0,-12.3,,,,,
Tordehumos,Valladolid,47164,41.814441,-5.1576521,362,576,-37.2,-17.5,,,,,
Villamor de los Escuderos,Zamora,49255,41.2538454,-5.5736721,362,623,-41.9,-13.4,,,,,
Capella,Huesca,22080,42.1965558,0.3962803,361,406,-11.1,-0.8,,,,,
Miranda del Castañar,Salamanca,37193,40.4843849,-5.9988087,361,653,-44.7,-15.3,,,,,
Totanés,Toledo,45174,39.7102971,-4.2245753,361,349,3.4,-0.3,,,,,
Ciguñuela,Valladolid,47051,41.6403944,-4.8564949,361,368,-1.9,-6.0,,,,,
Lucillo,León,24090,42.4094446,-6.3027415,360,560,-35.7,-9.8,,,,,
Villazanzo de Valderaduey,León,24229,42.5356705,-4.9644971,360,744,-51.6,-21.9,,,,,
Tudelilla,La Rioja,26158,42.2995149,-2.1164086,360,464,-22.4,7.1,,,,,
Villanueva de Huerva,Zaragoza,50290,41.354376,-1.0358405,360,617,-41.7,-23.9,,,,,
Navahondilla,Ávila,05156,40.3255013,-4.4933129,359,136,164.0,10.8,,,,,
Azuébar,Castellón,12018,39.8344623,-0.3692385,359,375,-4.3,11.5,,,,,
Valdenuño Fernández,Guadalajara,19304,40.7615436,-3.3799778,359,135,165.9,32.0,,,,,
Castejón del Puente,Huesca,22082,41.9624376,0.1575502,359,407,-11.8,10.5,,,,,
Lupiñén-Ortilla,Huesca,22905,42.1747809,-0.582497,359,366,-1.9,5.6,,,,,
Ziordia,Navarra,31073,42.870558,-2.2270211,359,372,-3.5,1.4,,,,,
Fiscal,Huesca,22109,42.4954746,-0.1197784,358,244,46.7,5.9,,,,,
Loarre,Huesca,22149,42.3140366,-0.625272,358,412,-13.1,6.2,,,,,
Alfarnatejo,Málaga,29004,36.9790622,-4.2724898,358,422,-15.2,-11.6,,,,,
Encinillas,Segovia,40072,41.0179102,-4.1574305,358,82,336.6,39.3,,,,,
Alcolea del Pinar,Guadalajara,19011,41.0359238,-2.4673489,357,409,-12.7,6.2,,,,,
"Iglesuela del Cid, La",Teruel,44126,40.481785,-0.3192196,357,502,-28.9,-15.8,,,,,
Jorquera,Albacete,02041,39.1749446,-1.5203717,356,594,-40.1,-5.6,,,,,
Cármenes,León,24037,42.9590814,-5.5717451,356,458,-22.3,-5.8,,,,,
Villaviudas,Palencia,34238,41.9616715,-4.3415693,356,510,-30.2,-8.0,,,,,
Tahal,Almería,04090,37.2279746,-2.2854744,355,415,-14.5,-1.9,,,,,
Orís,Barcelona,08150,42.0577157,2.2382497,355,230,54.3,14.5,,,,,
San Felices de los Gallegos,Salamanca,37285,40.850122,-6.7088436,355,683,-48.0,-19.7,,,,,
Alfara de Carles,Tarragona,43008,40.8738809,0.400045,355,383,-7.3,-4.3,,,,,
Tavèrnoles,Barcelona,08275,41.9520757,2.3263016,354,241,46.9,11.3,,,,,
Casillas de Coria,Cáceres,10059,39.965227,-6.6356409,354,564,-37.2,-11.5,,,,,
Vistabella del Maestrat,Castellón,12139,40.2937407,-0.2920742,354,475,-25.5,-2.7,,,,,
Cumbres de San Bartolomé,Huelva,21028,38.0771839,-6.7432319,354,597,-40.7,-12.4,,,,,
Cubells,Lleida,25079,41.8526897,0.9587685,354,360,-1.7,-5.1,,,,,
Liédena,Navarra,31155,42.6191551,-1.2748872,354,322,9.9,16.8,,,,,
Urdazubi/Urdax,Navarra,31239,43.2674482,-1.5041017,354,420,-15.7,-11.3,,,,,
Sant Martí Sesgueioles,Barcelona,08228,41.7021286,1.4882003,353,371,-4.9,-4.9,,,,,
Cabrero,Cáceres,10036,40.1132376,-5.8931133,353,463,-23.8,-1.7,,,,,
"Garganta, La",Cáceres,10078,40.3284225,-5.8229086,353,641,-44.9,-17.5,,,,,
Tendilla,Guadalajara,19266,40.5437447,-2.9588771,353,370,-4.6,6.6,,,,,
Copons,Barcelona,08071,41.6363657,1.5179333,352,265,32.8,17.3,,,,,
Alkiza,Gipuzkoa,20006,43.1725845,-2.1089901,352,260,35.4,-1.7,,,,,
Genalguacil,Málaga,29057,36.5456361,-5.2359435,352,624,-43.6,-17.0,,,,,
San Martín de Unx,Navarra,31217,42.5237233,-1.5616093,352,494,-28.7,-4.9,,,,,
Valsequillo,Córdoba,14064,38.4049294,-5.3517078,351,488,-28.1,-5.9,,,,,
Molló,Girona,17107,42.3485369,2.4043962,351,333,5.4,4.8,,,,,
Villoslada de Cameros,La Rioja,26177,42.1138174,-2.6733182,351,391,-10.2,5.4,,,,,
Oliete,Teruel,44172,40.9976521,-0.6732831,351,499,-29.7,-3.8,,,,,
Santibáñez de Tera,Zamora,49205,41.9852088,-5.9232933,351,627,-44.0,-12.2,,,,,
Ibdes,Zaragoza,50125,41.2175714,-1.8335517,351,620,-43.4,-18.2,,,,,
Munébrega,Zaragoza,50183,41.2515172,-1.7052452,351,485,-27.6,-14.4,,,,,
Hoyos del Espino,Ávila,05105,40.3566677,-5.1752836,350,400,-12.5,-10.5,,,,,
Luciana,Ciudad Real,13051,38.9844387,-4.2925731,350,469,-25.4,-11.2,,,,,
Angüés,Huesca,22027,42.1096849,-0.1530447,350,461,-24.1,-10.3,,,,,
Santiago Millas,León,24161,42.3834972,-6.1053483,350,359,-2.5,7.0,,,,,
Medrano,La Rioja,26096,42.3827151,-2.5539835,350,218,60.6,13.3,,,,,
Peñaflor de Hornija,Valladolid,47115,41.7115693,-4.9810606,350,506,-30.8,12.9,,,,,
Ferreras de Arriba,Zamora,49067,41.8986094,-6.1944138,350,563,-37.8,-13.6,,,,,
Letux,Zaragoza,50139,41.2550768,-0.8026048,349,506,-31.0,-0.3,,,,,
Villaornate y Castro,León,24902,42.1847273,-5.5495646,348,584,-40.4,-5.7,,,,,
Salinas de Pisuerga,Palencia,34158,42.8504615,-4.3769757,348,296,17.6,3.9,,,,,
Gargantilla,Cáceres,10080,40.2483033,-5.9202326,346,526,-34.2,-14.1,,,,,
San Morales,Salamanca,37288,40.9935287,-5.5022626,346,203,70.4,13.1,,,,,
Magaz de Cepeda,León,24093,42.5398947,-6.0740882,345,579,-40.4,-6.8,,,,,
Baix Pallars,Lleida,25039,42.3234206,1.0651687,345,351,-1.7,0.9,,,,,
Murieta,Navarra,31177,42.6562443,-2.1543464,345,281,22.8,3.0,,,,,
Poboleda,Tarragona,43112,41.233358,0.844888,345,336,2.7,-7.8,,,,,
Santa Ana de Pusa,Toledo,45155,39.7620169,-4.7112606,345,387,-10.9,-16.5,,,,,
Lupiana,Guadalajara,19161,40.6101864,-3.0530986,344,278,23.7,33.9,,,,,
"Pobla de Massaluca, La",Tarragona,43110,41.1821736,0.3538733,344,445,-22.7,3.3,,,,,
Aliaga,Teruel,44017,40.6735981,-0.7033638,344,440,-21.8,-1.1,,,,,
Cosuenda,Zaragoza,50088,41.3656347,-1.2988397,344,431,-20.2,-10.4,,,,,
Higuera de Llerena,Badajoz,06065,38.3759654,-5.9985986,343,495,-30.7,-4.2,,,,,
Malcocinado,Badajoz,06077,38.1226871,-5.6920758,343,570,-39.8,-9.5,,,,,
Graja de Iniesta,Cuenca,16096,39.5173927,-1.6706163,343,355,-3.4,-5.5,,,,,
Huélago,Granada,18096,37.4205176,-3.2622608,343,683,-49.8,-15.5,,,,,
San Esteban de la Sierra,Salamanca,37284,40.506534,-5.9061444,343,469,-26.9,0.9,,,,,
Cabezamesada,Toledo,45027,39.8166147,-3.1029185,343,527,-34.9,-10.9,,,,,
Valle de Valdelucio,Burgos,09415,42.7176067,-4.1205087,342,388,-11.9,11.8,,,,,
Casas de Don Gómez,Cáceres,10053,40.0081286,-6.5999931,342,392,-12.8,16.3,,,,,
"Guijo, El",Córdoba,14034,38.495977,-4.7831015,342,416,-17.8,-6.3,,,,,
Torla-Ordesa,Huesca,22230,42.6276936,-0.112138,342,344,-0.6,12.1,,,,,
Llavorsí,Lleida,25126,42.4957479,1.210519,342,273,25.3,-3.7,,,,,
Bakaiku,Navarra,31044,42.8906052,-2.1021121,342,359,-4.7,-2.0,,,,,
Puerto de Béjar,Salamanca,37263,40.350033,-5.8388761,342,516,-33.7,-10.0,,,,,
Figuerola del Camp,Tarragona,43059,41.3720741,1.265571,342,226,51.3,0.3,,,,,
Mota del Marqués,Valladolid,47097,41.6327366,-5.1772834,342,462,-26.0,-8.8,,,,,
Orbaneja Riopico,Burgos,09241,42.3600672,-3.5849447,341,137,148.9,30.7,,,,,
Torrejoncillo del Rey,Cuenca,16211,40.008647,-2.573366,341,753,-54.7,-17.2,,,,,
Palacios de la Valduerna,León,24108,42.3279483,-5.9389711,341,570,-40.2,-16.2,,,,,
Almendral de la Cañada,Toledo,45011,40.1833702,-4.7405076,341,399,-14.5,6.6,,,,,
Urrácal,Almería,04096,37.3975114,-2.3650518,340,345,-1.4,4.0,,,,,
Villanueva de Sigena,Huesca,22251,41.715614,-0.0089743,340,492,-30.9,-19.4,,,,,
Prioro,León,24120,42.8944837,-4.9624749,340,512,-33.6,-7.9,,,,,
Herce,La Rioja,26072,42.2137681,-2.1656295,340,378,-10.1,5.9,,,,,
Dos Aguas,Valencia,46115,39.2890143,-0.8004748,340,367,-7.4,-13.7,,,,,
"Albagés, L'",Lleida,25006,41.448483,0.7389506,339,507,-33.1,-15.9,,,,,
Peramola,Lleida,25165,42.0577991,1.2678488,339,375,-9.6,-1.5,,,,,
Valdelacasa de Tajo,Cáceres,10200,39.725641,-5.2817203,338,618,-45.3,-17.0,,,,,
Andilla,Valencia,46038,39.8357785,-0.814366,338,292,15.8,-3.2,,,,,
Viloria,Valladolid,47194,41.445392,-4.3827406,338,404,-16.3,-4.0,,,,,
San Martín de Oscos,Asturias,33061,43.2654419,-6.9617224,337,560,-39.8,-17.8,,,,,
Valle de Matamoros,Badajoz,06147,38.3788706,-6.8051265,337,540,-37.6,-11.1,,,,,
Abadía,Cáceres,10001,40.2594378,-5.9780763,337,283,19.1,0.9,,,,,
Terrades,Girona,17196,42.3106341,2.8381619,337,192,75.5,18.2,,,,,
Murias de Paredes,León,24101,42.8502169,-6.1912448,337,760,-55.7,-18.2,,,,,
Quintanilla del Agua y Tordueles,Burgos,09901,42.0336734,-3.6526939,336,620,-45.8,-18.2,,,,,
Hita,Guadalajara,19138,40.8248455,-3.0495843,336,290,15.9,-0.9,,,,,
Luzaide/Valcarlos,Navarra,31248,43.0926454,-1.3017388,336,467,-28.1,-13.8,,,,,
Valjunquera,Teruel,44247,40.9526069,0.0255816,336,460,-27.0,-7.4,,,,,
Villel,Teruel,44264,40.2347781,-1.1882946,336,345,-2.6,-0.6,,,,,
Banastás,Huesca,22047,42.1812713,-0.4527524,335,170,97.1,12.8,,,,,
Hinojares,Jaén,23042,37.7155422,-2.9987543,335,524,-36.1,-0.9,,,,,
Pedraza,Segovia,40156,41.1314254,-3.8111166,335,467,-28.3,-19.1,,,,,
Pelahustán,Toledo,45131,40.1766457,-4.5979053,335,378,-11.4,0.6,,,,,
Castillonroy,Huesca,22089,41.8846033,0.514416,334,444,-24.8,0.0,,,,,
San Roque de Riomiera,Cantabria,39072,43.2353525,-3.7026584,333,572,-41.8,-13.7,,,,,
Solana del Pino,Ciudad Real,13080,38.4661568,-4.0745968,333,596,-44.1,-2.6,,,,,
Villoldo,Palencia,34243,42.2450964,-4.5965081,333,521,-36.1,-8.8,,,,,
"Palma d'Ebre, La",Tarragona,43099,41.2833974,0.6656065,333,421,-20.9,-8.3,,,,,
Peñacerrada-Urizaharra,Álava,01044,42.6441334,-2.7136577,332,251,32.3,23.4,,,,,
Garai,Bizkaia,48039,43.1941174,-2.6117318,332,244,36.1,7.4,,,,,
Valdastillas,Cáceres,10196,40.1328693,-5.8791465,332,440,-24.5,2.2,,,,,
Mariana,Cuenca,16122,40.1664999,-2.1450678,332,334,-0.6,15.3,,,,,
Pueyo de Santa Cruz,Huesca,22193,41.8570676,0.1568379,332,371,-10.5,4.7,,,,,
Villavieja del Lozoya,Madrid,28182,41.0063622,-3.6716291,332,180,84.4,23.0,,,,,
Manzanal de Arriba,Zamora,49110,41.9914505,-6.4397691,332,511,-35.0,-11.0,,,,,
Luesia,Zaragoza,50148,42.3698114,-1.0231617,332,440,-24.5,3.1,,,,,
Driebes,Guadalajara,19107,40.2453796,-3.0407324,331,364,-9.1,-6.0,,,,,
Celadas,Teruel,44075,40.4739842,-1.1498081,331,433,-23.6,-17.9,,,,,
Melgar de Tera,Zamora,49116,41.965762,-6.0141347,331,617,-46.4,-19.1,,,,,
Fuente la Lancha,Córdoba,14028,38.4224339,-5.0482099,330,444,-25.7,-7.0,,,,,
Urraul Bajo,Navarra,31242,42.6863732,-1.3250785,330,284,16.2,8.9,,,,,
Villamayor de Campos,Zamora,49252,41.8988418,-5.3583682,330,574,-42.5,2.5,,,,,
Peñascosa,Albacete,02059,38.6723904,-2.4097367,329,452,-27.2,-1.2,,,,,
Antigüedad,Palencia,34012,41.9465178,-4.1183617,329,456,-27.9,-14.3,,,,,
Remondo,Segovia,40166,41.3411657,-4.4839051,329,380,-13.4,18.8,,,,,
Sestrica,Zaragoza,50243,41.4868259,-1.5948885,329,485,-32.2,-15.9,,,,,
Paterna del Madera,Albacete,02058,38.5973677,-2.3458477,328,623,-47.4,-12.5,,,,,
Tagamanent,Barcelona,08276,41.7391505,2.2666145,328,180,82.2,3.8,,,,,
Albiztur,Gipuzkoa,20004,43.1294954,-2.1374208,328,296,10.8,-0.6,,,,,
Alquézar,Huesca,22024,42.1719861,0.0244277,328,303,8.3,9.7,,,,,
Enériz/Eneritz,Navarra,31089,42.6712536,-1.7280262,328,185,77.3,3.1,,,,,
"Teixeira, A",Ourense,32080,42.3911832,-7.472801,328,627,-47.7,-10.9,,,,,
Olivares de Duero,Valladolid,47103,41.6377939,-4.365098,328,350,-6.3,7.2,,,,,
Almegíjar,Granada,18016,36.9024897,-3.2998251,327,430,-24.0,-13.3,,,,,
Santa María de Ordás,León,24158,42.7269256,-5.822626,327,483,-32.3,-3.3,,,,,
"Pozuelos de Calatrava, Los",Ciudad Real,13067,38.9005075,-4.1697149,326,597,-45.4,-18.5,,,,,
Hernialde,Gipuzkoa,20041,43.1544948,-2.085194,326,301,8.3,1.6,,,,,
Aisa,Huesca,22006,42.6787796,-0.6209437,326,354,-7.9,-5.5,,,,,
"Campillo de la Jara, El",Toledo,45033,39.58972,-5.0549243,326,572,-43.0,-16.4,,,,,
Fresno de la Ribera,Zamora,49076,41.5287524,-5.5676104,326,430,-24.2,-12.1,,,,,
Villaverde de Guadalimar,Albacete,02084,38.4558554,-2.5181364,325,570,-43.0,-9.5,,,,,
Vilanova de Sau,Barcelona,08303,41.9476741,2.383405,325,311,4.5,5.2,,,,,
Robledollano,Cáceres,10159,39.6099437,-5.5080689,325,466,-30.3,0.3,,,,,
Villaconejos de Trabaque,Cuenca,16242,40.4010532,-2.3180646,325,544,-40.3,-11.2,,,,,
Rupià,Girona,17153,42.0207872,3.0105902,325,184,76.6,28.5,,,,,
Rueda de Jalón,Zaragoza,50228,41.6331026,-1.2747344,325,358,-9.2,-0.9,,,,,
Fuentelencina,Guadalajara,19121,40.517428,-2.8818847,324,166,95.2,6.9,,,,,
"Antigua, La",León,24005,42.1785923,-5.6899586,324,668,-51.5,-19.6,,,,,
"Espluga Calba, L'",Lleida,25081,41.4958498,1.0039347,324,445,-27.2,-13.6,,,,,
Sacramenia,Segovia,40174,41.4936065,-3.9626909,324,556,-41.7,-23.2,,,,,
Monroyo,Teruel,44154,40.7876583,-0.0335234,324,393,-17.6,-4.1,,,,,
Tormos,Alicante,03131,38.8011675,-0.0721517,323,305,5.9,0.0,,,,,
"Berlanas, Las",Ávila,05027,40.8040165,-4.7611116,323,369,-12.5,-1.5,,,,,
San Mamés de Burgos,Burgos,09338,42.3364498,-3.7940524,323,168,92.3,12.5,,,,,
Herreruela de Oropesa,Toledo,45073,39.8887993,-5.2421986,323,432,-25.2,-11.5,,,,,
Parrillas,Toledo,45130,40.0630933,-5.0633547,323,474,-31.9,-11.5,,,,,
Baños de Valdearados,Burgos,09035,41.7700928,-3.5559268,322,512,-37.1,-10.8,,,,,
Herreruela,Cáceres,10095,39.462234,-6.9065144,322,491,-34.4,-12.7,,,,,
Canal de Berdún,Huesca,22076,42.6033393,-0.8586427,322,429,-24.9,-10.8,,,,,
Castrejón de la Peña,Palencia,34049,42.808111,-4.5992295,322,659,-51.1,-16.8,,,,,
Abaltzisketa,Gipuzkoa,20001,43.047842,-2.1052186,321,259,23.9,-0.9,,,,,
Berbegal,Huesca,22055,41.9615178,-0.002702,321,486,-34.0,-11.6,,,,,
Trabadelo,León,24171,42.649586,-6.8816504,321,633,-49.3,-12.3,,,,,
Ojos Negros,Teruel,44169,40.737139,-1.4987787,321,611,-47.5,-20.7,,,,,
Millares,Valencia,46167,39.2375388,-0.7736084,321,693,-53.7,-13.0,,,,,
Elantxobe,Bizkaia,48031,43.4031122,-2.6404556,320,510,-37.3,-14.2,,,,,
Zarza de Tajo,Cuenca,16279,40.0178829,-3.1304586,320,278,15.1,22.6,,,,,
Sahún,Huesca,22200,42.576471,0.4651868,320,323,-0.9,5.6,,,,,
Alàs i Cerc,Lleida,25005,42.3526953,1.5068994,320,409,-21.8,-8.6,,,,,
Galisancho,Salamanca,37144,40.7436125,-5.5552805,320,624,-48.7,-21.0,,,,,
Trigueros del Valle,Valladolid,47174,41.8300568,-4.6526122,320,282,13.5,5.6,,,,,
Juià,Girona,17087,42.0172969,2.9067184,319,259,23.2,-2.4,,,,,
Alcocer,Guadalajara,19009,40.4699847,-2.6109423,319,300,6.3,-5.3,,,,,
Ollauri,La Rioja,26111,42.5423293,-2.8327232,319,329,-3.0,14.3,,,,,
Castromonte,Valladolid,47043,41.7732772,-5.0403843,319,487,-34.5,1.6,,,,,
Villaverde y Pasaconsol,Cuenca,16273,39.7702019,-2.2643607,318,442,-28.1,-9.4,,,,,
Beas de Guadix,Granada,18025,37.2796225,-3.2058704,318,397,-19.9,-10.2,,,,,
Arabayona de Mógica,Salamanca,37031,41.0472623,-5.3861148,318,551,-42.3,-18.9,,,,,
Faramontanos de Tábara,Zamora,49063,41.8358287,-5.8877477,318,526,-39.5,-12.9,,,,,
Moreruela de los Infanzones,Zamora,49132,41.6317878,-5.7060581,318,510,-37.6,-12.2,,,,,
Nuévalos,Zaragoza,50192,41.2119305,-1.7904307,318,297,7.1,-5.1,,,,,
Vianos,Albacete,02076,38.632816,-2.5007956,317,497,-36.2,-13.9,,,,,
Cabezabellosa,Cáceres,10034,40.1381161,-6.0034428,317,530,-40.2,-12.9,,,,,
Santa Cruz de la Sierra,Cáceres,10166,39.3358459,-5.8460427,317,387,-18.1,-2.8,,,,,
Ivars de Noguera,Lleida,25112,41.8499999,0.5860625,317,340,-6.8,-9.7,,,,,
Rollán,Salamanca,37271,40.962603,-5.9177328,317,607,-47.8,-18.3,,,,,
Bellús,Valencia,46049,38.9452803,-0.48611,317,383,-17.2,-0.6,,,,,
Vera de Moncayo,Zaragoza,50280,41.8240065,-1.6880772,317,483,-34.4,-17.2,,,,,
Chóvar,Castellón,12056,39.8509369,-0.3200757,316,398,-20.6,-3.4,,,,,
Mansilla Mayor,León,24095,42.5093156,-5.4436183,316,413,-23.5,-7.3,,,,,
Cabrillas,Salamanca,37068,40.7397092,-6.1779843,316,570,-44.6,-20.6,,,,,
Cabañas de Yepes,Toledo,45026,39.8904689,-3.535343,316,264,19.7,25.9,,,,,
Elvillar/Bilar,Álava,01023,42.5704082,-2.5451889,315,348,-9.5,-11.3,,,,,
San Pedro de Gaíllos,Segovia,40184,41.2265411,-3.8094661,315,381,-17.3,2.3,,,,,
Navalosa,Ávila,05160,40.4019381,-4.9304373,314,532,-41.0,-5.4,,,,,
Isòvol,Girona,17084,42.3975832,1.8383794,314,189,66.1,13.8,,,,,
Hinojales,Huelva,21039,38.0079199,-6.5882245,314,441,-28.8,-0.9,,,,,
Cotes,Valencia,46100,39.0703715,-0.5747878,314,375,-16.3,-11.3,,,,,
"Granja, La",Cáceres,10086,40.2393205,-5.9946139,313,450,-30.4,-11.1,,,,,
Planoles,Girona,17134,42.3148273,2.1029743,313,265,18.1,4.7,,,,,
Busquístar,Granada,18033,36.9378861,-3.2941218,313,378,-17.2,13.4,,,,,
Fuenterrebollo,Segovia,40088,41.2965232,-3.9325392,313,453,-30.9,-12.6,,,,,
Cidones,Soria,42061,41.8150609,-2.6405915,313,340,-7.9,-6.3,,,,,
Piña de Esgueva,Valladolid,47117,41.7282613,-4.4285403,313,411,-23.8,-8.5,,,,,
Guarrate,Zamora,49093,41.2896468,-5.4414699,313,395,-20.8,-8.7,,,,,
Muga de Sayago,Zamora,49136,41.387433,-6.1983931,313,541,-42.1,-14.9,,,,,
Rábano de Aliste,Zamora,49173,41.7445525,-6.4331626,313,521,-39.9,-22.7,,,,,
San Pedro de la Nave-Almendra,Zamora,49194,41.5928166,-5.9201392,313,540,-42.0,-15.4,,,,,
Torrubia del Campo,Cuenca,16212,39.8962421,-2.9614603,312,373,-16.4,13.5,,,,,
Pampaneira,Granada,18151,36.9399641,-3.3615455,312,335,-6.9,-1.9,,,,,
Algadefe,León,24002,42.2196382,-5.5851273,312,388,-19.6,11.8,,,,,
Gordoncillo,León,24078,42.1344839,-5.4019571,312,688,-54.7,-30.5,,,,,
Ocón,La Rioja,26108,42.3134927,-2.2087737,312,353,-11.6,11.4,,,,,
Navales,Salamanca,37216,40.7885321,-5.4789303,312,416,-25.0,-7.1,,,,,
Pedrosillo de los Aires,Salamanca,37237,40.7149387,-5.7050775,312,471,-33.8,-18.8,,,,,
"Codoñera, La",Teruel,44080,40.9339628,-0.0851932,312,358,-12.8,-15.2,,,,,
Murueta,Bizkaia,48908,43.3525749,-2.6828411,311,202,54.0,0.6,,,,,
Palau-sator,Girona,17121,41.9897891,3.1103856,311,286,8.7,4.7,,,,,
Berlanga del Bierzo,León,24019,42.7307946,-6.6030486,311,459,-32.2,-17.7,,,,,
Sunyer,Lleida,25212,41.5230023,0.5924514,310,314,-1.3,-11.4,,,,,
Figueruela de Arriba,Zamora,49069,41.8695277,-6.4448413,310,591,-47.5,-18.0,,,,,
Marganell,Barcelona,08242,41.640666,1.7900194,309,215,43.7,11.6,,,,,
Arén,Huesca,22035,42.2581734,0.7215575,309,418,-26.1,-3.7,,,,,
Martín Muñoz de la Dehesa,Segovia,40120,41.0653483,-4.6860441,309,192,60.9,36.1,,,,,
San Vicente de la Cabeza,Zamora,49208,41.8065361,-6.2498383,309,675,-54.2,-25.9,,,,,
Gotor,Zaragoza,50121,41.5459291,-1.6499755,309,392,-21.2,-5.2,,,,,
"Herrera, La",Albacete,02038,38.9628919,-2.1267892,308,422,-27.0,-9.4,,,,,
Santa María del Cubillo,Ávila,05902,40.7426401,-4.4723999,308,403,-23.6,-1.6,,,,,
Cortes de Arenoso,Castellón,12048,40.1864989,-0.5425913,308,411,-25.1,2.7,,,,,
"Soleràs, El",Lleida,25206,41.4134942,0.6819598,308,424,-27.4,-12.0,,,,,
Lónguida/Longida,Navarra,31158,42.7567294,-1.3864265,308,288,6.9,-0.3,,,,,
San Miguel de Valero,Salamanca,37287,40.5420995,-5.9225133,308,447,-31.1,-8.9,,,,,
Igúzquiza,Navarra,31125,42.6463063,-2.0847845,307,343,-10.5,-7.8,,,,,
"Masó, La",Tarragona,43080,41.2339483,1.2222129,307,258,19.0,5.9,,,,,
Valdeprado del Río,Cantabria,39093,42.90946,-4.07657,306,319,-4.1,-7.6,,,,,
Lugros,Granada,18123,37.2296011,-3.2412578,306,426,-28.2,-6.4,,,,,
Valdepiélago,León,24179,42.8707271,-5.4002622,306,423,-27.7,-7.8,,,,,
Tordillos,Salamanca,37324,40.8522744,-5.3519824,306,608,-49.7,-18.8,,,,,
"Granja de la Costera, la",Valencia,46137,38.9962573,-0.5560668,306,363,-15.7,-8.1,,,,,
Penàguila,Alicante,03103,38.6794181,-0.3590426,305,346,-11.8,-7.0,,,,,
Bubión,Granada,18032,36.9488544,-3.3570047,305,393,-22.4,3.7,,,,,
Calzada de los Molinos,Palencia,34042,42.3265894,-4.6518131,305,396,-23.0,-10.3,,,,,
Fuentespalda,Teruel,44114,40.8070873,0.0657727,305,379,-19.5,4.8,,,,,
Jaulín,Zaragoza,50131,41.4520699,-0.9925135,305,306,-0.3,20.1,,,,,
Tabuenca,Zaragoza,50249,41.6953337,-1.5435399,305,497,-38.6,-11.1,,,,,
Villarejo del Valle,Ávila,05262,40.2867537,-4.9957469,304,510,-40.4,-22.3,,,,,
Regumiel de la Sierra,Burgos,09309,41.9601019,-2.9841395,304,513,-40.7,-15.3,,,,,
Brazuelo,León,24023,42.4972719,-6.1572036,304,370,-17.8,1.3,,,,,
Valdefuentes del Páramo,León,24176,42.3244971,-5.8289259,304,477,-36.3,-12.4,,,,,
Valdeltormo,Teruel,44245,40.9869895,0.0839377,304,396,-23.2,2.7,,,,,
Corral-Rubio,Albacete,02027,38.8349621,-1.4604332,303,481,-37.0,-13.7,,,,,
Talaveruela de la Vera,Cáceres,10179,40.1219126,-5.5191081,303,492,-38.4,-9.3,,,,,
Morés,Zaragoza,50177,41.4734914,-1.5650865,303,518,-41.5,-13.2,,,,,
Saldes,Barcelona,08190,42.2287591,1.7349486,302,348,-13.2,9.4,,,,,
Santa Ana,Cáceres,10165,39.3088648,-5.9902187,302,406,-25.6,14.0,,,,,
Cortelazor,Huelva,21026,37.93559,-6.6245719,302,338,-10.7,0.0,,,,,
Almenara de Tormes,Salamanca,37027,41.0640987,-5.822883,302,253,19.4,21.3,,,,,
"Payo, El",Salamanca,37234,40.2858625,-6.7274018,302,532,-43.2,-19.5,,,,,
Chercos,Almería,04036,37.2667517,-2.258213,301,289,4.2,12.7,,,,,
Peñarrubia,Cantabria,39049,43.2528972,-4.5844348,301,298,1.0,-13.8,,,,,
Salas Altas,Huesca,22201,42.1146574,0.0749541,301,403,-25.3,-2.9,,,,,
Sotragero,Burgos,09372,42.4099668,-3.7127498,300,157,91.1,4.9,,,,,
Mata de Alcántara,Cáceres,10118,39.7171865,-6.8181226,300,401,-25.2,-4.5,,,,,
Salvacañete,Cuenca,16189,40.0984878,-1.5020884,300,351,-14.5,-4.2,,,,,
Tébar,Cuenca,16204,39.4974411,-2.1655023,300,407,-26.3,-2.0,,,,,
"Barrios de Luna, Los",León,24012,42.8449493,-5.8617483,300,368,-18.5,-4.8,,,,,
Pereña de la Ribera,Salamanca,37250,41.2394584,-6.5233717,300,554,-45.8,-20.4,,,,,
Moraleja de Sayago,Zamora,49126,41.1709984,-6.0015141,300,308,-2.6,20.5,,,,,
Muñogalindo,Ávila,05138,40.6043441,-4.8982345,299,458,-34.7,-19.0,,,,,
Quintana del Marco,León,24124,42.2066005,-5.8528918,299,580,-48.4,-23.3,,,,,
Mahide,Zamora,49104,41.8688255,-6.3772489,299,602,-50.3,-15.3,,,,,
Casas de Lázaro,Albacete,02022,38.770658,-2.2400615,298,455,-34.5,-21.6,,,,,
"Lapa, La",Badajoz,06071,38.4530551,-6.51892,298,352,-15.3,3.5,,,,,
"Balbases, Los",Burgos,09034,42.2147696,-4.0633841,298,390,-23.6,-3.2,,,,,
Foixà,Girona,17068,42.0388268,2.9973628,298,317,-6.0,-3.6,,,,,
Ezcároz/Ezkaroze,Navarra,31093,42.887167,-1.0972635,298,364,-18.1,-6.6,,,,,
Cornago,La Rioja,26054,42.0657909,-2.093952,298,637,-53.2,-14.6,,,,,
Peñaparda,Salamanca,37245,40.3203715,-6.6704375,298,513,-41.9,-19.5,,,,,
Muñopedro,Segovia,40135,40.8880079,-4.4720127,298,422,-29.4,-8.3,,,,,
Rágol,Almería,04077,36.9949542,-2.681227,297,395,-24.8,-6.0,,,,,
Quintanaortuño,Burgos,09287,42.4501431,-3.6834145,297,109,172.5,6.5,,,,,
Ferreira,Granada,18074,37.1723754,-3.0362531,297,398,-25.4,-2.0,,,,,
Corduente,Guadalajara,19099,40.8425877,-1.9783277,297,481,-38.3,-18.4,,,,,
Borrenes,León,24022,42.4918575,-6.7266298,297,551,-46.1,-13.9,,,,,
Yesa,Navarra,31261,42.620176,-1.2021437,297,272,9.2,-0.3,,,,,
"Pernía, La",Palencia,34904,42.964771,-4.498339,297,493,-39.8,-12.6,,,,,
Villagarcía de Campos,Valladolid,47207,41.7813337,-5.1930752,297,446,-33.4,-10.0,,,,,
"Brull, El",Barcelona,08026,41.8168099,2.3052283,296,196,51.0,12.5,,,,,
Pontós,Girona,17136,42.1858949,2.9172363,296,216,37.0,26.5,,,,,
"Fregeneda, La",Salamanca,37132,40.9891609,-6.8661515,296,601,-50.7,-21.5,,,,,
Valdecarros,Salamanca,37330,40.7693875,-5.422323,296,470,-37.0,-18.5,,,,,
Villaseco de los Reyes,Salamanca,37370,41.1625959,-6.184847,296,470,-37.0,-15.4,,,,,
Cabacés,Tarragona,43035,41.2470037,0.7331063,296,340,-12.9,-9.2,,,,,
Lubián,Zamora,49100,42.0352659,-6.9051722,296,397,-25.4,-9.2,,,,,
Santa Cruz del Valle,Ávila,05221,40.2518102,-5.0018227,295,656,-55.0,-22.2,,,,,
Zarza-Capilla,Badajoz,06161,38.8072378,-5.1573199,295,545,-45.9,-15.0,,,,,
"Horra, La",Burgos,09168,41.7402299,-3.8752323,295,477,-38.2,-17.4,,,,,
Fanzara,Castellón,12059,40.0191953,-0.3160437,295,282,4.6,5.0,,,,,
Villota del Páramo,Palencia,34245,42.5522706,-4.8480686,295,495,-40.4,-11.9,,,,,
Lastras de Cuéllar,Segovia,40110,41.2975006,-4.1070349,295,582,-49.3,-26.8,,,,,
"Molar, El",Tarragona,43085,41.1629799,0.7058078,295,280,5.4,4.6,,,,,
San Román de Hornija,Valladolid,47150,41.4806517,-5.2852187,295,479,-38.4,-10.9,,,,,
Villalengua,Zaragoza,50287,41.4357394,-1.8408062,295,453,-34.9,-12.2,,,,,
Bayárcal,Almería,04020,37.030017,-2.9951703,294,357,-17.6,-9.0,,,,,
Hoyocasero,Ávila,05101,40.399228,-4.9744064,294,416,-29.3,-5.2,,,,,
Puebla de Almenara,Cuenca,16172,39.7851172,-2.8133541,294,580,-49.3,-21.2,,,,,
Clavijo,La Rioja,26051,42.3494671,-2.4262521,294,202,45.5,0.0,,,,,
Codorniz,Segovia,40058,41.0661883,-4.600697,294,507,-42.0,-15.5,,,,,
Cubillos,Zamora,49056,41.5740404,-5.7402123,294,414,-29.0,-10.4,,,,,
"Cubo de Tierra del Vino, El",Zamora,49058,41.2558502,-5.7087521,294,507,-42.0,-15.3,,,,,
Jaraba,Zaragoza,50129,41.1901172,-1.8840541,294,329,-10.6,-6.7,,,,,
Viveros,Albacete,02085,38.773242,-2.5755598,293,595,-50.8,-13.1,,,,,
Confrides,Alicante,03057,38.6833155,-0.2684296,293,300,-2.3,41.5,,,,,
Perales del Alfambra,Teruel,44182,40.6351452,-1.0014936,293,294,-0.3,29.1,,,,,
"Hiniesta, La",Zamora,49095,41.551995,-5.79892,293,406,-27.8,-11.2,,,,,
Samaniego,Álava,01052,42.5682299,-2.6790583,292,305,-4.3,-3.6,,,,,
Aguilar de Segarra,Barcelona,08002,41.7394902,1.6316676,292,206,41.7,15.4,,,,,
Almatret,Lleida,25020,41.3053912,0.423659,292,516,-43.4,-10.7,,,,,
Navès,Lleida,25146,41.9911068,1.639612,292,264,10.6,3.2,,,,,
Zubieta,Navarra,31263,43.1249707,-1.742525,292,321,-9.0,-6.1,,,,,
Rosinos de la Requejada,Zamora,49181,42.0883805,-6.5347656,292,548,-46.7,-24.5,,,,,
Santa Marta de Magasca,Cáceres,10168,39.5111257,-6.0989752,291,386,-24.6,-3.0,,,,,
Belauntza,Gipuzkoa,20021,43.1350267,-2.0503391,291,286,1.7,20.7,,,,,
Fuentelcésped,Burgos,09137,41.5910569,-3.6401714,290,205,41.5,30.6,,,,,
Tordómar,Burgos,09384,42.0460696,-3.8653108,290,425,-31.8,-16.9,,,,,
"Aldea del Obispo, La",Cáceres,10013,39.5640806,-5.9102942,290,429,-32.4,-6.1,,,,,
Oliva de Plasencia,Cáceres,10136,40.1119485,-6.0860042,290,340,-14.7,-8.2,,,,,
Olivares de Júcar,Cuenca,16139,39.7602942,-2.354393,290,600,-51.7,-16.9,,,,,
Lles de Cerdanya,Lleida,25127,42.3903804,1.6875851,290,291,-0.3,17.4,,,,,
Arce/Artzi,Navarra,31028,42.8527538,-1.3756411,290,317,-8.5,11.5,,,,,
Buenavista de Valdavia,Palencia,34037,42.6380596,-4.6145515,290,467,-37.9,-2.0,,,,,
Fresno de Cantespino,Segovia,40079,41.3685037,-3.4992497,290,235,23.4,6.6,,,,,
Bellmunt del Priorat,Tarragona,43023,41.1632384,0.7661468,290,303,-4.3,-2.0,,,,,
Albentosa,Teruel,44010,40.1032434,-0.7690264,290,268,8.2,8.6,,,,,
Villafranca del Campo,Teruel,44251,40.6946554,-1.3476755,290,404,-28.2,-3.3,,,,,
Terrateig,Valencia,46240,38.8948459,-0.3200938,290,195,48.7,-2.0,,,,,
Moreruela de Tábara,Zamora,49133,41.7990061,-5.8693434,290,572,-49.3,-12.7,,,,,
Villademor de la Vega,León,24207,42.2697632,-5.5687703,289,492,-41.3,-17.9,,,,,
Wamba,Valladolid,47230,41.6753325,-4.9170281,289,390,-25.9,-15.7,,,,,
Almedíjar,Castellón,12010,39.8723007,-0.4093054,288,300,-4.0,2.5,,,,,
Redueña,Madrid,28121,40.81615,-3.603583,288,163,76.7,10.3,,,,,
Cabrejas del Pinar,Soria,42045,41.7950523,-2.8499259,288,495,-41.8,-20.4,,,,,
Casbas de Huesca,Huesca,22081,42.1554832,-0.1402587,287,322,-10.9,-2.0,,,,,
Lizoain-Arriasgoiti/Lizoainibar-Arriasgoiti,Navarra,31156,42.7992698,-1.4677975,287,231,24.2,-5.9,,,,,
Cepeda,Salamanca,37098,40.4651479,-6.0407743,287,554,-48.2,-17.8,,,,,
Abejar,Soria,42001,41.8076969,-2.785771,287,359,-20.1,-12.2,,,,,
Gorga,Alicante,03073,38.7192734,-0.3562046,286,270,5.9,7.1,,,,,
Baños de Ebro/Mañueta,Álava,01011,42.5295829,-2.6789897,286,335,-14.6,-7.1,,,,,
Santa Cruz de Paniagua,Cáceres,10167,40.1912047,-6.3406616,286,478,-40.2,-13.3,,,,,
Cabanelles,Girona,17031,42.2302177,2.8187019,286,227,26.0,11.3,,,,,
"Madroño, El",Sevilla,41057,37.645739,-6.5119009,286,402,-28.9,-3.4,,,,,
Gómara,Soria,42096,41.6236353,-2.2240494,286,546,-47.6,-11.2,,,,,
Olba,Teruel,44171,40.1325902,-0.6250429,286,220,30.0,24.3,,,,,
Azután,Toledo,45017,39.7858328,-5.1271648,286,365,-21.6,-1.0,,,,,
Peleagonzalo,Zamora,49147,41.4821901,-5.4826702,286,469,-39.0,10.9,,,,,
Malla,Barcelona,08111,41.887016,2.2354564,285,255,11.8,6.7,,,,,
Mandayona,Guadalajara,19168,40.9565572,-2.7497263,285,472,-39.6,-12.6,,,,,
Faraján,Málaga,29052,36.6162231,-5.1882209,285,310,-8.1,7.5,,,,,
Pujerra,Málaga,29081,36.6128751,-5.1493344,285,347,-17.9,-6.6,,,,,
Zabalza/Zabaltza,Navarra,31262,42.767587,-1.8062607,285,141,102.1,-1.4,,,,,
Morata de Jiloca,Zaragoza,50176,41.2480119,-1.5869308,285,359,-20.6,4.8,,,,,
"Castell de Guadalest, el",Alicante,03075,38.6754609,-0.1995862,284,169,68.0,29.1,,,,,
Vall de Almonacid,Castellón,12125,39.9036644,-0.4572788,284,288,-1.4,8.8,,,,,
Zerain,Gipuzkoa,20026,43.0125385,-2.2733725,284,233,21.9,11.4,,,,,
Alfés,Lleida,25014,41.5214162,0.6200114,284,345,-17.7,-12.9,,,,,
Mendaza,Navarra,31166,42.6418273,-2.2359737,284,401,-29.2,-7.8,,,,,
Castielfabib,Valencia,46092,40.1304259,-1.3041318,284,561,-49.4,-13.9,,,,,
Peguerinos,Ávila,05184,40.627154,-4.2311722,283,326,-13.2,-8.1,,,,,
Cistella,Girona,17051,42.268711,2.8472717,283,211,34.1,-3.4,,,,,
Berrocal,Huelva,21012,37.6087962,-6.5422243,283,428,-33.9,-14.5,,,,,
Muruzábal,Navarra,31180,42.6887624,-1.7705509,283,212,33.5,10.1,,,,,
Palaciosrubios,Salamanca,37228,41.0523543,-5.1948709,283,570,-50.4,-25.9,,,,,
Fuensanta,Albacete,02032,39.2446271,-2.0684708,282,401,-29.7,-9.0,,,,,
Burón,León,24025,43.0244821,-5.0514632,282,415,-32.0,-11.9,,,,,
Huerta,Salamanca,37164,40.9684453,-5.468435,282,270,4.4,-7.5,,,,,
"Maíllo, El",Salamanca,37177,40.5659979,-6.1801033,282,473,-40.4,-1.7,,,,,
Navafría,Segovia,40139,41.0547237,-3.8250591,282,391,-27.9,-12.1,,,,,
Pajares de la Lampreana,Zamora,49141,41.7150668,-5.6940013,282,533,-47.1,-22.7,,,,,
Maleján,Zaragoza,50156,41.8278952,-1.5493198,282,314,-10.2,11.0,,,,,
Santo Adriano,Asturias,33064,43.2738857,-6.0009484,281,357,-21.3,4.1,,,,,
Navarrevisca,Ávila,05167,40.3641041,-4.8949471,281,435,-35.4,-3.8,,,,,
Lluçà,Barcelona,08109,42.0672668,2.0727805,281,272,3.3,0.4,,,,,
Pampliega,Burgos,09250,42.2061659,-3.9871757,281,433,-35.1,-9.9,,,,,
Villanueva de Gumiel,Burgos,09451,41.7377866,-3.6267453,281,313,-10.2,-2.1,,,,,
Naval,Huesca,22160,42.1947793,0.1518008,281,301,-6.6,6.4,,,,,
"Bòrdes, Es",Lleida,25057,42.7375291,0.7200281,281,220,27.7,12.4,,,,,
Corera,La Rioja,26053,42.3432001,-2.2193738,281,257,9.3,12.9,,,,,
Cantagallo,Salamanca,37080,40.3730712,-5.8177649,281,290,-3.1,6.8,,,,,
Sangarcía,Segovia,40180,40.9479461,-4.4146706,281,473,-40.6,-14.3,,,,,
Rupit i Pruit,Barcelona,08901,42.024334,2.4653919,280,357,-21.6,1.1,,,,,
Madremanya,Girona,17097,41.9900799,2.9568764,280,182,53.8,0.0,,,,,
Armuña de Tajuña,Guadalajara,19041,40.5312059,-3.0294678,280,116,141.4,11.6,,,,,
Castiello de Jaca,Huesca,22086,42.6295985,-0.5501548,280,156,79.5,9.8,,,,,
Talavera,Lleida,25216,41.5817985,1.33826,280,304,-7.9,8.9,,,,,
Santiago de la Puebla,Salamanca,37296,40.8019518,-5.2798486,280,609,-54.0,-20.7,,,,,
Senés,Almería,04082,37.2034892,-2.3444627,279,359,-22.3,-13.4,,,,,
Isar,Burgos,09181,42.3615993,-3.9304431,279,436,-36.0,-12.3,,,,,
Cabezarados,Ciudad Real,13025,38.8458396,-4.2978772,279,395,-29.4,-14.2,,,,,
Linares de la Sierra,Huelva,21045,37.8795891,-6.6210675,279,301,-7.3,4.9,,,,,
Ibargoiti,Navarra,31124,42.6884347,-1.4715206,279,218,28.0,12.5,,,,,
Bobadilla del Campo,Valladolid,47020,41.2051084,-5.0227588,279,417,-33.1,-7.9,,,,,
Arándiga,Zaragoza,50032,41.5099059,-1.5006902,279,535,-47.9,-12.0,,,,,
Yécora/Iekora,Álava,01060,42.5678349,-2.4704011,278,254,9.4,3.3,,,,,
Poza de la Sal,Burgos,09272,42.6669682,-3.5018934,278,389,-28.5,-12.3,,,,,
Santa Cristina de Valmadrigal,León,24153,42.3545205,-5.309315,278,407,-31.7,4.1,,,,,
Bellaguarda,Lleida,25170,41.3372673,0.7361281,278,366,-24.0,-9.4,,,,,
"Guingueta d'Àneu, La",Lleida,25903,42.5945266,1.1313477,278,270,3.0,-9.7,,,,,
Torrebesses,Lleida,25226,41.4265429,0.5947229,278,339,-18.0,-5.1,,,,,
Eulate,Navarra,31100,42.7765196,-2.2061268,278,403,-31.0,-6.4,,,,,
Báguena,Teruel,44033,41.0405505,-1.3563189,278,558,-50.2,-12.0,,,,,
Almiserà,Valencia,46033,38.9161848,-0.2848533,278,255,9.0,1.8,,,,,
Calzadilla de Tera,Zamora,49032,41.9783875,-6.083007,278,524,-46.9,-18.5,,,,,
Illano,Asturias,33029,43.3333974,-6.8642416,277,689,-59.8,-25.5,,,,,
Padiernos,Ávila,05176,40.6215544,-4.845327,277,260,6.5,-4.8,,,,,
Laspuña,Huesca,22144,42.5038664,0.1551187,277,278,-0.4,1.1,,,,,
"Coma i la Pedra, La",Lleida,25163,42.1758114,1.5914256,277,222,24.8,6.1,,,,,
Lantadilla,Palencia,34092,42.3405995,-4.2774864,277,572,-51.6,-13.2,,,,,
Pedrosa de la Vega,Palencia,34126,42.4814511,-4.7467438,277,398,-30.4,-19.0,,,,,
Bañobárez,Salamanca,37039,40.8493325,-6.6127882,277,476,-41.8,-12.3,,,,,
Hontalbilla,Segovia,40100,41.3467279,-4.1193875,277,471,-41.2,-8.9,,,,,
Bárboles,Zaragoza,50043,41.7124238,-1.1879274,277,317,-12.6,-15.0,,,,,
Villabuena de Álava/Eskuernaga,Álava,01057,42.5470187,-2.665437,276,345,-20.0,-5.5,,,,,
Basconcillos del Tozo,Burgos,09045,42.7028611,-3.9893958,276,403,-31.5,-6.8,,,,,
Puerto Moral,Huelva,21059,37.8917393,-6.4795963,276,242,14.0,-3.5,,,,,
Peranzanes,León,24112,42.8769244,-6.6328486,276,373,-26.0,-13.8,,,,,
Martín Miguel,Segovia,40119,40.9510564,-4.2726858,276,210,31.4,26.6,,,,,
Ereño,Bizkaia,48033,43.355541,-2.6222991,275,268,2.6,7.8,,,,,
Pesaguero,Cantabria,39050,43.0769294,-4.5386784,275,421,-34.7,-11.6,,,,,
Regencós,Girona,17144,41.9523563,3.1687852,275,278,-1.1,-1.4,,,,,
Sobrado,León,24165,42.5200635,-6.8530664,275,570,-51.8,-22.1,,,,,
"Veguillas, Las",Salamanca,37346,40.7174514,-5.8302524,275,314,-12.4,-7.4,,,,,
Aldea Real,Segovia,40012,41.1856125,-4.165298,275,409,-32.8,-14.6,,,,,
Collado de la Vera,Cáceres,10065,40.0573294,-5.7209445,274,238,15.1,37.0,,,,,
Anievas,Cantabria,39003,43.2020782,-4.0044134,274,407,-32.7,-12.7,,,,,
Enguídanos,Cuenca,16082,39.6737312,-1.6062756,274,554,-50.5,-18.7,,,,,
Pinós,Lleida,25167,41.8274504,1.5426078,274,325,-15.7,-7.7,,,,,
Beire,Navarra,31051,42.4539464,-1.6217023,274,349,-21.5,-9.0,,,,,
Moros,Zaragoza,50178,41.3977915,-1.8285773,274,555,-50.6,-28.5,,,,,
San Pedro de Rozados,Salamanca,37291,40.790471,-5.7381386,273,389,-29.8,-11.1,,,,,
Tiedra,Valladolid,47163,41.6524191,-5.2675586,273,429,-36.4,-12.2,,,,,
Plan,Huesca,22182,42.5816022,0.3377467,272,312,-12.8,-9.0,,,,,
Villamandos,León,24211,42.1797917,-5.5927195,272,475,-42.7,-11.7,,,,,
Foz-Calanda,Teruel,44107,40.922231,-0.2665925,272,255,6.7,3.0,,,,,
Villamesías,Cáceres,10209,39.2458027,-5.8730816,271,419,-35.3,-4.9,,,,,
Torás,Castellón,12114,39.919459,-0.6856672,271,278,-2.5,18.9,,,,,
Sant Martí Vell,Girona,17173,42.0196093,2.9311901,271,185,46.5,8.4,,,,,
"Nava, La",Huelva,21051,37.9631429,-6.7443847,271,328,-17.4,-7.2,,,,,
Torres de Barbués,Huesca,22236,41.9603527,-0.4318479,271,370,-26.8,-3.6,,,,,
Parauta,Málaga,29077,36.6559871,-5.1292424,271,252,7.5,17.8,,,,,
Alberuela de Tubo,Huesca,22013,41.9077972,-0.2142788,270,404,-33.2,-14.3,,,,,
Prullans,Lleida,25179,42.3803293,1.7364774,270,208,29.8,29.8,,,,,
Mesones de Isuela,Zaragoza,50166,41.5512727,-1.5384613,270,392,-31.1,-5.6,,,,,
Villarreal de Huerva,Zaragoza,50292,41.1902051,-1.2895264,270,181,49.2,11.6,,,,,
Villasur de Herreros,Burgos,09463,42.3082255,-3.3938217,269,322,-16.5,-6.6,,,,,
Navas de Estena,Ciudad Real,13060,39.4944354,-4.5210142,269,451,-40.4,5.9,,,,,
Balboa,León,24009,42.7062532,-6.9228651,269,501,-46.3,-16.5,,,,,
Alins,Lleida,25017,42.549124,1.3180552,269,287,-6.3,-6.3,,,,,
Puiggròs,Lleida,25180,41.5510407,0.8890694,269,254,5.9,-6.3,,,,,
Riner,Lleida,25186,41.9149123,1.5242989,269,276,-2.5,3.1,,,,,
Melgar de Yuso,Palencia,34104,42.2530925,-4.2533643,269,426,-36.9,1.5,,,,,
Valero,Salamanca,37339,40.5347585,-5.9419416,269,494,-45.5,-15.1,,,,,
Escarabajosa de Cabezas,Segovia,40074,41.1054801,-4.193449,269,390,-31.0,-14.1,,,,,
Pobladura del Valle,Zamora,49159,42.1019883,-5.7337697,269,343,-21.6,-13.2,,,,,
Sierra de Luna,Zaragoza,50244,42.048512,-0.9111548,269,275,-2.2,2.7,,,,,
Peraleda de San Román,Cáceres,10141,39.7409769,-5.3871413,268,456,-41.2,-7.9,,,,,
Puerto de Santa Cruz,Cáceres,10153,39.3163339,-5.8588266,268,436,-38.5,-22.5,,,,,
Checa,Guadalajara,19103,40.58609,-1.790897,268,427,-37.2,-6.6,,,,,
"Pego, El",Zamora,49146,41.3341528,-5.4672646,268,491,-45.4,-14.6,,,,,
Alpens,Barcelona,08004,42.1195348,2.101673,267,256,4.3,-9.2,,,,,
Anchuras,Ciudad Real,13017,39.4799342,-4.8360587,267,455,-41.3,-19.3,,,,,
Mazuecos,Guadalajara,19176,40.2626778,-3.0088021,267,395,-32.4,-7.6,,,,,
Oencia,León,24103,42.5476235,-6.9702932,267,557,-52.1,-9.5,,,,,
"Omañas, Las",León,24104,42.6820104,-5.8689876,267,494,-46.0,-7.3,,,,,
Alameda del Valle,Madrid,28003,40.9177178,-3.8438216,267,166,60.8,28.4,,,,,
Fuentespreadas,Zamora,49084,41.326197,-5.6284134,267,422,-36.7,-17.1,,,,,
Valverdón,Salamanca,37342,41.0468489,-5.7695719,266,270,-1.5,-8.3,,,,,
Benegiles,Zamora,49022,41.6282476,-5.6332652,266,446,-40.4,-17.9,,,,,
San Martín de la Virgen de Moncayo,Zaragoza,50234,41.8371044,-1.7914544,266,314,-15.3,-7.0,,,,,
Millena,Alicante,03086,38.7305669,-0.3638185,265,157,68.8,19.9,,,,,
Alcalá de Gurrea,Huesca,22014,42.0667747,-0.685267,265,370,-28.4,-0.4,,,,,
Bailo,Huesca,22044,42.509587,-0.8117949,265,338,-21.6,-7.7,,,,,
Nueva Villa de las Torres,Valladolid,47102,41.267642,-5.0571078,265,426,-37.8,-14.8,,,,,
Moral de Sayago,Zamora,49124,41.4725316,-6.1010812,265,412,-35.7,-2.2,,,,,
Vega de Tera,Zamora,49231,41.9972559,-6.1251362,265,549,-51.7,-28.6,,,,,
Aguilón,Zaragoza,50005,41.294514,-1.0464601,265,263,0.8,7.3,,,,,
Nabarniz,Bizkaia,48909,43.3215488,-2.5844368,264,244,8.2,1.9,,,,,
Herguijuela,Cáceres,10092,39.3744638,-5.7595078,264,467,-43.5,-18.0,,,,,
Parada de Arriba,Salamanca,37230,40.986719,-5.7922196,264,248,6.5,-1.5,,,,,
Ayoó de Vidriales,Zamora,49018,42.1305787,-6.0641972,264,516,-48.8,-24.4,,,,,
Alcosser,Alicante,03007,38.7950003,-0.4021309,263,122,115.6,19.0,,,,,
"Hornillo, El",Ávila,05100,40.250337,-5.1037193,263,442,-40.5,-15.4,,,,,
Merindad de Cuesta-Urria,Burgos,09213,42.8427722,-3.4179668,263,524,-49.8,-25.3,,,,,
Tragacete,Cuenca,16215,40.3502315,-1.8510397,263,387,-32.0,-1.5,,,,,
Larraul,Gipuzkoa,20048,43.1879341,-2.1023955,263,135,94.8,7.3,,,,,
"Peñas de Riglos, Las",Huesca,22173,42.3482654,-0.726729,263,298,-11.7,1.9,,,,,
Regueras de Arriba,León,24127,42.2928319,-5.859695,263,430,-38.8,-15.2,,,,,
Metauten,Navarra,31168,42.6765029,-2.1289658,263,311,-15.4,-12.3,,,,,
San Martín y Mudrián,Segovia,40182,41.2235656,-4.3320308,263,309,-14.9,7.8,,,,,
Cervera de la Cañada,Zaragoza,50079,41.4321593,-1.7352713,263,354,-25.7,-13.8,,,,,
Flores de Ávila,Ávila,05073,40.9340634,-5.0799111,262,453,-42.2,-16.6,,,,,
Pedrosa de Río Úrbel,Burgos,09259,42.409941,-3.8217817,262,301,-13.0,6.9,,,,,
Villahoz,Burgos,09437,42.0773181,-3.9126109,262,434,-39.6,-13.8,,,,,
Boadella i les Escaules,Girona,17029,42.3305346,2.8572023,262,220,19.1,-1.5,,,,,
Sarracín,Burgos,09362,42.259659,-3.6978927,261,150,74.0,11.5,,,,,
Villanueva de San Carlos,Ciudad Real,13094,38.6219731,-3.909334,261,516,-49.4,-14.7,,,,,
Albalate de las Nogueras,Cuenca,16005,40.3661898,-2.2771179,261,402,-35.1,-5.4,,,,,
Mutiloa,Gipuzkoa,20057,43.0220391,-2.2727507,261,168,55.4,2.0,,,,,
Das,Girona,17061,42.3636176,1.8713459,261,145,80.0,21.4,,,,,
Espinelves,Girona,17063,41.8689558,2.4173566,261,175,49.1,29.9,,,,,
Sotés,La Rioja,26145,42.4002904,-2.6019433,261,267,-2.2,-12.1,,,,,
Tarazona de Guareña,Salamanca,37317,41.1722212,-5.2499246,261,450,-42.0,-20.9,,,,,
Mata de Cuéllar,Segovia,40124,41.3966648,-4.4717308,261,331,-21.1,-1.9,,,,,
Valverde de Burguillos,Badajoz,06142,38.3273746,-6.5363287,260,405,-35.8,-11.0,,,,,
"Espunyola, L'",Barcelona,08078,42.0530138,1.7698522,260,283,-8.1,5.3,,,,,
Vallcebre,Barcelona,08293,42.2036044,1.818818,260,274,-5.1,2.4,,,,,
Arauzo de Miel,Burgos,09020,41.8597741,-3.3880885,260,409,-36.4,-21.9,,,,,
Soportújar,Granada,18176,36.9280751,-3.4052741,260,288,-9.7,-6.1,,,,,
Areso,Navarra,31031,43.0809215,-1.9510898,260,310,-16.1,-1.1,,,,,
Santurde de Rioja,La Rioja,26140,42.3895946,-2.9797263,260,329,-21.0,-10.3,,,,,
Aldehuela de la Bóveda,Salamanca,37025,40.8445104,-6.048226,260,395,-34.2,-8.5,,,,,
Fuenterroble de Salvatierra,Salamanca,37138,40.5640872,-5.7338898,260,283,-8.1,7.0,,,,,
Roda de Eresma,Segovia,40173,41.0282062,-4.1811932,260,106,145.3,39.8,,,,,
Carriches,Toledo,45039,39.9639132,-4.4586415,260,313,-16.9,-7.8,,,,,
Rabé de las Calzadas,Burgos,09304,42.3401932,-3.8341082,259,177,46.3,16.1,,,,,
Alcollarín,Cáceres,10009,39.2455213,-5.7368176,259,382,-32.2,4.0,,,,,
Abiego,Huesca,22001,42.1214498,-0.0707125,259,305,-15.1,4.9,,,,,
Bustillo de la Vega,Palencia,34038,42.4558731,-4.7416348,259,385,-32.7,-17.3,,,,,
Boada,Salamanca,37052,40.8156221,-6.3055378,259,484,-46.5,-12.8,,,,,
Gallegos de Argañán,Salamanca,37145,40.6310965,-6.7021817,259,431,-39.9,-11.6,,,,,
Alcañizo,Toledo,45005,39.9026662,-5.1053,259,351,-26.2,-7.8,,,,,
Santa María de la Vega,Zamora,49203,42.0832786,-5.8066651,259,533,-51.4,-24.3,,,,,
Atalaya,Badajoz,06013,38.3337453,-6.4748926,258,377,-31.6,-13.4,,,,,
Frías,Burgos,09134,42.7617467,-3.2939646,258,330,-21.8,0.0,,,,,
"Rozas de Valdearroyo, Las",Cantabria,39065,42.9735085,-4.0297825,258,298,-13.4,-6.2,,,,,
Tresjuncos,Cuenca,16216,39.7001027,-2.7552616,258,546,-52.7,-22.3,,,,,
Sant Miquel de Campmajor,Girona,17174,42.135899,2.6790781,258,208,24.0,14.2,,,,,
Beleña,Salamanca,37047,40.749959,-5.6265822,258,153,68.6,15.7,,,,,
Marjaliza,Toledo,45092,39.5632323,-3.9343743,258,326,-20.9,-10.4,,,,,
Aguilar de Campos,Valladolid,47003,41.9840369,-5.1807319,258,396,-34.8,-3.0,,,,,
Unciti,Navarra,31237,42.7475379,-1.5019366,257,231,11.3,16.8,,,,,
Arenzana de Abajo,La Rioja,26015,42.3865969,-2.7188924,257,331,-22.4,5.3,,,,,
Campo de San Pedro,Segovia,40039,41.4292684,-3.54539,257,398,-35.4,-9.5,,,,,
Torreiglesias,Segovia,40205,41.1023903,-4.0320822,257,393,-34.6,-12.3,,,,,
Esguevillas de Esgueva,Valladolid,47061,41.7508298,-4.3796295,257,446,-42.4,-7.2,,,,,
Turrillas,Almería,04094,37.0296546,-2.2649013,256,289,-11.4,7.6,,,,,
"Toro, El",Castellón,12115,39.9824584,-0.748406,256,364,-29.7,1.6,,,,,
Ábalos,La Rioja,26001,42.5727159,-2.7100606,256,289,-11.4,2.8,,,,,
Nieva,Segovia,40148,41.080622,-4.4259354,256,380,-32.6,-14.4,,,,,
Villanázar,Zamora,49256,41.9750961,-5.7795674,256,402,-36.3,-11.4,,,,,
Hontanaya,Cuenca,16103,39.7158522,-2.8349384,255,494,-48.4,-14.1,,,,,
Pozoamargo,Cuenca,16166,39.3673668,-2.1963828,255,328,-22.3,-19.3,,,,,
Laspaúles,Huesca,22143,42.4709799,0.5986127,255,284,-10.2,-4.1,,,,,
Sorihuela,Salamanca,37312,40.4440404,-5.6778047,255,411,-38.0,-3.0,,,,,
Villaflores,Salamanca,37351,41.0844747,-5.2333507,255,483,-47.2,-13.0,,,,,
"Mata de los Olmos, La",Teruel,44146,40.8659024,-0.5212868,255,281,-9.3,-3.0,,,,,
Villabrázaro,Zamora,49238,42.053224,-5.7281669,255,430,-40.7,12.8,,,,,
Santiurde de Reinosa,Cantabria,39077,43.06105,-4.08342,254,368,-31.0,-4.2,,,,,
Algimia de Almonacid,Castellón,12008,39.9143599,-0.442368,254,313,-18.8,-4.2,,,,,
Teresa,Castellón,12110,39.9002632,-0.6577111,254,382,-33.5,-4.5,,,,,
Crespià,Girona,17058,42.1877796,2.7982926,254,213,19.2,-4.9,,,,,
Zarratón,La Rioja,26180,42.5154514,-2.8817629,254,275,-7.6,-2.7,,,,,
"Guiamets, Els",Tarragona,43070,41.1014359,0.7512122,254,302,-15.9,-7.0,,,,,
Barcial del Barco,Zamora,49019,41.9350016,-5.6615703,254,301,-15.6,-4.9,,,,,
Beteta,Cuenca,16035,40.572657,-2.0759798,253,411,-38.4,-10.0,,,,,
Riumors,Girona,17151,42.2269331,3.0420591,253,198,27.8,-0.8,,,,,
"Valls d'Aguilar, Les",Lleida,25906,42.2941886,1.3422795,253,302,-16.2,-13.1,,,,,
Brañosera,Palencia,34036,42.9360092,-4.3076006,253,317,-20.2,3.3,,,,,
Villar de Ciervo,Salamanca,37357,40.7377372,-6.7390982,253,434,-41.7,-12.5,,,,,
Armuña,Segovia,40022,41.0769827,-4.3199993,253,281,-10.0,2.4,,,,,
Santa Croya de Tera,Zamora,49201,41.9833847,-5.9759775,253,511,-50.5,-21.4,,,,,
Ambel,Zaragoza,50027,41.7953524,-1.615602,253,371,-31.8,-1.2,,,,,
Aljucén,Badajoz,06009,39.0446386,-6.331345,252,230,9.6,1.2,,,,,
Robledillo de la Vera,Cáceres,10157,40.1006017,-5.58866,252,372,-32.3,-12.5,,,,,
Polícar,Granada,18161,37.2575189,-3.2332207,252,260,-3.1,7.7,,,,,
Gavet de la Conca,Lleida,25098,42.123377,0.9202116,252,335,-24.8,-15.2,,,,,
Prats i Sansor,Lleida,25175,42.3654525,1.8372016,252,180,40.0,5.9,,,,,
Gascones,Madrid,28064,41.0185654,-3.641499,252,102,147.1,47.4,,,,,
Martiago,Salamanca,37181,40.4542174,-6.490017,252,412,-38.8,-16.6,,,,,
Grajera,Segovia,40097,41.3726057,-3.6130716,252,96,162.5,8.2,,,,,
Chueca,Toledo,45057,39.7318213,-3.9436324,252,271,-7.0,-6.0,,,,,
Asturianos,Zamora,49017,42.0522792,-6.4895017,252,369,-31.7,-4.5,,,,,
Belver de los Montes,Zamora,49020,41.7227575,-5.4506277,252,535,-52.9,-17.9,,,,,
Santo Domingo de Silos,Burgos,09358,41.962597,-3.4185675,251,323,-22.3,-15.5,,,,,
Martín Muñoz de las Posadas,Segovia,40121,40.9943499,-4.5976807,251,547,-54.1,-20.3,,,,,
Matamala de Almazán,Soria,42111,41.50537,-2.6411258,251,434,-42.2,-23.0,,,,,
"Estrella, La",Toledo,45065,39.6898035,-5.0933003,251,457,-45.1,0.4,,,,,
Higuera de las Dueñas,Ávila,05095,40.2395323,-4.6032406,250,320,-21.9,-15.8,,,,,
Orellana de la Sierra,Badajoz,06096,39.0312219,-5.4986416,250,416,-39.9,2.9,,,,,
Santiago del Campo,Cáceres,10170,39.6287478,-6.3644999,250,337,-25.8,-10.7,,,,,
Guimerà,Lleida,25109,41.5646664,1.1834968,250,397,-37.0,-9.1,,,,,
Caseres,Tarragona,43041,41.0394845,0.2512487,250,333,-24.9,-1.2,,,,,
San Cebrián de Castro,Zamora,49186,41.7050248,-5.7549516,250,425,-41.2,-7.1,,,,,
Bulbuente,Zaragoza,50060,41.8177167,-1.6025667,250,265,-5.7,10.1,,,,,
Used,Zaragoza,50271,41.0544016,-1.5588897,250,404,-38.1,-6.4,,,,,
Valle de Villaverde,Cantabria,39101,43.24369,-3.26335,249,379,-34.3,-23.9,,,,,
Ullastret,Girona,17205,42.0008975,3.0689759,249,243,2.5,-13.5,,,,,
"Portellada, La",Teruel,44187,40.8819568,0.0562841,249,342,-27.2,3.8,,,,,
Robledo del Mazo,Toledo,45148,39.6094103,-4.9048825,249,538,-53.7,-19.7,,,,,
Palacios del Pan,Zamora,49142,41.604025,-5.8767025,249,265,-6.0,-4.6,,,,,
Torrellas,Zaragoza,50261,41.8941511,-1.771178,249,336,-25.9,0.4,,,,,
Elduain,Gipuzkoa,20031,43.1406884,-2.0006998,248,227,9.3,2.5,,,,,
Heras de Ayuso,Guadalajara,19133,40.7905921,-3.0997997,248,126,96.8,7.4,,,,,
Puente la Reina de Jaca,Huesca,22902,42.5563486,-0.7859784,248,269,-7.8,-8.8,,,,,
Lezaun,Navarra,31154,42.7778491,-1.9942909,248,262,-5.3,-5.3,,,,,
Quintana del Puente,Palencia,34141,42.0841001,-4.2074696,248,285,-13.0,-8.1,,,,,
Florida de Liébana,Salamanca,37129,41.0246765,-5.7619788,248,252,-1.6,-12.1,,,,,
"Royo, El",Soria,42160,41.9079491,-2.6445665,248,374,-33.7,-11.7,,,,,
Canalejas de Peñafiel,Valladolid,47033,41.5259435,-4.1160956,248,318,-22.0,2.5,,,,,
Peleas de Abajo,Zamora,49148,41.3921082,-5.6899349,248,225,10.2,-4.2,,,,,
Serranillos,Ávila,05233,40.3370385,-4.9110018,247,453,-45.5,-1.2,,,,,
Sant Llorenç de la Muga,Girona,17171,42.3199618,2.7888647,247,131,88.5,0.0,,,,,
Agrón,Granada,18001,37.0303435,-3.8301109,247,440,-43.9,-16.8,,,,,
"Bodón, El",Salamanca,37054,40.4868949,-6.5755741,247,355,-30.4,-15.7,,,,,
Rocafort de Queralt,Tarragona,43130,41.4784492,1.2813851,247,254,-2.8,-1.6,,,,,
Villafranca de Duero,Valladolid,47204,41.4330414,-5.3017449,247,402,-38.6,-14.5,,,,,
Pozuelo de Aragón,Zaragoza,50216,41.7649427,-1.4238176,247,367,-32.7,-12.4,,,,,
Cavia,Burgos,09063,42.2848973,-3.8475054,246,239,2.9,5.6,,,,,
Fuentecén,Burgos,09136,41.6284256,-3.8678285,246,307,-19.9,4.2,,,,,
Vegacervera,León,24194,42.8860413,-5.5344461,246,371,-33.7,-21.2,,,,,
Lladorre,Lleida,25123,42.6209464,1.2494301,246,212,16.0,8.8,,,,,
"Yesa, La",Valencia,46262,39.8914016,-0.9615624,246,303,-18.8,1.7,,,,,
Langayo,Valladolid,47077,41.5695574,-4.1981884,246,490,-49.8,-5.4,,,,,
Argençola,Barcelona,08008,41.5977099,1.4433782,245,163,50.3,7.9,,,,,
Orendain,Gipuzkoa,20905,43.0794987,-2.1141376,245,156,57.1,22.5,,,,,
Sant Ferriol,Girona,17162,42.1882806,2.7151995,245,188,30.3,6.1,,,,,
Pajares de los Oteros,León,24107,42.3300118,-5.4733195,245,403,-39.2,-13.4,,,,,
Aldea del Obispo,Salamanca,37015,40.7070822,-6.7928804,245,434,-43.5,-18.6,,,,,
Montemayor del Río,Salamanca,37201,40.3478223,-5.8948548,245,378,-35.2,-17.2,,,,,
Villanueva de Oscos,Asturias,33075,43.3113558,-6.986268,244,428,-43.0,-20.5,,,,,
Lanestosa,Bizkaia,48051,43.2184716,-3.4391344,244,296,-17.6,-8.3,,,,,
Santa Cilia,Huesca,22208,42.5599532,-0.714569,244,205,19.0,11.4,,,,,
Alcanó,Lleida,25010,41.4811336,0.6167568,244,266,-8.3,-2.0,,,,,
Bovera,Lleida,25056,41.3269404,0.6386632,244,426,-42.7,-8.6,,,,,
Bolaños de Campos,Valladolid,47024,42.0062728,-5.2838725,244,384,-36.5,-27.6,,,,,
San Miguel de la Ribera,Zamora,49191,41.3332169,-5.5760508,244,441,-44.7,-19.5,,,,,
Alcalá de Ebro,Zaragoza,50013,41.8140364,-1.194081,244,312,-21.8,-7.2,,,,,
Bierge,Huesca,22058,42.1635877,-0.0801229,243,224,8.5,-3.2,,,,,
Benizalón,Almería,04027,37.2121012,-2.2419032,242,328,-26.2,-13.6,,,,,
Quemada,Burgos,09279,41.7010286,-3.5751661,242,263,-8.0,3.0,,,,,
Berzosa del Lozoya,Madrid,28020,40.9757802,-3.5236736,242,116,108.6,22.2,,,,,
Alpandeire,Málaga,29014,36.6343447,-5.2028942,242,303,-20.1,-1.6,,,,,
Saucelle,Salamanca,37302,41.0481976,-6.7513831,242,484,-50.0,-21.4,,,,,
Linares de Mora,Teruel,44137,40.3218981,-0.5751237,242,317,-23.7,-9.4,,,,,
Bardallur,Zaragoza,50044,41.6839075,-1.2122682,242,311,-22.2,-11.0,,,,,
Joarilla de las Matas,León,24086,42.2872779,-5.178728,241,475,-49.3,-20.5,,,,,
Cervatos de la Cueza,Palencia,34055,42.2904319,-4.7693449,241,418,-42.3,-16.0,,,,,
Aldeaseca de la Frontera,Salamanca,37022,40.9414175,-5.2067447,241,373,-35.4,-17.5,,,,,
"Campo de Peñaranda, El",Salamanca,37077,40.9864523,-5.2574746,241,427,-43.6,-12.0,,,,,
Monleras,Salamanca,37198,41.1862209,-6.2265124,241,277,-13.0,2.1,,,,,
Villalazán,Zamora,49245,41.4941665,-5.5892394,241,408,-40.9,-15.1,,,,,
Romangordo,Cáceres,10160,39.7420696,-5.7012281,240,210,14.3,-6.6,,,,,
Almendros,Cuenca,16016,39.9209017,-2.8846669,240,357,-32.8,-8.4,,,,,
Serra de Daró,Girona,17191,42.028087,3.0728658,240,174,37.9,14.8,,,,,
Barillas,Navarra,31048,41.971012,-1.6627478,240,211,13.7,8.6,,,,,
Masueco,Salamanca,37184,41.2039379,-6.5887606,240,501,-52.1,-26.2,,,,,
Castroverde de Campos,Zamora,49043,41.9704829,-5.3145849,240,435,-44.8,-28.1,,,,,
Vadillo de la Guareña,Zamora,49226,41.2836005,-5.352697,240,371,-35.3,-14.0,,,,,
Millanes,Cáceres,10122,39.8489525,-5.5808021,239,263,-9.1,0.4,,,,,
Valdelarco,Huelva,21071,37.9507831,-6.6830885,239,283,-15.5,2.6,,,,,
San Esteban de Nogales,León,24146,42.1586092,-5.9302563,239,390,-38.7,-12.1,,,,,
Maldà,Lleida,25130,41.5505618,1.0396632,239,300,-20.3,3.9,,,,,
Fuentes de Béjar,Salamanca,37139,40.5091667,-5.6916642,239,349,-31.5,-4.4,,,,,
Serradilla del Arroyo,Salamanca,37306,40.5214395,-6.3599052,239,475,-49.7,-13.1,,,,,
Sebúlcor,Segovia,40193,41.2713939,-3.8850323,239,298,-19.8,-14.6,,,,,
Santa María de Huerta,Soria,42167,41.2631089,-2.1764224,239,496,-51.8,-20.3,,,,,
"Ventas de San Julián, Las",Toledo,45184,40.0080692,-5.2949819,239,239,0.0,1.7,,,,,
San Juan del Molinillo,Ávila,05212,40.4586971,-4.8179795,238,342,-30.4,10.2,,,,,
Gordaliza del Pino,León,24077,42.3435046,-5.1575995,238,385,-38.2,-11.2,,,,,
Aldeanueva de Figueroa,Salamanca,37017,41.1475441,-5.523389,238,362,-34.3,-16.2,,,,,
Espino de la Orbada,Salamanca,37128,41.1072603,-5.4238395,238,383,-37.9,-16.2,,,,,
Guadalaviar,Teruel,44120,40.3891162,-1.7182556,238,297,-19.9,-2.9,,,,,
"Vid y Barrios, La",Burgos,09421,41.622156,-3.4583035,237,353,-32.9,-5.2,,,,,
Lamasón,Cantabria,39034,43.2523969,-4.4833462,237,417,-43.2,-20.5,,,,,
Bargota,Navarra,31047,42.5606259,-2.3105858,237,396,-40.2,-16.5,,,,,
Parada de Rubiales,Salamanca,37231,41.1479206,-5.4362186,237,363,-34.7,-12.2,,,,,
Torrecilla de la Abadesa,Valladolid,47166,41.4847317,-5.0865117,237,384,-38.3,-18.6,,,,,
Villaescusa,Zamora,49241,41.2055283,-5.4639875,237,401,-40.9,-9.2,,,,,
Codos,Zaragoza,50086,41.2934423,-1.3744607,237,306,-22.5,4.9,,,,,
Santa Cruz de Marchena,Almería,04080,37.016923,-2.6029071,236,215,9.8,-2.1,,,,,
Armiñón,Álava,01006,42.722587,-2.8722115,236,139,69.8,0.9,,,,,
Fresnedoso de Ibor,Cáceres,10075,39.684214,-5.5092248,236,395,-40.3,-16.9,,,,,
Negueira de Muñiz,Lugo,27035,43.1346487,-6.8937346,236,310,-23.9,9.8,,,,,
Villamoronta,Palencia,34223,42.402789,-4.6989708,236,350,-32.6,-6.3,,,,,
Mogarraz,Salamanca,37194,40.4922174,-6.0532476,236,379,-37.7,-23.6,,,,,
Puente del Congosto,Salamanca,37261,40.4894071,-5.5261785,236,370,-36.2,0.0,,,,,
Santa Colomba de las Monjas,Zamora,49199,41.9575434,-5.6835728,236,359,-34.3,-14.5,,,,,
Mura,Barcelona,08139,41.6998219,1.9764684,235,218,7.8,7.3,,,,,
"Granada de Río-Tinto, La",Huelva,21036,37.7689598,-6.5086563,235,234,0.4,23.0,,,,,
Auritz/Burguete,Navarra,31058,42.9890103,-1.3349915,235,320,-26.6,-3.3,,,,,
Leiva,La Rioja,26087,42.5029174,-3.04658,235,315,-25.4,-8.6,,,,,
Sotalbo,Ávila,05239,40.5417959,-4.8485522,234,266,-12.0,0.9,,,,,
Sant Julià de Cerdanyola,Barcelona,08903,42.2234097,1.8921354,234,217,7.8,-6.8,,,,,
"Acebrón, El",Cuenca,16002,39.9083265,-2.9839914,234,289,-19.0,-0.8,,,,,
Isábena,Huesca,22129,42.3031231,0.5425128,234,268,-12.7,-12.0,,,,,
Fígols i Alinyà,Lleida,25908,42.2023247,1.3393491,234,306,-23.5,-7.9,,,,,
Cartajima,Málaga,29037,36.6455316,-5.1539254,234,257,-8.9,-2.9,,,,,
Santa Cruz de Moya,Cuenca,16194,39.9559022,-1.2559322,233,446,-47.8,-6.0,,,,,
Sangarrén,Huesca,22206,42.0177631,-0.4326064,233,285,-18.2,5.0,,,,,
Aspa,Lleida,25036,41.4954431,0.6725123,233,251,-7.2,7.4,,,,,
Braojos,Madrid,28024,41.0400124,-3.6425888,233,155,50.3,15.9,,,,,
Sorzano,La Rioja,26144,42.3424217,-2.5283408,233,249,-6.4,3.1,,,,,
Cipérez,Salamanca,37106,40.9626362,-6.2649394,233,476,-51.1,-16.2,,,,,
Escurial de la Sierra,Salamanca,37125,40.6165029,-5.9543708,233,320,-27.2,-5.3,,,,,
San Martín del Castañar,Salamanca,37286,40.5222349,-6.0646428,233,283,-17.7,2.2,,,,,
Almenar de Soria,Soria,42022,41.6817949,-2.2006812,233,423,-44.9,-0.9,,,,,
Palacios de Sanabria,Zamora,49143,42.0572677,-6.5248073,233,376,-38.0,-10.4,,,,,
Rabós,Girona,17143,42.3787458,3.0283472,232,148,56.8,23.4,,,,,
Molinos,Teruel,44151,40.819867,-0.4504486,232,359,-35.4,-7.6,,,,,
"Vall d'Ebo, la",Alicante,03135,38.8057157,-0.1598308,231,343,-32.7,-4.9,,,,,
Baterno,Badajoz,06017,38.9561043,-4.9106082,231,413,-44.1,-25.5,,,,,
Marchagaz,Cáceres,10117,40.2678024,-6.2745815,231,401,-42.4,8.5,,,,,
Gobernador,Granada,18083,37.4772919,-3.3200874,231,396,-41.7,-11.8,,,,,
Odèn,Lleida,25148,42.1338986,1.3863647,231,285,-18.9,-10.8,,,,,
Puigverd d'Agramunt,Lleida,25181,41.7780434,1.1215633,231,223,3.6,-2.5,,,,,
Vecinos,Salamanca,37344,40.7782176,-5.8782606,231,307,-24.8,-12.5,,,,,
Villasrubias,Salamanca,37371,40.3389758,-6.6383329,231,402,-42.5,-20.1,,,,,
Cerecinos de Campos,Zamora,49046,41.9007181,-5.4850237,231,454,-49.1,-22.2,,,,,
Velefique,Almería,04097,37.1939294,-2.4029018,230,348,-33.9,-10.2,,,,,
Navatalgordo,Ávila,05169,40.4157234,-4.8718327,230,423,-45.6,-3.0,,,,,
Cañaveras,Cuenca,16050,40.3599356,-2.3963157,230,424,-45.8,-23.1,,,,,
Fuentelespino de Haro,Cuenca,16087,39.6886394,-2.6690603,230,335,-31.3,-10.9,,,,,
Uclés,Cuenca,16218,39.9804328,-2.8615799,230,300,-23.3,2.2,,,,,
Montanuy,Huesca,22157,42.4655684,0.6943621,230,322,-28.6,3.1,,,,,
Rodezno,La Rioja,26127,42.525862,-2.8447876,230,324,-29.0,-8.0,,,,,
Morasverdes,Salamanca,37204,40.6030935,-6.2745505,230,473,-51.4,-16.1,,,,,
Santo Tomé del Puerto,Segovia,40191,41.1942234,-3.5772806,230,340,-32.4,-20.1,,,,,
Villangómez,Burgos,09448,42.180034,-3.7734699,229,347,-34.0,-2.6,,,,,
Salvatierra de Santiago,Cáceres,10163,39.3021566,-6.0334534,229,476,-51.9,-3.0,,,,,
"Pobla de Benifassà, la",Castellón,12093,40.6563297,0.1566012,229,202,13.4,9.6,,,,,
"Piles, Les",Tarragona,43105,41.5036851,1.3426056,229,162,41.4,10.6,,,,,
Royuela,Teruel,44198,40.3778176,-1.5127776,229,238,-3.8,6.5,,,,,
"Pesquera, La",Cuenca,16157,39.5720418,-1.5852092,228,280,-18.6,-3.4,,,,,
Pozán de Vero,Huesca,22186,42.0811572,0.0321435,228,257,-11.3,11.8,,,,,
Beintza-Labaien,Navarra,31137,43.0858232,-1.7504043,228,303,-24.8,-3.0,,,,,
Granja de Moreruela,Zamora,49091,41.809162,-5.7388413,228,398,-42.7,-21.9,,,,,
Massoteres,Lleida,25132,41.7970722,1.3103274,227,169,34.3,11.8,,,,,
Atez/Atetz,Navarra,31040,42.9390758,-1.7092207,227,213,6.6,-3.4,,,,,
Biurrun-Olcoz,Navarra,31056,42.692662,-1.6783849,227,173,31.2,5.1,,,,,
"Cabaco, El",Salamanca,37061,40.5648424,-6.1276745,227,314,-27.7,-8.5,,,,,
Torrecilla de la Jara,Toledo,45170,39.7037025,-4.7722444,227,313,-27.5,-9.6,,,,,
Beniardà,Alicante,03027,38.6835501,-0.2163624,226,224,0.9,11.9,,,,,
Bacares,Almería,04019,37.261184,-2.453323,226,287,-21.3,-16.9,,,,,
Biure,Girona,17234,42.3380996,2.8949823,226,223,1.3,-3.0,,,,,
Budia,Guadalajara,19054,40.6280576,-2.7562471,226,296,-23.6,1.3,,,,,
Benadalid,Málaga,29022,36.6062679,-5.2690514,226,264,-14.4,-2.6,,,,,
Gratallops,Tarragona,43069,41.1933107,0.7767682,226,221,2.3,-4.6,,,,,
Torrecilla de la Orden,Valladolid,47167,41.2195826,-5.2238078,226,395,-42.8,-13.1,,,,,
Rubió,Barcelona,08185,41.6442397,1.5701167,225,121,86.0,-2.6,,,,,
Sora,Barcelona,08272,42.1119353,2.1610531,225,181,24.3,19.0,,,,,
Herrera de Alcántara,Cáceres,10094,39.6388065,-7.4061943,225,350,-35.7,-17.6,,,,,
Villas de la Ventosa,Cuenca,16272,40.2047493,-2.4315745,225,399,-43.6,-9.6,,,,,
Vallfogona de Ripollès,Girona,17170,42.1963139,2.3036247,225,230,-2.2,12.5,,,,,
Maranchón,Guadalajara,19170,41.0465007,-2.2039908,225,262,-14.1,-8.5,,,,,
Hoz y Costean,Huesca,22908,42.1400757,0.1330928,225,275,-18.2,3.7,,,,,
Santiz,Salamanca,37299,41.2058865,-5.8960447,225,302,-25.5,-10.0,,,,,
Torregamones,Zamora,49221,41.4881346,-6.1785457,225,344,-34.6,-23.5,,,,,
Suflí,Almería,04087,37.3388282,-2.3888744,224,233,-3.9,-4.7,,,,,
Izurtza,Bizkaia,48050,43.1544933,-2.6397796,224,277,-19.1,-5.9,,,,,
Villar de Plasencia,Cáceres,10214,40.1380647,-6.0278244,224,307,-27.0,-3.4,,,,,
Alerre,Huesca,22019,42.1634839,-0.463311,224,167,34.1,9.3,,,,,
Cabeza del Caballo,Salamanca,37065,41.1293878,-6.558837,224,505,-55.6,-33.7,,,,,
Rionegro del Puente,Zamora,49177,42.0055905,-6.2281127,224,427,-47.5,-24.6,,,,,
Bentarique,Almería,04028,36.9865695,-2.6195624,223,331,-32.6,-11.5,,,,,
Carrascalejo,Cáceres,10048,39.6457683,-5.2167746,223,455,-51.0,-12.2,,,,,
Fontanarejo,Ciudad Real,13041,39.2194954,-4.5164688,223,400,-44.2,-15.2,,,,,
Leganiel,Cuenca,16119,40.1648319,-2.9503566,223,251,-11.2,19.9,,,,,
"Selva de Mar, La",Girona,17188,42.3241056,3.1868248,223,182,22.5,18.6,,,,,
Vallbona de les Monges,Lleida,25238,41.5249704,1.0890539,223,272,-18.0,-7.5,,,,,
Autilla del Pino,Palencia,34018,41.9911815,-4.6334702,223,253,-11.9,-3.5,,,,,
Encinas de Arriba,Salamanca,37122,40.7709572,-5.556518,223,299,-25.4,-7.9,,,,,
Yecla de Yeltes,Salamanca,37377,40.9595529,-6.488173,223,385,-42.1,-14.6,,,,,
Aspariegos,Zamora,49016,41.6757149,-5.5980337,223,414,-46.1,-20.1,,,,,
Molacillos,Zamora,49119,41.5822526,-5.6590964,223,321,-30.5,-16.8,,,,,
Revellinos,Zamora,49175,41.8893028,-5.5681084,223,358,-37.7,-17.1,,,,,
Lucena de Jalón,Zaragoza,50146,41.5531291,-1.3140475,223,273,-18.3,-2.6,,,,,
Ogassa,Girona,17112,42.2656267,2.2777794,222,245,-9.4,-1.3,,,,,
Herguijuela de la Sierra,Salamanca,37158,40.4452222,-6.0744174,222,352,-36.9,-18.4,,,,,
Valdeavellano de Tera,Soria,42191,41.9427543,-2.5754236,222,235,-5.5,8.8,,,,,
San Martín del Pimpollar,Ávila,05216,40.3684174,-5.0549407,221,356,-37.9,24.9,,,,,
Cañada del Hoyo,Cuenca,16046,39.9691054,-1.9004676,221,370,-40.3,-17.5,,,,,
Morille,Salamanca,37205,40.8082578,-5.6972237,221,202,9.4,-13.0,,,,,
Moyuela,Zaragoza,50179,41.1278598,-0.9236584,221,365,-39.5,-16.6,,,,,
Albillos,Burgos,09009,42.2764472,-3.7909197,220,162,35.8,3.3,,,,,
Cirat,Castellón,12046,40.0552625,-0.4624359,220,302,-27.2,0.0,,,,,
Cervera del Llano,Cuenca,16073,39.7833137,-2.4205283,220,320,-31.2,-2.7,,,,,
Albalatillo,Huesca,22008,41.7367576,-0.150977,220,271,-18.8,12.2,,,,,
Caldearenas,Huesca,22072,42.3968705,-0.4987215,220,267,-17.6,1.9,,,,,
Erustes,Toledo,45060,39.9563948,-4.4972834,220,211,4.3,-0.9,,,,,
Garciotum,Toledo,45068,40.0986693,-4.6470658,220,160,37.5,21.5,,,,,
Almonacid de la Cuba,Zaragoza,50023,41.2802511,-0.7930118,220,355,-38.0,-15.7,,,,,
San Juan de Gredos,Ávila,05901,40.3604054,-5.2499666,219,426,-48.6,-18.6,,,,,
Horcajo de la Sierra-Aoslos,Madrid,28070,41.0681757,-3.5854706,219,127,72.4,53.1,,,,,
Santovenia,Zamora,49207,41.8787581,-5.708769,219,462,-52.6,-18.3,,,,,
Castiliscar,Zaragoza,50078,42.3763826,-1.2736403,219,437,-49.9,-17.0,,,,,
Moreda de Álava/Moreda Araba,Álava,01039,42.5246992,-2.4085108,218,283,-23.0,-4.8,,,,,
Valdemorales,Cáceres,10201,39.2057812,-6.0665223,218,291,-25.1,10.7,,,,,
Ultramort,Girona,17203,42.037127,3.0349373,218,188,16.0,3.8,,,,,
Malaguilla,Guadalajara,19167,40.8221438,-3.2565979,218,156,39.7,47.3,,,,,
San Pedro Bercianos,León,24150,42.391776,-5.7091195,218,400,-45.5,-13.8,,,,,
Borobia,Soria,42039,41.6650094,-1.8966155,218,406,-46.3,-13.5,,,,,
Berge,Teruel,44040,40.8577139,-0.4271096,218,237,-8.0,-12.1,,,,,
Cabezas del Villar,Ávila,05044,40.7144689,-5.2092617,217,510,-57.5,-23.3,,,,,
Villar de Domingo García,Cuenca,16254,40.2382298,-2.2930526,217,294,-26.2,-5.7,,,,,
Castaño del Robledo,Huelva,21022,37.8954194,-6.7053982,217,201,8.0,5.3,,,,,
Puértolas,Huesca,22189,42.498373,0.143649,217,219,-0.9,1.9,,,,,
Calzada del Coto,León,24031,42.3885967,-5.0801303,217,316,-31.3,-11.1,,,,,
Duesaigües,Tarragona,43053,41.1457974,0.9305023,217,210,3.3,-10.3,,,,,
Viandar de la Vera,Cáceres,10206,40.12165,-5.5364459,216,342,-36.8,-12.2,,,,,
Huerto,Huesca,22124,41.9323373,-0.1678751,216,268,-19.4,-6.1,,,,,
"Baronia de Rialb, La",Lleida,25042,41.9322128,1.1960181,216,251,-13.9,-10.0,,,,,
Bassella,Lleida,25044,42.0062092,1.2960417,216,341,-36.7,-8.1,,,,,
Sequeros,Salamanca,37305,40.5120817,-6.0246972,216,261,-17.2,-8.9,,,,,
Fuentesaúco de Fuentidueña,Segovia,40089,41.4258579,-4.0610194,216,351,-38.5,-10.7,,,,,
Castronuevo,Zamora,49042,41.7205541,-5.5427637,216,360,-40.0,-11.1,,,,,
"Recueja, La",Albacete,02066,39.1752416,-1.4913592,215,361,-40.4,-22.9,,,,,
Bayarque,Almería,04021,37.3306886,-2.4359436,215,235,-8.5,-2.3,,,,,
Papatrigo,Ávila,05179,40.8680762,-4.8351177,215,343,-37.3,-14.7,,,,,
Estada,Huesca,22102,42.0718431,0.2339085,215,198,8.6,4.9,,,,,
Villavicencio de los Caballeros,Valladolid,47229,42.0589395,-5.2354622,215,359,-40.1,-8.5,,,,,
Argujillo,Zamora,49013,41.3129372,-5.5864446,215,404,-46.8,-20.7,,,,,
"Majadas, Las",Cuenca,16121,40.2975787,-2.0224871,214,392,-45.4,-22.7,,,,,
Oseja de Sajambre,León,24106,43.1369687,-5.0388745,214,356,-39.9,-16.7,,,,,
Ortigosa de Cameros,La Rioja,26112,42.1753684,-2.7047836,214,338,-36.7,-12.7,,,,,
San Millán de la Cogolla,La Rioja,26130,42.3295206,-2.8617801,214,288,-25.7,-10.8,,,,,
Pedraza de Alba,Salamanca,37235,40.7562378,-5.373362,214,304,-29.6,-13.7,,,,,
Encinas de Esgueva,Valladolid,47060,41.7568949,-4.1034145,214,409,-47.7,-24.1,,,,,
Cañada Juncosa,Cuenca,16047,39.5494101,-2.2513925,213,360,-40.8,-19.3,,,,,
Zugarramurdi,Navarra,31264,43.2693436,-1.5416354,213,247,-13.8,-10.1,,,,,
Harana/Valle de Arana,Álava,01056,42.7531401,-2.3307995,212,366,-42.1,-10.5,,,,,
Presencio,Burgos,09275,42.1859701,-3.9013025,212,286,-25.9,19.1,,,,,
Peraltilla,Huesca,22176,42.0552839,-0.0182329,212,180,17.8,7.6,,,,,
Matadeón de los Oteros,León,24097,42.3376679,-5.3701088,212,326,-35.0,-12.0,,,,,
Palenzuela,Palencia,34121,42.0952764,-4.1300087,212,344,-38.4,2.4,,,,,
Espeja,Salamanca,37127,40.5656698,-6.7157965,212,319,-33.5,-13.5,,,,,
Villagonzalo de Tormes,Salamanca,37352,40.892027,-5.4969423,212,251,-15.5,-4.5,,,,,
Villar de Peralonso,Salamanca,37360,41.0322087,-6.2223596,212,366,-42.1,-14.9,,,,,
Aldea de San Miguel,Valladolid,47006,41.4613263,-4.6160576,212,242,-12.4,-6.2,,,,,
Villalba de la Lampreana,Zamora,49246,41.7445648,-5.6402424,212,346,-38.7,-13.8,,,,,
Aldeaseca,Ávila,05008,41.0488943,-4.8175252,211,362,-41.7,-19.5,,,,,
Villarrubio,Cuenca,16270,39.9449175,-2.893322,211,235,-10.2,4.5,,,,,
Villaherreros,Palencia,34211,42.3886413,-4.4626671,211,304,-30.6,6.0,,,,,
Veganzones,Segovia,40222,41.192984,-3.9936737,211,302,-30.1,-14.2,,,,,
"Garidells, Els",Tarragona,43066,41.2071322,1.2471593,211,162,30.2,9.3,,,,,
Arcos de la Polvorosa,Zamora,49011,41.9451237,-5.6971271,211,320,-34.1,-15.9,,,,,
Moralina,Zamora,49131,41.4890586,-6.1375644,211,393,-46.3,-25.2,,,,,
Elgorriaga,Navarra,31087,43.1384243,-1.687207,210,198,6.1,-0.9,,,,,
Olóriz/Oloritz,Navarra,31192,42.6351635,-1.6130574,210,172,22.1,5.0,,,,,
Casasbuenas,Toledo,45042,39.7607428,-4.1264909,210,229,-8.3,0.0,,,,,
"Unión de Campos, La",Valladolid,47176,42.076801,-5.3262064,210,333,-36.9,-17.3,,,,,
"Piñero, El",Zamora,49158,41.3541471,-5.5873633,210,329,-36.2,-13.2,,,,,
Bureta,Zaragoza,50061,41.8168992,-1.4882023,210,333,-36.9,-11.4,,,,,
"Torre, La",Ávila,05247,40.5887189,-4.9658282,209,467,-55.2,-19.9,,,,,
Talamanca,Barcelona,08277,41.7381785,1.9772537,209,84,148.8,12.4,,,,,
Cilleruelo de Abajo,Burgos,09103,41.8841088,-3.7963274,209,369,-43.4,-11.1,,,,,
Polaciones,Cantabria,39053,43.1013,-4.41532,209,302,-30.8,-11.8,,,,,
Vilopriu,Girona,17232,42.1043198,2.9918548,209,161,29.8,4.0,,,,,
Campo de Villavidel,León,24033,42.4390904,-5.5277177,209,360,-41.9,0.5,,,,,
Grañón,La Rioja,26069,42.4501692,-3.0272894,209,439,-52.4,-24.0,,,,,
Beniatjar,Valencia,46056,38.8479764,-0.4168998,209,245,-14.7,-7.5,,,,,
Fuentes de Jiloca,Zaragoza,50116,41.2289567,-1.5375521,209,372,-43.8,-22.3,,,,,
Almócita,Almería,04014,37.003137,-2.7904479,208,193,7.8,20.9,,,,,
Hoyales de Roa,Burgos,09170,41.6591115,-3.8626445,208,324,-35.8,-11.1,,,,,
Villayerno Morquillas,Burgos,09471,42.3954921,-3.6394988,208,141,47.5,4.0,,,,,
Colomers,Girona,17055,42.0841561,2.9870811,208,212,-1.9,10.6,,,,,
Pedret i Marzà,Girona,17129,42.3114394,3.0672525,208,112,85.7,15.6,,,,,
Tella-Sin,Huesca,22227,42.5436922,0.1972151,208,293,-29.0,-14.4,,,,,
"Pobla de Cérvoles, La",Lleida,25169,41.3674223,0.9157069,208,198,5.1,1.0,,,,,
Júzcar,Málaga,29065,36.6255785,-5.1708129,208,219,-5.0,-8.8,,,,,
Valseca,Segovia,40214,40.9992568,-4.1744249,208,319,-34.8,-18.4,,,,,
Velilla de Ebro,Zaragoza,50278,41.3733534,-0.4374667,208,290,-28.3,-10.0,,,,,
Adanero,Ávila,05001,40.9438737,-4.6038249,207,332,-37.7,-5.9,,,,,
Rubena,Burgos,09326,42.3877898,-3.573971,207,157,31.8,26.2,,,,,
Carataunas,Granada,18043,36.9229148,-3.4083624,207,203,2.0,16.3,,,,,
Santa María del Monte de Cea,León,24156,42.4915159,-5.1168441,207,422,-50.9,-16.9,,,,,
Forfoleda,Salamanca,37130,41.0990542,-5.7491261,207,252,-17.9,9.5,,,,,
Rubí de Bracamonte,Valladolid,47138,41.2143669,-4.9241377,207,348,-40.5,-11.5,,,,,
Hermisende,Zamora,49094,41.9688114,-6.8955455,207,482,-57.1,-17.5,,,,,
San Justo,Zamora,49189,42.1343272,-6.6253752,207,396,-47.7,-11.5,,,,,
Añón de Moncayo,Zaragoza,50030,41.7786064,-1.7211497,207,317,-34.7,5.1,,,,,
Alicún,Almería,04012,36.9658859,-2.6018983,206,249,-17.3,-5.1,,,,,
Valdeolivas,Cuenca,16228,40.5054831,-2.4459413,206,319,-35.4,3.5,,,,,
Gombrèn,Girona,17080,42.2484304,2.0905975,206,241,-14.5,12.0,,,,,
Viladasens,Girona,17216,42.0951146,2.9294718,206,182,13.2,-8.0,,,,,
Peralta de Calasanz,Huesca,22175,41.992156,0.3856429,206,306,-32.7,-9.6,,,,,
Santa María de Dulcis,Huesca,22906,42.11456,0.015618,206,214,-3.7,-8.8,,,,,
Roncal/Erronkari,Navarra,31210,42.8074494,-0.9555751,206,364,-43.4,-1.9,,,,,
Préjano,La Rioja,26119,42.1866215,-2.1796033,206,222,-7.2,-12.0,,,,,
Sanchotello,Salamanca,37282,40.4383246,-5.7532266,206,345,-40.3,-9.3,,,,,
Becilla de Valderaduey,Valladolid,47015,42.0980087,-5.2179628,206,459,-55.1,-17.3,,,,,
Milles de la Polvorosa,Zamora,49118,41.9231714,-5.7329641,206,304,-32.2,-9.6,,,,,
Leza,Álava,01034,42.5655553,-2.6342866,205,182,12.6,-3.3,,,,,
Bohoyo,Ávila,05037,40.3162123,-5.4419845,205,504,-59.3,-27.6,,,,,
Leintz-Gatzaga,Gipuzkoa,20068,42.9868906,-2.5687408,205,250,-18.0,-12.8,,,,,
Gósol,Lleida,25100,42.2365129,1.6605511,205,210,-2.4,-10.1,,,,,
Cihuri,La Rioja,26049,42.5655085,-2.9218252,205,149,37.6,-1.0,,,,,
Alba de Yeltes,Salamanca,37009,40.6714704,-6.3164684,205,308,-33.4,-12.0,,,,,
Pinarejos,Segovia,40159,41.2594806,-4.292713,205,207,-1.0,11.4,,,,,
Casasola de Arión,Valladolid,47036,41.5778586,-5.2413147,205,390,-47.4,-23.2,,,,,
Pujalt,Barcelona,08176,41.7169947,1.4211325,204,179,14.0,3.0,,,,,
Berlangas de Roa,Burgos,09051,41.6892721,-3.8735919,204,282,-27.7,6.2,,,,,
Matabuena,Segovia,40123,41.095702,-3.756594,204,216,-5.6,9.7,,,,,
Alacón,Teruel,44006,41.0227436,-0.697756,204,481,-57.6,-26.9,,,,,
Argente,Teruel,44028,40.6887842,-1.1628165,204,276,-26.1,-1.4,,,,,
Bello,Teruel,44039,40.922441,-1.4997476,204,411,-50.4,-16.7,,,,,
"Campillo, El",Valladolid,47031,41.2578168,-5.0146988,204,248,-17.7,-6.0,,,,,
Codo,Zaragoza,50085,41.3334059,-0.6994359,204,299,-31.8,12.1,,,,,
Velayos,Ávila,05254,40.840986,-4.6226763,203,289,-29.8,-9.4,,,,,
Saldaña de Burgos,Burgos,09332,42.2577067,-3.6851708,203,104,95.2,8.0,,,,,
Huélaga,Cáceres,10101,40.0556905,-6.6153749,203,213,-4.7,-9.0,,,,,
Rebollar,Cáceres,10154,40.1537946,-5.898349,203,251,-19.1,-5.1,,,,,
Beuda,Girona,17021,42.2372601,2.7097379,203,120,69.2,2.0,,,,,
Turón,Granada,18181,36.8637375,-3.0575117,203,387,-47.5,-20.1,,,,,
Caleruela,Toledo,45029,39.8744972,-5.2558765,203,326,-37.7,-9.8,,,,,
Corcos,Valladolid,47055,41.809877,-4.6932238,203,276,-26.4,-5.1,,,,,
Villanueva de Ávila,Ávila,05905,40.3799296,-4.8211749,202,612,-67.0,-10.6,,,,,
Nava de Roa,Burgos,09229,41.6120189,-3.9630565,202,295,-31.5,-7.3,,,,,
Mollet de Peralada,Girona,17106,42.3595501,2.9999085,202,183,10.4,12.2,,,,,
Queralbs,Girona,17043,42.3495722,2.1632838,202,192,5.2,16.1,,,,,
Leoz/Leotz,Navarra,31150,42.637754,-1.5475538,202,260,-22.3,-16.9,,,,,
Mazariegos,Palencia,34102,42.0271751,-4.714452,202,292,-30.8,-5.6,,,,,
"Pedroso de la Armuña, El",Salamanca,37239,41.0813756,-5.3969939,202,332,-39.2,-15.1,,,,,
Cabañas de Polendos,Segovia,40035,41.06727,-4.1099902,202,119,69.7,13.5,,,,,
Urús,Girona,17206,42.3520412,1.8534065,201,141,42.6,11.0,,,,,
Llobera,Lleida,25129,41.9509343,1.4723539,201,240,-16.2,-1.0,,,,,
Endrinal,Salamanca,37124,40.5906451,-5.8043348,201,311,-35.4,-13.7,,,,,
"Vilella Baixa, La",Tarragona,43174,41.2199862,0.7634519,201,169,18.9,4.1,,,,,
Gema,Zamora,49090,41.4196754,-5.648145,201,292,-31.2,-12.2,,,,,
Villaseco del Pan,Zamora,49269,41.4684604,-5.9637537,201,351,-42.7,-19.3,,,,,
Casas de Reina,Badajoz,06034,38.2018925,-5.9700419,200,254,-21.3,3.1,,,,,
Adrada de Haza,Burgos,09003,41.5949919,-3.822566,200,307,-34.9,-9.9,,,,,
Alcudia de Veo,Castellón,12006,39.9158376,-0.354769,200,181,10.5,-0.5,,,,,
Gaibiel,Castellón,12065,39.9264703,-0.4956292,200,217,-7.8,-2.4,,,,,
Robledillo de Mohernando,Guadalajara,19239,40.8538865,-3.2349308,200,168,19.0,73.9,,,,,
Grajal de Campos,León,24080,42.3209003,-5.0195201,200,308,-35.1,-13.4,,,,,
Pinilla del Valle,Madrid,28112,40.9261949,-3.8184676,200,167,19.8,4.2,,,,,
Urueña,Valladolid,47178,41.7271665,-5.2035577,200,204,-2.0,5.8,,,,,
Villalobos,Zamora,49248,41.9438958,-5.4749526,200,352,-43.2,-21.6,,,,,
Escorca,Baleares,07019,39.8224068,2.8844056,199,302,-34.1,-13.5,,,,,
Ojacastro,La Rioja,26110,42.3467292,-3.0049378,199,241,-17.4,18.5,,,,,
Horcajo Medianero,Salamanca,37162,40.6393197,-5.4057376,199,393,-49.4,-3.9,,,,,
Mesegar de Tajo,Toledo,45100,39.9253874,-4.5020573,199,245,-18.8,-11.2,,,,,
Zazuar,Burgos,09483,41.6954792,-3.5542511,198,287,-31.0,-15.4,,,,,
Toses,Girona,17201,42.3218595,2.0168227,198,139,42.4,19.3,,,,,
Laluenga,Huesca,22135,42.005351,-0.0476557,198,271,-26.9,-6.2,,,,,
Ossó de Sió,Lleida,25157,41.7548359,1.1592516,198,214,-7.5,-7.5,,,,,
Pinell de Solsonès,Lleida,25166,41.9515405,1.4180501,198,232,-14.7,-7.0,,,,,
Bañares,La Rioja,26024,42.470048,-2.9100066,198,443,-55.3,-26.1,,,,,
Alconaba,Soria,42006,41.72381,-2.3851248,198,175,13.1,3.7,,,,,
Estercuel,Teruel,44100,40.8548033,-0.6321144,198,386,-48.7,-16.5,,,,,
Terriente,Teruel,44215,40.2973356,-1.5044307,198,186,6.5,14.5,,,,,
Pedralba de la Pradería,Zamora,49145,42.0245478,-6.6938232,198,332,-40.4,-32.2,,,,,
Laroya,Almería,04056,37.295916,-2.3319143,197,108,82.4,11.9,,,,,
Santa Cecília de Voltregà,Barcelona,08243,41.9930549,2.222325,197,199,-1.0,7.7,,,,,
"Llosses, Les",Girona,17096,42.1506279,2.1166718,197,269,-26.8,-7.5,,,,,
Poveda de las Cintas,Salamanca,37256,41.0463168,-5.2604557,197,364,-45.9,-18.6,,,,,
Cañizo,Zamora,49035,41.770215,-5.5011134,197,358,-45.0,-18.9,,,,,
Mezalocha,Zaragoza,50167,41.4263542,-1.0829597,197,318,-38.1,-22.4,,,,,
Gizaburuaga,Bizkaia,48047,43.331607,-2.5391336,196,136,44.1,-5.8,,,,,
Portezuelo,Cáceres,10151,39.8123965,-6.4741184,196,339,-42.2,-15.5,,,,,
"Mata de Morella, la",Castellón,12075,40.6164299,-0.2795332,196,208,-5.8,13.3,,,,,
Albaladejo del Cuende,Cuenca,16004,39.8076114,-2.2277885,196,412,-52.4,-29.0,,,,,
Adahuesca,Huesca,22003,42.1464133,-0.0078327,196,171,14.6,18.1,,,,,
Grávalos,La Rioja,26070,42.1083069,-2.0001963,196,288,-31.9,-2.5,,,,,
Ventosa,La Rioja,26163,42.4042098,-2.6263385,196,136,44.1,11.4,,,,,
Rágama,Salamanca,37265,40.9970072,-5.1274597,196,326,-39.9,-17.6,,,,,
Morón de Almazán,Soria,42123,41.414252,-2.4127325,196,293,-33.1,-8.0,,,,,
Benissuera,Valencia,46069,38.9127559,-0.477434,196,196,0.0,4.8,,,,,
Fréscano,Zaragoza,50111,41.8743176,-1.449546,196,261,-24.9,-2.5,,,,,
Tobed,Zaragoza,50255,41.3382869,-1.4006339,196,299,-34.4,-12.9,,,,,
Zalduondo,Álava,01061,42.88569,-2.347318,195,136,43.4,3.7,,,,,
Setcases,Girona,17192,42.375331,2.3016103,195,160,21.9,7.7,,,,,
Fortanete,Teruel,44106,40.5051134,-0.5208053,195,195,0.0,-4.4,,,,,
Santibáñez de Valcorba,Valladolid,47154,41.5707244,-4.4496599,195,235,-17.0,19.6,,,,,
Salares,Málaga,29085,36.8544153,-4.0241592,194,237,-18.1,7.2,,,,,
Adiós,Navarra,31007,42.6866956,-1.7359099,194,125,55.2,25.2,,,,,
Ucar,Navarra,31234,42.6758238,-1.7065464,194,114,70.2,10.9,,,,,
Villalba de Guardo,Palencia,34214,42.7217174,-4.8234443,194,238,-18.5,-2.0,,,,,
Cirueña,La Rioja,26050,42.4117511,-2.8955322,194,132,47.0,48.1,,,,,
Fresno Alhándiga,Salamanca,37134,40.7127047,-5.6164191,194,353,-45.0,-20.8,,,,,
"Milà, El",Tarragona,43083,41.2487485,1.2064295,194,156,24.4,9.0,,,,,
Murillo de Gállego,Zaragoza,50185,42.336323,-0.751534,194,139,39.6,15.5,,,,,
Bugedo,Burgos,09057,42.6495414,-3.0176193,193,104,85.6,7.8,,,,,
Conquista de la Sierra,Cáceres,10066,39.3509692,-5.7342844,193,204,-5.4,3.2,,,,,
Navalpino,Ciudad Real,13059,39.2256128,-4.5907981,193,331,-41.7,-17.2,,,,,
Altarejos,Cuenca,16019,39.912994,-2.3555362,193,344,-43.9,-14.6,,,,,
Torremocha del Campo,Guadalajara,19282,40.977763,-2.6187278,193,343,-43.7,-3.5,,,,,
Santa Cruz de la Serós,Huesca,22209,42.5239494,-0.6741522,193,162,19.1,3.8,,,,,
Foradada,Lleida,25094,41.876869,1.0131802,193,175,10.3,12.2,,,,,
Castromocho,Palencia,34053,42.0318269,-4.8234305,193,277,-30.3,-14.6,,,,,
Renedo de la Vega,Palencia,34147,42.4533309,-4.703369,193,294,-34.4,-4.0,,,,,
Castillejo de Martín Viejo,Salamanca,37096,40.7010553,-6.645907,193,356,-45.8,-15.0,,,,,
Sieteiglesias de Tormes,Salamanca,37310,40.7427699,-5.5763835,193,181,6.6,-5.4,,,,,
Tardáguila,Salamanca,37318,41.1142681,-5.5742762,193,271,-28.8,-12.7,,,,,
Navaridas,Álava,01041,42.5451728,-2.6247534,192,227,-15.4,-15.0,,,,,
Navalacruz,Ávila,05157,40.4398263,-4.9320303,192,344,-44.2,-23.5,,,,,
Oliola,Lleida,25150,41.8758085,1.1737519,192,196,-2.0,-12.7,,,,,
Vilanova de l'Aguda,Lleida,25249,41.9113134,1.2523535,192,296,-35.1,-9.9,,,,,
Mancera de Abajo,Salamanca,37179,40.8398631,-5.1989493,192,395,-51.4,-14.7,,,,,
San Muñoz,Salamanca,37289,40.7847654,-6.1265642,192,380,-49.5,-24.1,,,,,
Torresmenudas,Salamanca,37327,41.1023316,-5.7847217,192,245,-21.6,-2.0,,,,,
Villar de Gallimazo,Salamanca,37358,40.9536258,-5.2887111,192,234,-17.9,-5.0,,,,,
Zamayón,Salamanca,37379,41.1475754,-5.8300362,192,212,-9.4,-4.5,,,,,
Castroverde de Cerrato,Valladolid,47047,41.7564594,-4.2211944,192,279,-31.2,-15.4,,,,,
Bretocino,Zamora,49026,41.8847648,-5.7530596,192,334,-42.5,-19.3,,,,,
Mamblas,Ávila,05117,41.020283,-5.0110468,191,289,-33.9,-11.2,,,,,
"Valle de Altomira, El",Cuenca,16173,40.2250903,-2.7601642,191,383,-50.1,-17.7,,,,,
Orea,Guadalajara,19204,40.5568292,-1.7272588,191,276,-30.8,1.1,,,,,
San Millán de los Caballeros,León,24149,42.2853306,-5.5616006,191,201,-5.0,2.7,,,,,
Briñas,La Rioja,26033,42.6012036,-2.8307543,191,197,-3.0,-5.9,,,,,
Odón,Teruel,44168,40.8841326,-1.56773,191,271,-29.5,-15.1,,,,,
Villavaliente,Albacete,02083,39.1261764,-1.4578117,190,307,-38.1,-18.8,,,,,
Tamurejo,Badajoz,06130,38.991397,-4.9471756,190,286,-33.6,-17.4,,,,,
Segura de Toro,Cáceres,10174,40.223402,-5.9478238,190,225,-15.6,-0.5,,,,,
Puebla del Salvador,Cuenca,16174,39.5651403,-1.6747617,190,317,-40.1,-6.9,,,,,
Mohernando,Guadalajara,19189,40.8033391,-3.1759957,190,142,33.8,8.6,,,,,
Capdesaso,Huesca,22079,41.8425319,-0.1825408,190,194,-2.1,13.1,,,,,
Sant Guim de la Plana,Lleida,25197,41.7624821,1.3236047,190,206,-7.8,11.8,,,,,
Anaya de Alba,Salamanca,37029,40.7277827,-5.4923608,190,338,-43.8,-14.4,,,,,
Fuenllana,Ciudad Real,13043,38.7559532,-2.9583867,189,337,-43.9,-25.3,,,,,
San Lorenzo de Calatrava,Ciudad Real,13075,38.4767039,-3.8249484,189,324,-41.7,-13.7,,,,,
Ituero de Azaba,Salamanca,37166,40.4849112,-6.6932156,189,312,-39.4,-19.6,,,,,
Losacino,Zamora,49098,41.6801775,-6.0804218,189,379,-50.1,-17.8,,,,,
Riofrío,Ávila,05195,40.5477099,-4.778026,188,358,-47.5,-16.1,,,,,
Olmedillo de Roa,Burgos,09235,41.7836695,-3.9340194,188,241,-22.0,-2.6,,,,,
Valdehúncar,Cáceres,10199,39.8366234,-5.5229962,188,180,4.4,3.3,,,,,
Barracas,Castellón,12020,40.0162238,-0.6975982,188,171,9.9,5.0,,,,,
Siurana,Girona,17052,42.2095097,2.9940216,188,153,22.9,21.3,,,,,
Biscarrués,Huesca,22063,42.2270257,-0.7508868,188,249,-24.5,-3.6,,,,,
Azofra,La Rioja,26022,42.4234645,-2.8014132,188,365,-48.5,-6.0,,,,,
Santa Engracia del Jubera,La Rioja,26135,42.3149914,-2.3061724,188,232,-19.0,11.2,,,,,
Cantaracillo,Salamanca,37083,40.9034493,-5.1635137,188,301,-37.5,-7.8,,,,,
Torrecilla del Pinar,Segovia,40204,41.3742525,-4.0382663,188,345,-45.5,-13.0,,,,,
"Ginebrosa, La",Teruel,44118,40.870269,-0.134069,188,275,-31.6,-5.5,,,,,
Nogueruelas,Teruel,44165,40.2377581,-0.6361851,188,224,-16.1,-12.1,,,,,
Pozoantiguo,Zamora,49163,41.5981471,-5.4338766,188,392,-52.0,-22.3,,,,,
Castejón de Valdejasa,Zaragoza,50077,41.9823399,-0.9942228,188,351,-46.4,-16.8,,,,,
Valle de Valdelaguna,Burgos,09414,42.1141948,-3.1472809,187,258,-27.5,-6.0,,,,,
Palomera,Cuenca,16149,40.067254,-2.0482866,187,172,8.7,12.0,,,,,
Málaga del Fresno,Guadalajara,19166,40.7892213,-3.2470091,187,223,-16.1,5.1,,,,,
"Omellons, Els",Lleida,25153,41.502237,0.9618227,187,271,-31.0,-13.8,,,,,
"Vansa i Fórnols, La",Lleida,25909,42.2326197,1.4805477,187,174,7.5,-6.5,,,,,
Burgui/Burgi,Navarra,31059,42.7200258,-1.0024325,187,253,-26.1,-13.4,,,,,
Santoyo,Palencia,34174,42.2149995,-4.3431765,187,298,-37.2,-14.2,,,,,
Narros de Matalayegua,Salamanca,37211,40.6990633,-5.9268707,187,320,-41.6,-21.4,,,,,
Valdelacasa,Salamanca,37333,40.5059938,-5.7640448,187,372,-49.7,-22.7,,,,,
Rapariegos,Segovia,40164,41.0937349,-4.6528769,187,289,-35.3,-5.1,,,,,
Torres de Albarracín,Teruel,44229,40.4275546,-1.5315671,187,162,15.4,4.5,,,,,
Valbona,Teruel,44240,40.2284734,-0.8112301,187,195,-4.1,0.5,,,,,
Olmos de Esgueva,Valladolid,47105,41.6878294,-4.5225045,187,184,1.6,-11.4,,,,,
Valdenebro de los Valles,Valladolid,47181,41.8560793,-4.9691952,187,259,-27.8,-9.2,,,,,
Salvatierra de Esca,Zaragoza,50232,42.6682462,-1.0052791,187,291,-35.7,-10.1,,,,,
Torrijo de la Cañada,Zaragoza,50263,41.4732127,-1.8770255,187,426,-56.1,-19.0,,,,,
Cayuela,Burgos,09093,42.2730934,-3.8203405,186,126,47.6,6.9,,,,,
Escariche,Guadalajara,19111,40.4083857,-3.0562623,186,220,-15.5,5.7,,,,,
Ciutadilla,Lleida,25074,41.5613952,1.1393955,186,218,-14.7,-8.8,,,,,
Lladurs,Lleida,25124,42.044734,1.508155,186,238,-21.8,-0.5,,,,,
Orbaizeta,Navarra,31195,42.9743136,-1.2301437,186,243,-23.5,-9.3,,,,,
Loma de Ucieza,Palencia,34903,42.4428104,-4.5788431,186,364,-48.9,-17.7,,,,,
Bóveda del Río Almar,Salamanca,37057,40.8574402,-5.2103225,186,313,-40.6,-24.1,,,,,
Garcibuey,Salamanca,37147,40.5160656,-5.9922747,186,303,-38.6,-5.1,,,,,
Montejo,Salamanca,37200,40.6329037,-5.6224313,186,241,-22.8,-10.1,,,,,
Alba,Teruel,44007,40.6178613,-1.3451178,186,294,-36.7,-5.1,,,,,
Torralba de Oropesa,Toledo,45169,39.9340436,-5.1536888,186,294,-36.7,-13.5,,,,,
Arrabalde,Zamora,49015,42.1078663,-5.8935312,186,426,-56.3,-24.7,,,,,
Pinilla de Toro,Zamora,49156,41.6284442,-5.3621456,186,423,-56.0,-24.7,,,,,
Vilamaniscle,Girona,17227,42.3743918,3.067464,185,128,44.5,-8.4,,,,,
Alhóndiga,Guadalajara,19018,40.5269101,-2.8240798,185,256,-27.7,7.6,,,,,
Biosca,Lleida,25055,41.8419229,1.3579097,185,265,-30.2,-1.1,,,,,
Piña de Campos,Palencia,34130,42.2134722,-4.4362894,185,317,-41.6,-18.9,,,,,
Carrascal del Obispo,Salamanca,37088,40.7635857,-5.9981445,185,271,-31.7,-16.7,,,,,
Robliza de Cojos,Salamanca,37270,40.8673278,-5.9772044,185,194,-4.6,-11.5,,,,,
Juarros de Voltoya,Segovia,40106,41.030737,-4.5197726,185,288,-35.8,-21.3,,,,,
Alcoleja,Alicante,03008,38.6755861,-0.3311342,184,294,-37.4,-5.2,,,,,
Botija,Cáceres,10031,39.3442751,-6.074113,184,190,-3.2,-0.5,,,,,
"Hinojosa, La",Cuenca,16099,39.7283084,-2.4151193,184,364,-49.5,-12.8,,,,,
Tinajas,Cuenca,16206,40.3258732,-2.5812709,184,380,-51.6,-11.1,,,,,
Azanuy-Alins,Huesca,22040,41.973013,0.3112774,184,204,-9.8,9.5,,,,,
Poleñino,Huesca,22184,41.8697083,-0.311029,184,253,-27.3,-12.0,,,,,
Salas Bajas,Huesca,22202,42.1021031,0.0840063,184,180,2.2,8.9,,,,,
Aldea en Cabo,Toledo,45008,40.1845515,-4.4573374,184,193,-4.7,7.0,,,,,
Sotillo de las Palomas,Toledo,45164,40.1040839,-4.8282918,184,218,-15.6,-9.8,,,,,
Muelas de los Caballeros,Zamora,49134,42.1299928,-6.3353407,184,244,-24.6,-2.1,,,,,
Carbajo,Cáceres,10046,39.603114,-7.1944265,183,310,-41.0,-15.7,,,,,
Ilche,Huesca,22128,41.9571188,0.056724,183,294,-37.8,-13.3,,,,,
Piñuécar-Gandullas,Madrid,28114,41.0330624,-3.5993674,183,160,14.4,-1.1,,,,,
Garralda,Navarra,31115,42.9472388,-1.2881182,183,227,-19.4,1.1,,,,,
Belmonte de Gracián,Zaragoza,50046,41.3128783,-1.5377408,183,310,-41.0,-13.3,,,,,
Navalonguilla,Ávila,05159,40.2785512,-5.500736,182,469,-61.2,-28.9,,,,,
Villar del Humo,Cuenca,16258,39.8717006,-1.6272847,182,502,-63.7,-16.5,,,,,
Garrigoles,Girona,17076,42.1071682,3.030074,182,149,22.1,11.7,,,,,
Torrent,Girona,17197,41.9515047,3.1267566,182,176,3.4,11.7,13.48,10.0,19.6,1078.0,28
Valdefuentes de Sangusín,Salamanca,37331,40.4663875,-5.8326427,182,344,-47.1,-20.5,,,,,
Pradell de la Teixeta,Tarragona,43115,41.1566981,0.8759861,182,232,-21.6,4.6,,,,,
Hornillos de Eresma,Valladolid,47074,41.3667221,-4.7179864,182,153,19.0,7.1,,,,,
Olmillos de Castro,Zamora,49138,41.7319475,-5.9675632,182,451,-59.6,-26.6,,,,,
Montmaneu,Barcelona,08133,41.6259778,1.4147627,181,217,-16.6,19.9,,,,,
Ares del Maestrat,Castellón,12014,40.4565353,-0.1319619,181,281,-35.6,-10.4,,,,,
Viñuelas,Guadalajara,19325,40.7938811,-3.344096,181,123,47.2,26.6,,,,,
Acebedo,León,24001,43.0391854,-5.1159697,181,305,-40.7,-15.8,,,,,
Bidaurreta,Navarra,31253,42.7753457,-1.8350395,181,101,79.2,9.0,,,,,
Prádanos de Ojeda,Palencia,34139,42.6804098,-4.3470193,181,266,-32.0,-5.2,,,,,
Arens de Lledó,Teruel,44027,40.9924212,0.2708073,181,243,-25.5,-14.6,,,,,
Santa Gadea del Cid,Burgos,09347,42.7150547,-3.0590421,180,198,-9.1,20.0,,,,,
Guijo de Coria,Cáceres,10088,40.1009322,-6.4635843,180,310,-41.9,-15.9,,,,,
"Pueyo de Araguás, El",Huesca,22190,42.4412864,0.1617435,180,184,-2.2,15.4,,,,,
Villaselán,León,24226,42.5610408,-5.0475167,180,348,-48.3,-13.9,,,,,
Montoliu de Segarra,Lleida,25141,41.5900878,1.2698212,180,208,-13.5,-4.3,,,,,
Romanzado/Erromantzatua,Navarra,31209,42.675519,-1.239478,180,161,11.8,-2.2,,,,,
Segart,Valencia,46224,39.6833431,-0.3744773,180,181,-0.6,13.2,,,,,
Coomonte,Zamora,49052,42.1162872,-5.8126344,180,364,-50.5,-10.9,,,,,
Calonge de Segarra,Barcelona,08036,41.7403716,1.493762,179,185,-3.2,-6.3,,,,,
Santa Maria de Merlès,Barcelona,08255,42.0007572,1.9778885,179,183,-2.2,0.6,,,,,
"Barrios de Bureba, Los",Burgos,09043,42.6460668,-3.3908033,179,280,-36.1,-13.5,,,,,
Villasandino,Burgos,09460,42.3714082,-4.1097601,179,275,-34.9,-5.3,,,,,
Labuerda,Huesca,22133,42.4501452,0.1349438,179,180,-0.6,13.3,,,,,
Bercianos del Real Camino,León,24018,42.3876814,-5.1451977,179,242,-26.0,-8.7,,,,,
Jaurrieta,Navarra,31134,42.8871323,-1.1361277,179,268,-33.2,-8.7,,,,,
Arcones,Segovia,40020,41.117941,-3.7236088,179,260,-31.2,-2.2,,,,,
Almajano,Soria,42017,41.8512764,-2.3384374,179,196,-8.7,-1.1,,,,,
Cuenca de Campos,Valladolid,47058,42.0585105,-5.0547427,179,306,-41.5,-21.5,,,,,
Viver i Serrateix,Barcelona,08308,41.9459941,1.7765103,178,191,-6.8,9.9,,,,,
Atapuerca,Burgos,09029,42.3768153,-3.5073517,178,202,-11.9,-4.8,,,,,
Castellfort,Castellón,12038,40.5022457,-0.1910962,178,245,-27.3,-13.2,,,,,
Cástaras,Granada,18044,36.9313744,-3.2538159,178,328,-45.7,-27.0,,,,,
Larrodrigo,Salamanca,37169,40.7366281,-5.4491021,178,332,-46.4,-6.3,,,,,
"Sahugo, El",Salamanca,37303,40.4144679,-6.5418679,178,307,-42.0,-9.2,,,,,
Nuño Gómez,Toledo,45120,40.1149907,-4.6180673,178,178,0.0,24.5,,,,,
Lagrán,Álava,01030,42.6255515,-2.5836433,177,190,-6.8,5.4,,,,,
Sant Pere Sallavinera,Barcelona,08189,41.7365708,1.5745225,177,167,6.0,12.0,,,,,
"Altos, Los",Burgos,09014,42.8078506,-3.6328712,177,245,-27.8,-12.4,,,,,
Ladrillar,Cáceres,10108,40.4661349,-6.2252876,177,384,-53.9,-18.4,,,,,
"Torre d'en Doménec, la",Castellón,12120,40.2634555,0.0703687,177,260,-31.9,-16.5,,,,,
Bisaurri,Huesca,22062,42.4965763,0.5066156,177,223,-20.6,-4.3,,,,,
"Vilosell, El",Lleida,25253,41.3828759,0.9467814,177,201,-11.9,-4.3,,,,,
Uterga,Navarra,31246,42.7102068,-1.7596807,177,141,25.5,8.6,,,,,
Castrillo de Don Juan,Palencia,34050,41.7921651,-4.0702134,177,363,-51.2,-24.7,,,,,
Villamediana,Palencia,34221,42.0501652,-4.3612173,177,249,-28.9,-3.3,,,,,
Colmenar de Montemayor,Salamanca,37109,40.3992434,-5.956276,177,289,-38.8,-8.3,,,,,
"Orbada, La",Salamanca,37224,41.1027908,-5.4830243,177,298,-40.6,-21.0,,,,,
Cubo de la Solana,Soria,42071,41.6024919,-2.4208326,177,280,-36.8,-3.8,,,,,
Mecerreyes,Burgos,09208,42.0955345,-3.5741907,176,319,-44.8,-24.8,,,,,
Ayódar,Castellón,12017,39.9985635,-0.3744545,176,221,-20.4,2.3,,,,,
Aldehuela de Yeltes,Salamanca,37026,40.6625539,-6.243397,176,355,-50.4,-15.4,,,,,
Juzbado,Salamanca,37167,41.0775544,-5.8609827,176,181,-2.8,1.1,,,,,
Vinaceite,Teruel,44265,41.2660396,-0.5793052,176,306,-42.5,-32.8,,,,,
Benagéber,Valencia,46050,39.7072913,-1.1005101,176,156,12.8,-15.0,,,,,
Encinacorba,Zaragoza,50098,41.284532,-1.275358,176,347,-49.3,-14.1,,,,,
Tosos,Zaragoza,50264,41.3157856,-1.0715739,176,211,-16.6,-9.7,,,,,
Olula de Castro,Almería,04068,37.1751883,-2.4750407,175,197,-11.2,-9.8,,,,,
Orpí,Barcelona,08152,41.5185604,1.5755145,175,149,17.4,25.9,,,,,
Campillo de Aranda,Burgos,09065,41.6107659,-3.7305204,175,200,-12.5,1.2,,,,,
Blecua y Torres,Huesca,22064,42.0574967,-0.1878852,175,187,-6.4,-13.4,,,,,
Urroz,Navarra,31244,43.1001519,-1.7073351,175,216,-19.0,-6.9,,,,,
Cevico Navero,Palencia,34058,41.8618652,-4.184837,175,310,-43.5,-13.4,,,,,
Saelices el Chico,Salamanca,37272,40.6696789,-6.6333393,175,204,-14.2,15.1,,,,,
Tornos,Teruel,44219,40.9625217,-1.4333116,175,271,-35.4,-23.2,,,,,
Monreal de Ariza,Zaragoza,50172,41.2915452,-2.1052574,175,324,-46.0,-18.2,,,,,
Benasau,Alicante,03022,38.6903361,-0.3433038,174,210,-17.1,10.1,,,,,
Kripan,Álava,01019,42.5919931,-2.5153878,174,200,-13.0,-6.5,,,,,
Barromán,Ávila,05023,41.0655459,-4.9314522,174,265,-34.3,-5.4,,,,,
Zarzuela,Cuenca,16280,40.2560862,-2.1289674,174,300,-42.0,-14.7,,,,,
Corbillos de los Oteros,León,24058,42.4077051,-5.4595325,174,318,-45.3,-19.1,,,,,
Bellmunt d'Urgell,Lleida,25049,41.7741855,0.9519865,174,233,-25.3,-7.4,,,,,
Granyena de les Garrigues,Lleida,25105,41.4329666,0.6491956,174,179,-2.8,10.1,,,,,
Vilamòs,Lleida,25247,42.7471748,0.7277956,174,148,17.6,15.2,,,,,
Mont-ral,Tarragona,43091,41.2871207,1.0980821,174,145,20.0,4.8,,,,,
Prat de Comte,Tarragona,43117,40.9829428,0.4057612,174,202,-13.9,-1.7,,,,,
Carbellino,Zamora,49037,41.2318061,-6.1471131,174,285,-38.9,-14.7,,,,,
Gotarrendura,Ávila,05087,40.8264524,-4.7409463,173,190,-8.9,6.8,,,,,
Alarcón,Cuenca,16003,39.5462409,-2.0867234,173,215,-19.5,16.9,,,,,
Arama,Gipuzkoa,20012,43.0634673,-2.1655819,173,158,9.5,-16.0,,,,,
Pitiegua,Salamanca,37254,41.0626777,-5.466176,173,271,-36.2,-11.7,,,,,
"Huertos, Los",Segovia,40103,41.0102912,-4.2194637,173,169,2.4,-5.5,,,,,
Pino del Oro,Zamora,49157,41.5767473,-6.1212504,173,245,-29.4,-19.5,,,,,
Litago,Zaragoza,50140,41.8140573,-1.7538112,173,183,-5.5,1.2,,,,,
Gaià,Barcelona,08090,41.9160989,1.9255287,172,160,7.5,7.5,,,,,
Hontoria de la Cantera,Burgos,09162,42.1891184,-3.6425771,172,127,35.4,8.9,,,,,
Pinarejo,Cuenca,16159,39.6161178,-2.4258982,172,490,-64.9,-27.7,,,,,
Peñalver,Guadalajara,19215,40.5814358,-2.8897168,172,237,-27.4,-3.4,,,,,
Irañeta,Navarra,31127,42.9233048,-1.9455388,172,161,6.8,-2.3,,,,,
Bergasa,La Rioja,26028,42.2522016,-2.13194,172,195,-11.8,15.4,,,,,
Retortillo,Salamanca,37267,40.8017143,-6.3597667,172,275,-37.5,-20.4,,,,,
Villanueva del Conde,Salamanca,37355,40.5104644,-6.0112729,172,264,-34.8,-2.8,,,,,
Duruelo,Segovia,40070,41.2359633,-3.6481057,172,155,11.0,1.2,,,,,
Escobar de Polendos,Segovia,40075,41.0908033,-4.1311447,172,228,-24.6,-5.0,,,,,
Ejulve,Teruel,44096,40.7756197,-0.554384,172,236,-27.1,-9.0,,,,,
Ceinos de Campos,Valladolid,47048,42.0321225,-5.1501864,172,271,-36.5,-27.4,,,,,
"Maderal, El",Zamora,49102,41.2820235,-5.6230533,172,307,-44.0,-16.5,,,,,
Pueblica de Valverde,Zamora,49167,41.9193398,-5.8980245,172,364,-52.7,-19.6,,,,,
San Vicente de Arévalo,Ávila,05231,40.9677961,-4.8009144,171,233,-26.6,-7.6,,,,,
Gallifa,Barcelona,08087,41.6937007,2.1164334,171,150,14.0,-8.6,,,,,
Monasterio de Rodilla,Burgos,09224,42.4580177,-3.4675464,171,217,-21.2,-3.4,,,,,
Zucaina,Castellón,12142,40.1319864,-0.4189382,171,223,-23.3,-10.0,,,,,
Alcázar del Rey,Cuenca,16010,40.0624404,-2.8073809,171,279,-38.7,7.5,,,,,
Gaztelu,Gipuzkoa,20907,43.1164447,-2.0228291,171,144,18.8,6.9,,,,,
Fontanilles,Girona,17070,42.0111362,3.1065584,171,119,43.7,22.1,,,,,
Villanova,Huesca,22249,42.5474264,0.4620245,171,113,51.3,5.6,,,,,
Hornillos de Cerrato,Palencia,34087,41.9880783,-4.2724488,171,148,15.5,24.8,,,,,
Casillas de Flores,Salamanca,37091,40.3831083,-6.7534567,171,297,-42.4,-6.6,,,,,
Peñarandilla,Salamanca,37247,40.8834297,-5.3931811,171,289,-40.8,-18.6,,,,,
Sotillo del Rincón,Soria,42174,41.9319173,-2.602745,171,214,-20.1,-9.0,,,,,
Castrejón de Trabancos,Valladolid,47037,41.2528961,-5.1709387,171,277,-38.3,-5.5,,,,,
Albornos,Ávila,05005,40.8382012,-4.8819226,170,276,-38.4,-17.5,,,,,
Ciriza/Ziritza,Navarra,31075,42.7918412,-1.8241361,170,52,226.9,24.1,,,,,
Lazagurría,Navarra,31145,42.4934802,-2.2418386,170,245,-30.6,-16.7,,,,,
Villamartín de Campos,Palencia,34220,42.0163797,-4.6630388,170,171,-0.6,-3.4,,,,,
Villarrabé,Palencia,34231,42.4206517,-4.7840853,170,289,-41.2,-19.4,,,,,
Mieza,Salamanca,37190,41.1629627,-6.6902782,170,379,-55.1,-24.8,,,,,
Sobradillo,Salamanca,37311,40.9175505,-6.7988431,170,403,-57.8,-29.8,,,,,
Castilruiz,Soria,42057,41.8769149,-2.059299,170,356,-52.2,-5.6,,,,,
Bercero,Valladolid,47017,41.5636007,-5.0556926,170,295,-42.4,-20.9,,,,,
Tierga,Zaragoza,50254,41.6063247,-1.6064486,170,265,-35.8,-13.7,,,,,
Cóbdar,Almería,04034,37.2615745,-2.2100178,169,274,-38.3,0.0,,,,,
Blascomillán,Ávila,05033,40.8012049,-5.0870279,169,317,-46.7,-15.9,,,,,
Santa Cruz de Pinares,Ávila,05222,40.5420093,-4.5789276,169,219,-22.8,15.0,,,,,
Peral de Arlanza,Burgos,09262,42.0760549,-4.0771698,169,279,-39.4,1.8,,,,,
Royuela de Río Franco,Burgos,09325,41.9989528,-3.9582255,169,354,-52.3,-17.6,,,,,
Puebla de Arenoso,Castellón,12092,40.1048933,-0.5927755,169,178,-5.1,18.2,,,,,
Fresno del Río,Palencia,34073,42.6820747,-4.8173368,169,204,-17.2,-12.9,,,,,
Monteagudo de las Vicarías,Soria,42119,41.3649336,-2.1676842,169,326,-48.2,-20.3,,,,,
Fombellida,Valladolid,47062,41.7673325,-4.1855457,169,301,-43.9,-5.6,,,,,
Rábano,Valladolid,47131,41.5330207,-4.0614104,169,256,-34.0,-9.6,,,,,
Santa Eufemia del Barco,Zamora,49202,41.6771943,-5.8984013,169,307,-45.0,-10.6,,,,,
Carenas,Zaragoza,50072,41.2777659,-1.7974802,169,251,-32.7,-1.7,,,,,
Veciana,Barcelona,08297,41.6559029,1.4885194,168,173,-2.9,-2.9,,,,,
Benafer,Castellón,12024,39.9349547,-0.577643,168,153,9.8,2.4,,,,,
Pardines,Girona,17125,42.312731,2.2139864,168,139,20.9,6.3,,,,,
Atajate,Málaga,29021,36.6399535,-5.2450791,168,177,-5.1,-1.8,,,,,
Ujué/Uxue,Navarra,31235,42.5061582,-1.499409,168,254,-33.9,-5.6,,,,,
Niharra,Ávila,05172,40.5893491,-4.8393483,167,204,-18.1,-6.2,,,,,
Ubide,Bizkaia,48088,43.0238874,-2.6890044,167,161,3.7,-6.2,,,,,
Moradillo de Roa,Burgos,09228,41.5518807,-3.7917008,167,234,-28.6,-11.2,,,,,
Casas de Don Antonio,Cáceres,10052,39.2363894,-6.2908476,167,239,-30.1,-15.7,,,,,
Vidrà,Girona,17212,42.1228239,2.3106778,167,172,-2.9,-5.1,,,,,
Arguis,Huesca,22037,42.314765,-0.4389495,167,59,183.1,36.9,,,,,
Azara,Huesca,22041,42.069156,-0.0311466,167,231,-27.7,-10.7,,,,,
Sesa,Huesca,22220,41.9962961,-0.2442967,167,281,-40.6,-7.2,,,,,
Valdesamario,León,24184,42.721377,-5.9518021,167,314,-46.8,-21.6,,,,,
"Oluges, Les",Lleida,25152,41.6967254,1.3200824,167,195,-14.4,9.9,,,,,
Castrillo de Villavega,Palencia,34052,42.4549561,-4.480791,167,329,-49.2,-13.0,,,,,
Quintanilla de Onsoña,Palencia,34143,42.4694116,-4.6642034,167,272,-38.6,-9.7,,,,,
Enciso,La Rioja,26058,42.1485352,-2.2687211,167,188,-11.2,-6.2,,,,,
Tirgo,La Rioja,26148,42.5463903,-2.9483216,167,282,-40.8,-16.9,,,,,
"Mudarra, La",Valladolid,47099,41.7793945,-4.9440331,167,265,-37.0,4.4,,,,,
Bercial de Zapardiel,Ávila,05026,41.04678,-4.9688375,166,322,-48.4,-21.3,,,,,
Castellar de n'Hug,Barcelona,08052,42.2826009,2.0165927,166,172,-3.5,5.7,,,,,
Anguix,Burgos,09017,41.7536922,-3.9324525,166,162,2.5,21.2,,,,,
Pozorrubielos de la Mancha,Cuenca,16908,39.446119,-2.0384284,166,299,-44.5,-18.6,,,,,
Olmos de Ojeda,Palencia,34114,42.7223042,-4.4247325,166,365,-54.5,-18.2,,,,,
Soto de Cerrato,Palencia,34177,41.9530164,-4.4301671,166,243,-31.7,-14.0,,,,,
Palomar de Arroyos,Teruel,44176,40.7796665,-0.7502131,166,274,-39.4,-4.6,,,,,
Marrupe,Toledo,45093,40.0901761,-4.7942637,166,122,36.1,1.8,,,,,
Biel,Zaragoza,50901,42.3868638,-0.9357054,166,204,-18.6,16.1,,,,,
Altzaga,Gipuzkoa,20906,43.0645573,-2.1543131,165,95,73.7,-3.5,,,,,
Cervera de Buitrago,Madrid,28039,40.9211319,-3.5293404,165,97,70.1,5.1,,,,,
Arellano,Navarra,31030,42.6052502,-2.047318,165,205,-19.5,1.2,,,,,
Abia de las Torres,Palencia,34003,42.4196917,-4.4226995,165,233,-29.2,-8.8,,,,,
Torre Val de San Pedro,Segovia,40206,41.0732715,-3.8705605,165,204,-19.1,-13.2,,,,,
Renau,Tarragona,43122,41.2249813,1.3113308,165,54,205.6,11.5,,,,,
Rugat,Valencia,46219,38.8792847,-0.36232,165,199,-17.1,-7.8,,,,,
Piñel de Abajo,Valladolid,47118,41.6748572,-4.147671,165,235,-29.8,-11.3,,,,,
Villadepera,Zamora,49240,41.5484196,-6.131714,165,295,-44.1,-25.3,,,,,
Santa Maria de Besora,Barcelona,08253,42.1272818,2.2589189,164,166,-1.2,10.8,,,,,
Tubilla del Lago,Burgos,09396,41.8017679,-3.5866896,164,221,-25.8,4.5,,,,,
San Miguel de Aguayo,Cantabria,39070,43.0561119,-4.0237999,164,159,3.1,2.5,,,,,
"Torre d'en Besora, la",Castellón,12119,40.3265593,-0.0794068,164,227,-27.8,-1.2,,,,,
Sales de Llierca,Girona,17154,42.2358533,2.6499657,164,66,148.5,19.7,,,,,
Vilaür,Girona,17222,42.1437984,2.9550356,164,117,40.2,5.1,,,,,
Castillazuelo,Huesca,22088,42.068633,0.0647387,164,239,-31.4,-6.8,,,,,
Tarroja de Segarra,Lleida,25219,41.7308605,1.2742092,164,200,-18.0,-9.9,,,,,
Unzué/Untzue,Navarra,31238,42.6515162,-1.626276,164,132,24.2,27.1,,,,,
Espinosa de Villagonzalo,Palencia,34071,42.4797222,-4.3719843,164,290,-43.4,-15.9,,,,,
Palazuelo de Vedija,Valladolid,47109,41.9296483,-5.1449792,164,235,-30.2,-21.2,,,,,
Otero de Bodas,Zamora,49139,41.9379897,-6.1505683,164,291,-43.6,-7.9,,,,,
San Martín de la Vega del Alberche,Ávila,05215,40.4302807,-5.1557918,163,324,-49.7,-7.9,,,,,
"Nou de Berguedà, La",Barcelona,08142,42.1666467,1.8850367,163,155,5.2,7.9,,,,,
San Juan del Monte,Burgos,09337,41.6834075,-3.5220473,163,167,-2.4,19.9,,,,,
Campelles,Girona,17037,42.2946353,2.1405635,163,127,28.3,19.0,,,,,
Sant Mori,Girona,17176,42.1559696,2.9896074,163,142,14.8,-7.4,,,,,
Villel de Mesa,Guadalajara,19324,41.1257257,-1.989641,163,271,-39.9,-17.7,,,,,
Foradada del Toscar,Huesca,22111,42.4099476,0.350978,163,260,-37.3,-10.9,,,,,
"Cogul, El",Lleida,25076,41.4670206,0.6894153,163,230,-29.1,-6.3,,,,,
Navarredonda y San Mamés,Madrid,28097,40.9910447,-3.7263196,163,99,64.6,23.5,,,,,
Frades de la Sierra,Salamanca,37131,40.6577295,-5.7837246,163,299,-45.5,-21.6,,,,,
"Maya, La",Salamanca,37188,40.6864019,-5.6125238,163,272,-40.1,-14.2,,,,,
Bretó,Zamora,49025,41.8804451,-5.7377192,163,267,-39.0,-10.4,,,,,
San Agustín del Pozo,Zamora,49185,41.8856651,-5.5934648,163,223,-26.9,-13.3,,,,,
Trefacio,Zamora,49224,42.1213923,-6.6516048,163,258,-36.8,-12.4,,,,,
Villafeliche,Zaragoza,50284,41.1957463,-1.5105698,163,241,-32.4,-11.4,,,,,
Benifato,Alicante,03033,38.6733441,-0.2293991,162,140,15.7,2.5,,,,,
Ludiente,Castellón,12073,40.0868846,-0.3717111,162,235,-31.1,-4.7,,,,,
Abizanda,Huesca,22002,42.2427303,0.1975837,162,136,19.1,14.1,,,,,
"Pont de Bar, El",Lleida,25030,42.3586107,1.6393613,162,142,14.1,-1.8,,,,,
Pino del Río,Palencia,34129,42.644198,-4.807965,162,269,-39.8,-14.3,,,,,
Vertavillo,Palencia,34201,41.8327417,-4.3269532,162,259,-37.5,-20.2,,,,,
Peralejos de Abajo,Salamanca,37248,41.0042658,-6.3620466,162,214,-24.3,-1.8,,,,,
Fresneda de Cuéllar,Segovia,40078,41.319067,-4.4486539,162,260,-37.7,-8.0,,,,,
Deza,Soria,42076,41.4634042,-2.0220915,162,393,-58.8,-32.2,,,,,
Molinos de Duero,Soria,42117,41.8853684,-2.7878102,162,200,-19.0,-5.3,,,,,
Bufali,Valencia,46075,38.8685814,-0.5169155,162,220,-26.4,-3.6,,,,,
Torrescárcela,Valladolid,47172,41.4848875,-4.3189577,162,182,-11.0,0.6,,,,,
Villaveza del Agua,Zamora,49271,41.9189889,-5.678884,162,277,-41.5,-22.5,,,,,
Mainar,Zaragoza,50154,41.1925768,-1.3027612,162,194,-16.5,10.2,,,,,
Santiago del Collado,Ávila,05228,40.4335719,-5.3564924,161,304,-47.0,-10.1,,,,,
Sant Andreu Salou,Girona,17157,41.8732667,2.8254449,161,146,10.3,3.9,,,,,
Estaràs,Lleida,25085,41.6918538,1.3782786,161,165,-2.4,-1.2,,,,,
Pelarrodríguez,Salamanca,37241,40.887749,-6.211184,161,211,-23.7,-2.4,,,,,
San Cristóbal de Cuéllar,Segovia,40177,41.4057374,-4.4044175,161,251,-35.9,0.6,,,,,
Torrevelilla,Teruel,44230,40.9025642,-0.108967,161,207,-22.2,-20.7,,,,,
Vallés,Valencia,46253,38.9858253,-0.5562883,161,103,56.3,0.0,,,,,
Melgar de Arriba,Valladolid,47089,42.2679286,-5.0948712,161,322,-50.0,-9.0,,,,,
Quintanilla de Arriba,Valladolid,47127,41.6197055,-4.2182197,161,240,-32.9,5.2,,,,,
Mara,Zaragoza,50162,41.2889762,-1.5180596,161,214,-24.8,-15.7,,,,,
Madrigalejo del Monte,Burgos,09197,42.1244801,-3.7248736,160,175,-8.6,-7.0,,,,,
Valle de Oca,Burgos,09411,42.4365497,-3.3207916,160,221,-27.6,2.6,,,,,
Clariana de Cardener,Lleida,25075,41.9337762,1.6255629,160,148,8.1,13.5,,,,,
Senterada,Lleida,25202,42.3249257,0.9366155,160,117,36.8,20.3,,,,,
Poza de la Vega,Palencia,34136,42.5778096,-4.7973318,160,290,-44.8,-25.6,,,,,
Villalcázar de Sirga,Palencia,34215,42.3167118,-4.541803,160,245,-34.7,-7.0,,,,,
Espeja de San Marcelino,Soria,42080,41.8028144,-3.2218652,160,279,-42.7,-8.0,,,,,
Villarroya de los Pinares,Teruel,44262,40.5302594,-0.6682932,160,214,-25.2,0.0,,,,,
Aielo de Rugat,Valencia,46043,38.8820575,-0.3442639,160,196,-18.4,-4.8,,,,,
"Vall d'Alcalà, la",Alicante,03134,38.794068,-0.2527129,159,186,-14.5,-7.0,,,,,
Castrillo de la Reina,Burgos,09084,41.9864699,-3.2363146,159,311,-48.9,-21.3,,,,,
Huérmeces,Burgos,09172,42.5226323,-3.7712031,159,159,0.0,17.8,,,,,
Castell de Mur,Lleida,25904,42.0927528,0.8773988,159,157,1.3,-9.1,,,,,
"Floresta, La",Lleida,25092,41.5103082,0.9195489,159,177,-10.2,2.6,,,,,
Tulebras,Navarra,31233,41.9772744,-1.6767605,159,102,55.9,26.2,,,,,
Trabanca,Salamanca,37328,41.2328785,-6.3837424,159,261,-39.1,-27.7,,,,,
Villarluengo,Teruel,44260,40.6487546,-0.5293047,159,205,-22.4,-9.7,,,,,
Castellonet de la Conquesta,Valencia,46091,38.9154896,-0.2630171,159,144,10.4,12.8,,,,,
Centenera,Guadalajara,19082,40.6525754,-3.0541528,158,75,110.7,56.4,,,,,
Camprovín,La Rioja,26037,42.3537041,-2.7228556,158,239,-33.9,1.9,,,,,
Cristóbal,Salamanca,37112,40.4692924,-5.8898816,158,259,-39.0,-7.1,,,,,
Villasbuenas,Salamanca,37367,41.0626265,-6.5973185,158,331,-52.3,-24.0,,,,,
Montejo de Arévalo,Segovia,40129,41.1404245,-4.6650411,158,308,-48.7,-16.8,,,,,
Villar del Cobo,Teruel,44257,40.3950117,-1.6730231,158,235,-32.8,-16.0,,,,,
Casas Bajas,Valencia,46088,40.0237302,-1.2604112,158,316,-50.0,-11.7,,,,,
Samir de los Caños,Zamora,49184,41.6735174,-6.1637332,158,262,-39.7,-13.2,,,,,
Arandilla,Burgos,09019,41.7376945,-3.4297936,157,198,-20.7,-6.0,,,,,
Villamayor de los Montes,Burgos,09443,42.1059603,-3.76587,157,268,-41.4,-19.9,,,,,
Toril,Cáceres,10182,39.8973513,-5.7805381,157,213,-26.3,-7.1,,,,,
Valdemanco del Esteras,Ciudad Real,13086,38.9384034,-4.8290585,157,329,-52.3,-19.9,,,,,
Albanyà,Girona,17003,42.3046915,2.7193001,157,123,27.6,6.8,,,,,
Arbancón,Guadalajara,19037,40.9642423,-3.1151568,157,210,-25.2,-1.9,,,,,
Tortuera,Guadalajara,19287,40.9717744,-1.7978002,157,247,-36.4,-26.3,,,,,
Matanza,León,24099,42.2394861,-5.3764012,157,333,-52.9,-15.1,,,,,
Castrillo-Tejeriego,Valladolid,47039,41.7030938,-4.3714958,157,295,-46.8,-16.9,,,,,
Navianos de Valverde,Zamora,49137,41.9546388,-5.8160695,157,274,-42.7,-22.7,,,,,
Torralba de Ribota,Zaragoza,50257,41.418663,-1.6839483,157,237,-33.8,-16.5,,,,,
Arakaldo,Bizkaia,48005,43.1536898,-2.9340001,156,110,41.8,-0.6,,,,,
Arenillas de Riopisuerga,Burgos,09024,42.3558474,-4.2337768,156,235,-33.6,-15.2,,,,,
Fresno de Río Tirón,Burgos,09132,42.4595758,-3.1740093,156,273,-42.9,-17.5,,,,,
Vilar de Canes,Castellón,12134,40.3579581,-0.0658739,156,188,-17.0,-12.8,,,,,
Auñón,Guadalajara,19045,40.517585,-2.7922351,156,266,-41.4,-0.6,,,,,
Abella de la Conca,Lleida,25001,42.1614592,1.0923357,156,186,-16.1,-13.8,,,,,
Armenteros,Salamanca,37035,40.5927066,-5.4482568,156,346,-54.9,-34.5,,,,,
Noviercas,Soria,42132,41.711864,-2.0341011,156,258,-39.5,0.6,,,,,
Formiche Alto,Teruel,44103,40.324288,-0.8934975,156,201,-22.4,-4.9,,,,,
Pinet,Valencia,46196,38.9827649,-0.3383891,156,235,-33.6,-4.3,,,,,
Velascálvaro,Valladolid,47189,41.2302923,-4.9717742,156,201,-22.4,-9.3,,,,,
Morales de Valverde,Zamora,49130,41.9398478,-5.8893572,156,324,-51.9,-16.6,,,,,
"Carrera, La",Ávila,05051,40.3477767,-5.5549706,155,302,-48.7,-19.3,,,,,
Pedrosa del Príncipe,Burgos,09258,42.2496567,-4.1992265,155,309,-49.8,-8.8,,,,,
Portell de Morella,Castellón,12091,40.5328003,-0.2621835,155,277,-44.0,-22.5,,,,,
"Frontera, La",Cuenca,16085,40.4010484,-2.2170389,155,217,-28.6,-1.9,,,,,
Huerta del Marquesado,Cuenca,16111,40.1457469,-1.686626,155,218,-28.9,-26.5,,,,,
Azlor,Huesca,22042,42.0949611,-0.0440883,155,174,-10.9,13.1,,,,,
Yebra de Basa,Huesca,22252,42.4862889,-0.2819086,155,172,-9.9,10.7,,,,,
Eratsun,Navarra,31090,43.0832607,-1.796793,155,189,-18.0,2.6,,,,,
Valle del Retortillo,Palencia,34902,42.1897542,-4.7720049,155,235,-34.0,-17.6,,,,,
Villalba de Rioja,La Rioja,26166,42.6100397,-2.8872087,155,161,-3.7,30.3,,,,,
Casla,Segovia,40045,41.1660109,-3.6561126,155,155,0.0,4.7,,,,,
Villar del Río,Soria,42209,42.0756597,-2.3508435,155,208,-25.5,9.9,,,,,
Colldejou,Tarragona,43045,41.0991567,0.8875766,155,196,-20.9,-9.4,,,,,
Lomoviejo,Valladolid,47078,41.149968,-4.9169301,155,268,-42.2,-15.3,,,,,
Roales de Campos,Valladolid,47134,42.0301979,-5.4754453,155,266,-41.7,-8.3,,,,,
San Vicente del Palacio,Valladolid,47156,41.2191791,-4.8514466,155,266,-41.7,-11.9,,,,,
Villavaquerín,Valladolid,47226,41.6636072,-4.4624964,155,229,-32.3,-8.8,,,,,
Sagàs,Barcelona,08188,42.0510214,1.9626051,154,162,-4.9,1.3,,,,,
Villaquirán de los Infantes,Burgos,09456,42.2268384,-4.0087348,154,222,-30.6,6.9,,,,,
Tudanca,Cantabria,39089,43.16111,-4.37001,154,275,-44.0,4.8,,,,,
Novales,Huesca,22162,42.0326204,-0.2871926,154,197,-21.8,-13.0,,,,,
Granyanella,Lleida,25103,41.6485431,1.2236395,154,137,12.4,0.7,,,,,
Sotobañado y Priorato,Palencia,34176,42.5901279,-4.4431761,154,187,-17.6,-4.9,,,,,
Cordovín,La Rioja,26052,42.3848664,-2.8153541,154,224,-31.2,-4.9,,,,,
Griegos,Teruel,44119,40.4265704,-1.7116578,154,155,-0.6,-3.8,,,,,
Castellfollit de Riubregós,Barcelona,08060,41.7762237,1.4383714,153,238,-35.7,-7.3,,,,,
Santa Inés,Burgos,09348,42.0382705,-3.7028525,153,207,-26.1,-0.6,,,,,
Canalejas del Arroyo,Cuenca,16045,40.3688671,-2.4946248,153,333,-54.1,-41.4,,,,,
Tamajón,Guadalajara,19262,41.0007913,-3.2483654,153,207,-26.1,16.8,,,,,
Camporrélls,Huesca,22075,41.9599018,0.5234385,153,263,-41.8,10.9,,,,,
Izagaondoa,Navarra,31132,42.7359058,-1.4217498,153,178,-14.0,-13.1,,,,,
Hormilleja,La Rioja,26076,42.455544,-2.7309573,153,188,-18.6,4.1,,,,,
Navarredonda de la Rinconada,Salamanca,37219,40.6068262,-6.0114772,153,276,-44.6,-17.3,,,,,
Sepulcro-Hilario,Salamanca,37304,40.6988563,-6.186224,153,333,-54.1,-15.5,,,,,
Santa Clara de Avedillo,Zamora,49197,41.3396133,-5.6767612,153,264,-42.0,-15.0,,,,,
Cabezas de Alambre,Ávila,05042,40.9423448,-4.8415402,152,257,-40.9,-7.9,,,,,
Hontoria de Valdearados,Burgos,09164,41.7446524,-3.5198104,152,242,-37.2,-22.1,,,,,
Pinilla Trasmonte,Burgos,09270,41.873491,-3.619404,152,238,-36.1,-11.1,,,,,
Baliarrain,Gipuzkoa,20904,43.0694191,-2.1283913,152,94,61.7,4.8,,,,,
Alustante,Guadalajara,19027,40.6153227,-1.6587202,152,284,-46.5,-3.2,,,,,
Bañón,Teruel,44034,40.8395298,-1.1905521,152,188,-19.1,-3.8,,,,,
Narros del Castillo,Ávila,05147,40.8581972,-5.059892,151,271,-44.3,-11.7,,,,,
Castellar del Riu,Barcelona,08050,42.1311401,1.7085263,151,91,65.9,-14.2,,,,,
Alocén,Guadalajara,19023,40.5745721,-2.7503027,151,156,-3.2,-14.2,,,,,
Valdepeñas de la Sierra,Guadalajara,19305,40.908197,-3.3869458,151,245,-38.4,-17.0,,,,,
Villar de la Yegua,Salamanca,37359,40.7259958,-6.7039499,151,333,-54.7,-23.7,,,,,
Torrella,Valencia,46243,38.9886227,-0.5714242,151,204,-26.0,-1.9,,,,,
Rasueros,Ávila,05193,41.0232602,-5.0742696,150,405,-63.0,-25.4,,,,,
Villatoro,Ávila,05263,40.5557932,-5.1124361,150,251,-40.2,-17.1,,,,,
Quintana del Pidio,Burgos,09281,41.7595385,-3.7509232,150,192,-21.9,-4.5,,,,,
Pescueza,Cáceres,10143,39.917912,-6.6460198,150,246,-39.0,-6.2,,,,,
Anguita,Guadalajara,19032,41.0268997,-2.3675178,150,316,-52.5,-19.4,,,,,
Campillo de Ranas,Guadalajara,19060,41.0855605,-3.3141991,150,121,24.0,-8.0,,,,,
Aras,Navarra,31026,42.5619834,-2.3554319,150,227,-33.9,-10.7,,,,,
Lantz,Navarra,31140,42.9982724,-1.6195616,150,122,23.0,-2.0,,,,,
Ribas de Campos,Palencia,34155,42.1526374,-4.5164117,150,228,-34.2,-2.6,,,,,
Monterrubio de la Sierra,Salamanca,37203,40.7561053,-5.6927414,150,173,-13.3,-11.2,,,,,
Cerezo de Abajo,Segovia,40053,41.2178054,-3.5912905,150,197,-23.9,14.5,,,,,
"Morera de Montsant, La",Tarragona,43096,41.2650701,0.8419942,150,184,-18.5,-2.0,,,,,
Lledó,Teruel,44141,40.9554022,0.2771743,150,217,-30.9,-8.0,,,,,
Fuente el Sol,Valladolid,47067,41.1763482,-4.9346829,150,314,-52.2,-17.1,,,,,
Matilla de Arzón,Zamora,49113,42.1060915,-5.6415868,150,281,-46.6,-13.8,,,,,
Perilla de Castro,Zamora,49153,41.7254943,-5.8768377,150,266,-43.6,-17.1,,,,,
Pozuelo de Tábara,Zamora,49164,41.7850818,-5.8949829,150,258,-41.9,-12.8,,,,,
Villavendimio,Zamora,49270,41.578104,-5.3430121,150,226,-33.6,-11.8,,,,,
Seira,Huesca,22215,42.4774053,0.4334047,149,202,-26.2,2.8,,,,,
Vicién,Huesca,22248,42.0566199,-0.4408209,149,126,18.3,23.1,,,,,
Granyena de Segarra,Lleida,25104,41.6238745,1.2461381,149,174,-14.4,1.4,,,,,
Lana,Navarra,31139,42.7093643,-2.2493019,149,213,-30.0,-14.4,,,,,
"Rasillo de Cameros, El",La Rioja,26122,42.194949,-2.6974164,149,125,19.2,4.2,,,,,
Peñacaballera,Salamanca,37244,40.3442754,-5.8606859,149,231,-35.5,0.0,,,,,
Passanant i Belltall,Tarragona,43101,41.5319348,1.19646,149,192,-22.4,-7.5,,,,,
Galve,Teruel,44115,40.6552414,-0.8812969,149,144,3.5,-6.3,,,,,
Ráfales,Teruel,44194,40.8374196,0.0202265,149,225,-33.8,8.0,,,,,
Jambrina,Zamora,49096,41.3937506,-5.6638372,149,291,-48.8,-14.4,,,,,
Santa Cruz de la Salceda,Burgos,09345,41.5948858,-3.5944326,148,209,-29.2,6.5,,,,,
Arañuel,Castellón,12013,40.0715027,-0.4812821,148,133,11.3,-7.5,,,,,
Peralejos de las Truchas,Guadalajara,19216,40.5935628,-1.9079385,148,170,-12.9,-4.5,,,,,
Valverde-Enrique,León,24190,42.3039103,-5.3004313,148,251,-41.0,-14.9,,,,,
Herrera de Valdecañas,Palencia,34084,42.0488124,-4.2004813,148,200,-26.0,2.1,,,,,
Villaturde,Palencia,34236,42.3779394,-4.670475,148,281,-47.3,-9.8,,,,,
Abusejo,Salamanca,37001,40.708994,-6.1407932,148,280,-47.1,-26.7,,,,,
Bayubas de Abajo,Soria,42032,41.5273111,-2.8959026,148,291,-49.1,-2.6,,,,,
Fuentearmegil,Soria,42085,41.7141842,-3.1828877,148,375,-60.5,-21.7,,,,,
Salduero,Soria,42161,41.8893733,-2.7973975,148,193,-23.3,2.8,,,,,
Fuentes de Rubielos,Teruel,44113,40.1691586,-0.618784,148,83,78.3,29.8,,,,,
Castrodeza,Valladolid,47041,41.6485234,-4.9595968,148,256,-42.2,-7.5,,,,,
Luelmo,Zamora,49101,41.4396127,-6.1327146,148,280,-47.1,-9.8,,,,,
Viñas,Zamora,49273,41.7743745,-6.4684707,148,313,-52.7,-25.6,,,,,
Collado de Contreras,Ávila,05062,40.8873215,-4.931254,147,283,-48.1,-19.7,,,,,
Gemuño,Ávila,05083,40.5916186,-4.7817538,147,233,-36.9,-8.7,,,,,
Cerezo,Cáceres,10063,40.2367345,-6.22756,147,248,-40.7,-16.9,,,,,
Salmerón,Guadalajara,19247,40.5450046,-2.4936139,147,287,-48.8,-14.0,,,,,
Estopiñán del Castillo,Huesca,22105,41.9961077,0.5436671,147,195,-24.6,3.5,,,,,
Itero de la Vega,Palencia,34089,42.2879815,-4.2579672,147,258,-43.0,-14.0,,,,,
Nava de Sotrobal,Salamanca,37215,40.8896401,-5.2857299,147,212,-30.7,-9.8,,,,,
Pedrosillo el Ralo,Salamanca,37238,41.0632531,-5.5476734,147,146,0.7,8.1,,,,,
"Pino de Tormes, El",Salamanca,37253,41.0395098,-5.792797,147,181,-18.8,-6.4,,,,,
Pedrosa del Rey,Valladolid,47113,41.5558293,-5.202822,147,245,-40.0,-25.0,,,,,
Villanueva de los Caballeros,Valladolid,47220,41.7591711,-5.2479646,147,294,-50.0,-16.5,,,,,
Porto,Zamora,49162,42.167526,-6.8987704,147,363,-59.5,-21.8,,,,,
Alcalá de Moncayo,Zaragoza,50014,41.7863271,-1.6969822,147,162,-9.3,-16.0,,,,,
Villar de los Navarros,Zaragoza,50291,41.1586711,-1.0422266,147,158,-7.0,33.6,,,,,
Becedas,Ávila,05024,40.4049606,-5.6343467,146,459,-68.2,-36.5,,,,,
Fuente el Saúz,Ávila,05077,40.977546,-4.9089965,146,351,-58.4,-15.6,,,,,
Navarredondilla,Ávila,05166,40.4536784,-4.8223843,146,308,-52.6,-25.1,,,,,
Mesas de Ibor,Cáceres,10120,39.7553972,-5.5462458,146,201,-27.4,-21.5,,,,,
Gabaldón,Cuenca,16092,39.6261519,-1.9449722,146,182,-19.8,-22.8,,,,,
Villar de la Encina,Cuenca,16255,39.6367049,-2.5223557,146,242,-39.7,-11.0,,,,,
Cebanico,León,24052,42.7249878,-5.0258867,146,276,-47.1,-14.6,,,,,
Prádena del Rincón,Madrid,28117,41.0443369,-3.5402284,146,110,32.7,9.0,,,,,
Campillo de Azaba,Salamanca,37074,40.510727,-6.6888708,146,290,-49.7,-13.6,,,,,
Encinasola de los Comendadores,Salamanca,37123,41.0304889,-6.5317368,146,315,-53.7,-20.7,,,,,
Cabañes de Esgueva,Burgos,09061,41.8307221,-3.7853541,145,303,-52.1,-19.9,,,,,
Hacinas,Burgos,09154,41.9850692,-3.2871138,145,225,-35.6,-10.5,,,,,
San Juan de Plan,Huesca,22207,42.5881642,0.3457117,145,166,-12.7,0.7,,,,,
Puebla de Azaba,Salamanca,37258,40.446894,-6.7456794,145,316,-54.1,-27.9,,,,,
Casarejos,Soria,42055,41.7964291,-3.0317966,145,284,-48.9,-18.1,,,,,
Torralba de los Sisones,Teruel,44220,40.8906914,-1.4586355,145,229,-36.7,-11.0,,,,,
Villardefrades,Valladolid,47223,41.72419,-5.25343,145,248,-41.5,-15.7,,,,,
Cubel,Zaragoza,50090,41.0975232,-1.6348157,145,249,-41.8,-17.1,,,,,
Reina,Badajoz,06110,38.1848682,-5.9476998,144,245,-41.2,-13.3,,,,,
Santa Maria de Miralles,Barcelona,08257,41.5004287,1.5282249,144,96,50.0,9.1,,,,,
Alarilla,Guadalajara,19005,40.8492909,-3.105145,144,123,17.1,25.2,,,,,
Lumbreras de Cameros,La Rioja,26091,42.1048352,-2.6225742,144,183,-21.3,-14.8,,,,,
"Ausines, Los",Burgos,09030,42.2261199,-3.5909355,143,140,2.1,14.4,,,,,
Tartanedo,Guadalajara,19265,40.9929906,-1.923391,143,210,-31.9,2.1,,,,,
Legarda,Navarra,31147,42.7113388,-1.7727104,143,71,101.4,30.0,,,,,
Oroz-Betelu/Orotz-Betelu,Navarra,31199,42.8955387,-1.3037633,143,232,-38.4,-6.5,,,,,
Berceo,La Rioja,26027,42.3385097,-2.8526767,143,228,-37.3,-15.9,,,,,
Villar de Torre,La Rioja,26171,42.3713866,-2.8645607,143,338,-57.7,-22.3,,,,,
Aldearrodrigo,Salamanca,37019,41.1111845,-5.8063091,143,227,-37.0,-5.9,,,,,
San Pedro del Valle,Salamanca,37290,41.0335775,-5.8607152,143,134,6.7,-2.7,,,,,
Carrascal del Río,Segovia,40044,41.3678211,-3.8978334,143,217,-34.1,-7.1,,,,,
Camporredondo,Valladolid,47032,41.4736945,-4.5055619,143,219,-34.7,-11.2,,,,,
Cogeces de Íscar,Valladolid,47053,41.4062774,-4.5452791,143,156,-8.3,2.1,,,,,
Cabañas de Sayago,Zamora,49031,41.3324423,-5.7904375,143,219,-34.7,-6.5,,,,,
Villalube,Zamora,49251,41.6090842,-5.5443063,143,349,-59.0,-15.4,,,,,
Monterde,Zaragoza,50173,41.1741778,-1.7350647,143,238,-39.9,-27.8,,,,,
Capilla,Badajoz,06030,38.8202856,-5.0840713,142,227,-37.4,-24.5,,,,,
Agüero,Huesca,22004,42.355111,-0.7942398,142,163,-12.9,0.7,,,,,
Secastilla,Huesca,22214,42.1820137,0.2673321,142,168,-15.5,-2.7,,,,,
Mantinos,Palencia,34100,42.7522973,-4.8412781,142,211,-32.7,-10.7,,,,,
San Cebrián de Mudá,Palencia,34160,42.8927342,-4.3864962,142,218,-34.9,-9.0,,,,,
Treviana,La Rioja,26155,42.5575274,-3.0510631,142,284,-50.0,-19.3,,,,,
Santibáñez de la Sierra,Salamanca,37298,40.4943348,-5.9152698,142,264,-46.2,-22.8,,,,,
Barbolla,Segovia,40025,41.326037,-3.6714359,142,238,-40.3,-23.7,,,,,
Atea,Zaragoza,50037,41.160105,-1.5545624,142,251,-43.4,8.4,,,,,
Añana,Álava,01049,42.8021497,-2.9864169,141,203,-30.5,-11.3,,,,,
"Aldehuela, La",Ávila,05010,40.4110692,-5.4103473,141,291,-51.5,-15.6,,,,,
Herreros de Suso,Ávila,05094,40.8028245,-5.0381386,141,248,-43.1,4.4,,,,,
Solana de Rioalmar,Ávila,05237,40.7380008,-5.0102947,141,304,-53.6,-19.0,,,,,
Sancti-Spíritus,Badajoz,06118,38.9247834,-5.1466263,141,373,-62.2,-34.1,,,,,
Madrigal del Monte,Burgos,09196,42.1446198,-3.675334,141,191,-26.2,-11.9,,,,,
Vega del Codorno,Cuenca,16239,40.4332921,-1.9293277,141,241,-41.5,-6.6,,,,,
Tírvia,Lleida,25221,42.514956,1.243896,141,116,21.6,-1.4,,,,,
Navacarros,Salamanca,37212,40.3979551,-5.7143348,141,123,14.6,33.0,,,,,
Palacios del Arzobispo,Salamanca,37226,41.1659793,-5.8899757,141,247,-42.9,-13.5,,,,,
Puerto de San Vicente,Toledo,45139,39.5224262,-5.1139392,141,292,-51.7,-19.0,,,,,
Beires,Almería,04023,37.0120901,-2.7909185,140,133,5.3,22.8,,,,,
Hernansancho,Ávila,05092,40.8588326,-4.7289356,140,235,-40.4,-18.1,,,,,
Busto de Bureba,Burgos,09060,42.6591582,-3.2650205,140,267,-47.6,-10.8,,,,,
Villafruela,Burgos,09432,41.9175141,-3.9122928,140,318,-56.0,-28.9,,,,,
Caracuel de Calatrava,Ciudad Real,13030,38.8452505,-4.0633818,140,175,-20.0,-12.5,,,,,
Juviles,Granada,18112,36.9481259,-3.2254914,140,187,-25.1,-5.4,,,,,
Villanueva de Alcorón,Guadalajara,19317,40.6789978,-2.2531854,140,300,-53.3,-23.1,,,,,
Barjas,León,24011,42.6112016,-6.9792579,140,458,-69.4,-29.3,,,,,
Cubillas de los Oteros,León,24062,42.3719398,-5.5076444,140,232,-39.7,-7.9,,,,,
Respenda de la Peña,Palencia,34151,42.7652208,-4.6860529,140,305,-54.1,-18.1,,,,,
Palencia de Negrilla,Salamanca,37229,41.0942842,-5.6014023,140,216,-35.2,-10.3,,,,,
Zorita de la Frontera,Salamanca,37382,41.0145341,-5.1965946,140,303,-53.8,-23.5,,,,,
Mayalde,Zamora,49115,41.2510629,-5.797501,140,246,-43.1,-30.7,,,,,
Romanos,Zaragoza,50227,41.1256192,-1.27468,140,154,-9.1,10.2,,,,,
Bonilla de la Sierra,Ávila,05038,40.5305841,-5.2650542,139,202,-31.2,13.0,,,,,
Argelita,Castellón,12015,40.0541046,-0.3499998,139,110,26.4,43.3,,,,,
Lobras,Granada,18121,36.9293591,-3.2127608,139,190,-26.8,-12.6,,,,,
Lascuarre,Huesca,22142,42.1979325,0.5159793,139,173,-19.7,2.2,,,,,
Éjeme,Salamanca,37118,40.7666852,-5.5390425,139,212,-34.4,3.7,,,,,
Golpejas,Salamanca,37151,40.9998207,-5.9078911,139,219,-36.5,-10.3,,,,,
Vega de Tirados,Salamanca,37345,41.0252969,-5.8871142,139,235,-40.9,-22.8,,,,,
Villarmayor,Salamanca,37365,41.0157341,-5.9711206,139,252,-44.8,-28.7,,,,,
Valdemaluque,Soria,42194,41.6737379,-3.0455305,139,316,-56.0,-21.5,,,,,
"Argentera, L'",Tarragona,43017,41.1376505,0.9089999,139,149,-6.7,2.2,,,,,
Hontanar,Toledo,45075,39.6123384,-4.4982966,139,116,19.8,-12.0,,,,,
Montorio,Burgos,09227,42.5852589,-3.7767155,138,179,-22.9,-11.5,,,,,
Lascellas-Ponzano,Huesca,22141,42.0665814,-0.0768265,138,169,-18.3,3.8,,,,,
Frechilla,Palencia,34072,42.1375125,-4.8410751,138,276,-50.0,-14.8,,,,,
Fonzaleche,La Rioja,26063,42.5815093,-3.011968,138,175,-21.1,-5.5,,,,,
Hervías,La Rioja,26074,42.4479948,-2.8877928,138,204,-32.4,16.0,,,,,
"Redal, El",La Rioja,26123,42.3381358,-2.2009622,138,216,-36.1,-1.4,,,,,
Villaseco de los Gamitos,Salamanca,37369,41.0363667,-6.1132214,138,211,-34.6,-3.5,,,,,
Muñoveros,Segovia,40136,41.1721422,-3.951645,138,218,-36.7,-14.3,,,,,
Arbolí,Tarragona,43015,41.2425941,0.9487676,138,131,5.3,10.4,,,,,
Maire de Castroponce,Zamora,49105,42.1134195,-5.7837458,138,270,-48.9,-14.3,,,,,
Albeta,Zaragoza,50011,41.8265992,-1.4996757,138,130,6.2,-0.7,,,,,
Fuentenebro,Burgos,09140,41.5274546,-3.7545241,137,206,-33.5,3.0,,,,,
San Martín de Rubiales,Burgos,09339,41.6413076,-3.99085,137,280,-51.1,-0.7,,,,,
Camarena de la Sierra,Teruel,44054,40.1483952,-1.0408801,137,167,-18.0,7.9,,,,,
Fresno de Sayago,Zamora,49077,41.3184207,-5.9708098,137,299,-54.2,-31.2,,,,,
Iglesias,Burgos,09180,42.2975797,-3.989185,136,195,-30.3,-4.9,,,,,
Todolella,Castellón,12112,40.6469756,-0.2467637,136,138,-1.4,-7.5,,,,,
Ciruelas,Guadalajara,19088,40.7527479,-3.0893328,136,92,47.8,40.2,,,,,
Castrillo de la Valduerna,León,24044,42.3237923,-6.1338534,136,257,-47.1,-24.4,,,,,
Urraul Alto,Navarra,31241,42.7578942,-1.2564198,136,150,-9.3,-12.8,,,,,
Uztárroz/Uztarroze,Navarra,31247,42.8923633,-0.9400403,136,289,-52.9,-8.1,,,,,
Báscones de Ojeda,Palencia,34028,42.6705949,-4.5274879,136,225,-39.6,-7.5,,,,,
Puebla de Yeltes,Salamanca,37260,40.6250248,-6.18205,136,269,-49.4,-9.9,,,,,
Serradilla del Llano,Salamanca,37307,40.5003242,-6.3566894,136,298,-54.4,-20.9,,,,,
Basardilla,Segovia,40026,41.0267605,-4.0256509,136,91,49.5,-4.9,,,,,
Migueláñez,Segovia,40128,41.1217211,-4.3642121,136,183,-25.7,-9.3,,,,,
Camañas,Teruel,44053,40.6430167,-1.1376101,136,144,-5.6,4.6,,,,,
Sant Martí d'Albars,Barcelona,08225,42.0281258,2.0742512,135,125,8.0,25.0,,,,,
Olocau del Rey,Castellón,12083,40.6376304,-0.3398792,135,158,-14.6,14.4,,,,,
Boniches,Cuenca,16036,39.9854852,-1.6241784,135,233,-42.1,-8.8,,,,,
Estamariu,Lleida,25088,42.3750366,1.5237335,135,135,0.0,13.4,,,,,
"Torms, Els",Lleida,25224,41.3945871,0.7200786,135,198,-31.8,-9.4,,,,,
Luquin,Navarra,31160,42.6122984,-2.0991905,135,132,2.3,3.8,,,,,
Gajates,Salamanca,37141,40.7823957,-5.3647374,135,282,-52.1,-18.7,,,,,
Sauquillo de Cabezas,Segovia,40192,41.1944319,-4.0674743,135,250,-46.0,-26.2,,,,,
Puertomingalvo,Teruel,44193,40.264789,-0.4598137,135,136,-0.7,20.5,,,,,
San Martín del Río,Teruel,44207,41.065914,-1.3867518,135,312,-56.7,-17.2,,,,,
Agón,Zaragoza,50003,41.8564455,-1.4533153,135,201,-32.8,-12.9,,,,,
"Fayos, Los",Zaragoza,50106,41.8799535,-1.7830246,135,201,-32.8,-8.2,,,,,
Pesoz,Asturias,33048,43.257,-6.8755,134,268,-50.0,-21.2,,,,,
Yernes y Tameza,Asturias,33078,43.2513319,-6.1280243,134,209,-35.9,-13.5,,,,,
Sinlabajos,Ávila,05235,41.0754442,-4.831095,134,264,-49.2,8.1,,,,,
Barbadillo del Mercado,Burgos,09038,42.0388829,-3.3582471,134,183,-26.8,3.1,,,,,
Henarejos,Cuenca,16097,39.8647342,-1.4863539,134,290,-53.8,-15.7,,,,,
Villamol,León,24215,42.4275108,-5.048693,134,270,-50.4,-20.7,,,,,
Montejo de Tiermes,Soria,42120,41.3687938,-3.1993534,134,254,-47.2,-22.1,,,,,
Aín,Castellón,12002,39.9007811,-0.3409807,133,130,2.3,9.0,,,,,
Moya,Cuenca,16135,39.9665071,-1.3697833,133,280,-52.5,-18.4,,,,,
Izagre,León,24084,42.2236811,-5.257628,133,278,-52.2,-23.6,,,,,
Tabanera de Cerrato,Palencia,34178,42.0247826,-4.1234622,133,182,-26.9,3.9,,,,,
Valgañón,La Rioja,26162,42.3172671,-3.0673819,133,182,-26.9,-2.9,,,,,
Tramacastilla,Teruel,44235,40.4305279,-1.5741925,133,143,-7.0,23.1,,,,,
Paredes de Escalona,Toledo,45129,40.2045419,-4.429744,133,111,19.8,-2.9,,,,,
Castrillo de la Guareña,Zamora,49040,41.2294199,-5.3257849,133,178,-25.3,5.6,,,,,
Entrala,Zamora,49061,41.4311963,-5.7547283,133,162,-17.9,-20.8,,,,,
Manzanal de los Infantes,Zamora,49112,42.054973,-6.3828094,133,192,-30.7,-3.6,,,,,
Roelos de Sayago,Zamora,49180,41.2520394,-6.1717115,133,177,-24.9,-22.2,,,,,
Puebla de Albortón,Zaragoza,50218,41.384882,-0.8551575,133,158,-15.8,12.7,,,,,
Balones,Alicante,03020,38.7366221,-0.3424811,132,176,-25.0,2.3,,,,,
"Serrada, La",Ávila,05232,40.6316377,-4.7927475,132,148,-10.8,12.8,,,,,
Montclar,Barcelona,08130,42.018173,1.7653302,132,128,3.1,10.9,,,,,
Albendea,Cuenca,16006,40.4877452,-2.4174915,132,197,-33.0,-1.5,,,,,
Gascueña,Cuenca,16094,40.2996206,-2.5187048,132,167,-21.0,-25.4,,,,,
Garde,Navarra,31113,42.7887447,-0.9239579,132,201,-34.3,-12.0,,,,,
Congosto de Valdavia,Palencia,34062,42.715968,-4.6333358,132,279,-52.7,-26.7,,,,,
Cárdenas,La Rioja,26041,42.3743627,-2.767099,132,253,-47.8,-18.0,,,,,
Sotosalbos,Segovia,40199,41.0346649,-3.9406593,132,114,15.8,14.8,,,,,
Blancas,Teruel,44042,40.8137384,-1.4812997,132,203,-35.0,-10.2,,,,,
San Agustín,Teruel,44206,40.0591346,-0.6930191,132,156,-15.4,0.0,,,,,
Visiedo,Teruel,44266,40.6857256,-1.0971868,132,228,-42.1,-4.3,,,,,
Llocnou de la Corona,Valencia,46152,39.4204988,-0.3819899,132,123,7.3,-3.6,,,,,
Amavida,Ávila,05012,40.5738657,-5.0655314,131,203,-35.5,-9.0,,,,,
Pedro-Rodríguez,Ávila,05183,40.9365078,-4.7861044,131,228,-42.5,-13.2,,,,,
Castellar de la Ribera,Lleida,25064,42.022662,1.4161208,131,147,-10.9,-7.7,,,,,
"Zarza de Pumareda, La",Salamanca,37381,41.1617927,-6.6274299,131,219,-40.2,-16.0,,,,,
Cuevas de Provanco,Segovia,40905,41.5423781,-3.9623463,131,228,-42.5,-7.7,,,,,
Noguera de Albarracín,Teruel,44163,40.4588517,-1.5977209,131,183,-28.4,-10.3,,,,,
Torrelacárcel,Teruel,44226,40.6145499,-1.3013762,131,313,-58.1,-25.6,,,,,
Algodre,Zamora,49006,41.5667182,-5.6036991,131,218,-39.9,-17.6,,,,,
Valdescorriel,Zamora,49229,42.0236799,-5.5094523,131,200,-34.5,-7.1,,,,,
Videmala,Zamora,49237,41.6125227,-6.0404914,131,226,-42.0,-23.8,,,,,
Acered,Zaragoza,50002,41.1710444,-1.6048931,131,297,-55.9,-41.3,,,,,
Benifallim,Alicante,03032,38.6627706,-0.399888,130,169,-23.1,14.0,,,,,
Quatretondeta,Alicante,03060,38.7236217,-0.3166374,130,189,-31.2,15.0,,,,,
Sargentes de la Lora,Burgos,09361,42.7689435,-3.8721491,130,197,-34.0,10.2,,,,,
Torregalindo,Burgos,09387,41.5826767,-3.7523294,130,157,-17.2,-5.1,,,,,
Tolva,Huesca,22229,42.1149441,0.5650762,130,220,-40.9,-3.0,,,,,
Villamartín de Don Sancho,León,24213,42.5685922,-5.0597077,130,218,-40.4,-16.1,,,,,
Llimiana,Lleida,25128,42.0750605,0.91585,130,136,-4.4,-13.3,,,,,
Sada,Navarra,31212,42.5871778,-1.3983063,130,255,-49.0,-16.1,,,,,
Cordovilla la Real,Palencia,34063,42.0793366,-4.2599008,130,122,6.6,31.3,,,,,
Dehesa de Montejo,Palencia,34067,42.8207429,-4.5108875,130,264,-50.8,-4.4,,,,,
Alconada,Salamanca,37012,40.9116545,-5.3622294,130,238,-45.4,-20.2,,,,,
Escorihuela,Teruel,44097,40.5450501,-0.9711173,130,240,-45.8,-14.5,,,,,
Fuendetodos,Zaragoza,50114,41.3413479,-0.9594579,130,154,-15.6,3.2,,,,,
Mozota,Zaragoza,50180,41.4827407,-1.0690269,130,115,13.0,4.8,,,,,
Riocabado,Ávila,05194,40.8320259,-4.802935,129,212,-39.2,-14.0,,,,,
Salas de Bureba,Burgos,09329,42.6923,-3.4731994,129,182,-29.1,-6.5,,,,,
Castillo de Garcimuñoz,Cuenca,16072,39.6601688,-2.3812386,129,241,-46.5,-15.1,,,,,
Olmeda del Rey,Cuenca,16141,39.8081313,-2.0828653,129,254,-49.2,-6.5,,,,,
Pertusa,Huesca,22178,42.0027612,-0.1263732,129,147,-12.2,12.2,,,,,
Oiz,Navarra,31187,43.109458,-1.6870201,129,159,-18.9,-11.6,,,,,
Cobos de Cerrato,Palencia,34060,42.0283301,-4.0018015,129,269,-52.0,-9.2,,,,,
Villarta-Quintana,La Rioja,26174,42.4298333,-3.0484882,129,225,-42.7,-14.6,,,,,
Almendra,Salamanca,37028,41.2296884,-6.3407669,129,213,-39.4,-22.3,,,,,
Bermellar,Salamanca,37049,40.9994319,-6.6710727,129,227,-43.2,-9.8,,,,,
Monsagro,Salamanca,37199,40.5036793,-6.2711505,129,250,-48.4,-12.8,,,,,
Valderrodrigo,Salamanca,37337,41.0657644,-6.5079709,129,190,-32.1,-14.6,,,,,
Villeguillo,Segovia,40230,41.2524594,-4.5784601,129,141,-8.5,17.3,,,,,
Torroja del Priorat,Tarragona,43154,41.2133186,0.8106095,129,129,0.0,-15.7,,,,,
Moral de la Reina,Valladolid,47094,41.9851834,-5.0719088,129,243,-46.9,-28.3,,,,,
"Frago, El",Zaragoza,50109,42.2715134,-0.9312934,129,106,21.7,27.7,,,,,
Almudaina,Alicante,03016,38.7607488,-0.3541583,128,125,2.4,7.6,,,,,
Villafranca de la Sierra,Ávila,05257,40.4984796,-5.2313259,128,219,-41.6,0.0,,,,,
Tavertet,Barcelona,08280,41.995547,2.4182542,128,133,-3.8,14.3,,,,,
Olmedilla de Alarcón,Cuenca,16142,39.6140029,-2.1037923,128,218,-41.3,-22.0,,,,,
Vellisca,Cuenca,16240,40.1293719,-2.8142136,128,192,-33.3,18.5,,,,,
Beizama,Gipuzkoa,20020,43.1340799,-2.2005399,128,164,-22.0,-22.9,,,,,
Casa de Uceda,Guadalajara,19070,40.8432863,-3.3711083,128,119,7.6,33.3,,,,,
Madroñal,Salamanca,37176,40.4642383,-6.0628365,128,170,-24.7,-16.3,,,,,
Villaverde de Guareña,Salamanca,37372,41.0642682,-5.5251222,128,203,-36.9,-14.1,,,,,
Vallanca,Valencia,46252,40.0630346,-1.3389357,128,240,-46.7,-3.8,,,,,
Castroponce,Valladolid,47046,42.1265987,-5.1828867,128,210,-39.0,-12.3,,,,,
Morales de Campos,Valladolid,47096,41.8605039,-5.1733549,128,208,-38.5,-14.1,,,,,
Tapioles,Zamora,49216,41.8569635,-5.4961823,128,258,-50.4,-22.0,,,,,
Gallocanta,Zaragoza,50117,40.9965837,-1.507532,128,191,-33.0,-15.8,,,,,
Jarilla,Cáceres,10106,40.1714051,-6.0024421,127,205,-38.0,-8.6,,,,,
Arguisuelas,Cuenca,16024,39.8323266,-1.821017,127,213,-40.4,-9.9,,,,,
Romanones,Guadalajara,19242,40.5705352,-2.9913413,127,145,-12.4,5.8,,,,,
Antillón,Huesca,22029,42.0355728,-0.1611943,127,171,-25.7,-18.1,,,,,
Revenga de Campos,Palencia,34152,42.2841796,-4.4820395,127,200,-36.5,-21.1,,,,,
San Román de Cameros,La Rioja,26132,42.23199,-2.4737,127,178,-28.7,-8.6,,,,,
Calzada de Don Diego,Salamanca,37072,40.905963,-5.9020784,127,262,-51.5,-27.0,,,,,
"Vilella Alta, La",Tarragona,43173,41.2250307,0.7803592,127,133,-4.5,-5.9,,,,,
Alsodux,Almería,04015,37.0026292,-2.5940967,126,113,11.5,-6.0,,,,,
Risco,Badajoz,06114,38.9105515,-5.1225548,126,249,-49.4,-17.1,,,,,
Tubilla del Agua,Burgos,09395,42.7090683,-3.8034079,126,168,-25.0,-15.4,,,,,
Huerta de la Obispalía,Cuenca,16110,39.9887886,-2.4794322,126,155,-18.7,-1.6,,,,,
Monteagudo de las Salinas,Cuenca,16131,39.8046672,-1.8999698,126,122,3.3,-5.3,,,,,
Millana,Guadalajara,19184,40.5074841,-2.5709533,126,121,4.1,5.0,,,,,
"Omells de na Gaia, Els",Lleida,25154,41.5003209,1.0749613,126,152,-17.1,-8.0,,,,,
Tarrés,Lleida,25218,41.422847,1.0195198,126,108,16.7,26.0,,,,,
Retortillo de Soria,Soria,42155,41.3113866,-2.9822725,126,267,-52.8,-32.3,,,,,
Cuevas Labradas,Teruel,44094,40.4536135,-1.0508498,126,180,-30.0,-0.8,,,,,
"Oso, El",Ávila,05175,40.841547,-4.7695001,125,231,-45.9,-27.7,,,,,
Piedras Albas,Cáceres,10145,39.783277,-6.9254281,125,236,-47.0,-22.4,,,,,
"Cañavate, El",Cuenca,16049,39.5429504,-2.3028402,125,279,-55.2,-19.4,,,,,
Alfántega,Huesca,22020,41.8289705,0.1484497,125,131,-4.6,-4.6,,,,,
Guixers,Lleida,25111,42.1324554,1.6663183,125,148,-15.5,-14.4,,,,,
Artazu,Navarra,31039,42.6916054,-1.8404446,125,86,45.3,19.0,,,,,
Ezkurra,Navarra,31102,43.0851129,-1.8248002,125,253,-50.6,-16.1,,,,,
Saldías,Navarra,31213,43.0888659,-1.7792157,125,157,-20.4,8.7,,,,,
Autillo de Campos,Palencia,34019,42.0873279,-4.8336762,125,198,-36.9,-14.4,,,,,
Villasarracino,Palencia,34233,42.4126984,-4.4960199,125,308,-59.4,-7.4,,,,,
Valdunciel,Salamanca,37338,41.0857338,-5.6715006,125,123,1.6,31.6,,,,,
Fuentidueña,Segovia,40092,41.4408407,-3.9800537,125,195,-35.9,-15.5,,,,,
Serón de Nágima,Soria,42171,41.4956718,-2.2018225,125,319,-60.8,-3.1,,,,,
Palau de Santa Eulàlia,Girona,17119,42.1734468,2.9646635,124,94,31.9,37.8,,,,,
Colungo,Huesca,22090,42.1716508,0.0648286,124,129,-3.9,-3.1,,,,,
Belascoáin,Navarra,31052,42.7562505,-1.8324903,124,96,29.2,0.0,,,,,
Tormantos,La Rioja,26150,42.4935352,-3.0734709,124,222,-44.1,-14.5,,,,,
Bogajo,Salamanca,37055,40.9057597,-6.5304633,124,222,-44.1,-12.1,,,,,
Pontils,Tarragona,43141,41.4774835,1.3884066,124,136,-8.8,3.3,,,,,
"Torre de Fontaubella, La",Tarragona,43151,41.1245958,0.8644949,124,83,49.4,-7.5,,,,,
Trasobares,Zaragoza,50266,41.6427988,-1.6422419,124,249,-50.2,-1.6,,,,,
Cotillas,Albacete,02028,38.4313285,-2.5072776,123,235,-47.7,-11.5,,,,,
Pajares de Adaja,Ávila,05177,40.9237685,-4.6399321,123,196,-37.2,-33.9,,,,,
Quintanapalla,Burgos,09288,42.4084263,-3.5345514,123,126,-2.4,17.1,,,,,
Albero Alto,Huesca,22011,42.0501202,-0.3368327,123,101,21.8,7.9,,,,,
Aragüés del Puerto,Huesca,22032,42.7066467,-0.6708726,123,144,-14.6,7.0,,,,,
Gusendos de los Oteros,León,24081,42.3775439,-5.4304009,123,246,-50.0,-16.3,,,,,
Lapoblación,Navarra,31141,42.6034983,-2.4747239,123,183,-32.8,-1.6,,,,,
Sajazarra,La Rioja,26128,42.5885996,-2.9602984,123,161,-23.6,-2.4,,,,,
Pedrosillo de Alba,Salamanca,37236,40.8225583,-5.3953579,123,291,-57.7,-13.4,,,,,
Tenebrón,Salamanca,37321,40.6247336,-6.3548703,123,240,-48.8,-23.1,,,,,
Rioseco de Soria,Soria,42158,41.64203,-2.8403672,123,161,-23.6,-4.7,,,,,
Allepuz,Teruel,44021,40.4924526,-0.7290795,123,146,-15.8,-3.9,,,,,
San Miguel del Valle,Zamora,49192,42.0295117,-5.4969244,123,259,-52.5,-15.2,,,,,
Lituénigo,Zaragoza,50141,41.8357678,-1.7608154,123,122,0.8,4.2,,,,,
Santa Cruz de Moncayo,Zaragoza,50237,41.8825575,-1.7573134,123,101,21.8,-5.4,,,,,
Belmontejo,Cuenca,16034,39.8228067,-2.3442851,122,282,-56.7,-35.1,,,,,
Gaintza,Gipuzkoa,20037,43.0530503,-2.1331865,122,136,-10.3,0.8,,,,,
Gimileo,La Rioja,26068,42.5494612,-2.8229957,122,95,28.4,7.0,,,,,
Agallas,Salamanca,37002,40.4489784,-6.4414485,122,187,-34.8,-19.7,,,,,
Espejón,Soria,42081,41.8301943,-3.2592724,122,241,-49.4,-33.7,,,,,
Villán de Tordesillas,Valladolid,47216,41.5927732,-4.9212971,122,189,-35.4,0.0,,,,,
"Torre del Valle, La",Zamora,49220,42.0910733,-5.7229501,122,200,-39.0,-17.6,,,,,
Valpalmas,Zaragoza,50276,42.1581585,-0.8548297,122,203,-39.9,-17.0,,,,,
Balsa de Ves,Albacete,02013,39.2641614,-1.1954173,121,270,-55.2,-21.9,,,,,
Huerta de Arriba,Burgos,09173,42.1166474,-3.0820186,121,197,-38.6,-5.5,,,,,
Benafigos,Castellón,12025,40.2766359,-0.2089684,121,238,-49.2,-24.4,,,,,
Pina de Montalgrao,Castellón,12090,40.0209763,-0.6549547,121,175,-30.9,-4.7,,,,,
Cantalojas,Guadalajara,19065,41.2345755,-3.2462548,121,155,-21.9,-27.5,,,,,
Fuentelahiguera de Albatages,Guadalajara,19120,40.7855027,-3.3080066,121,194,-37.6,-1.6,,,,,
Villamoratiel de las Matas,León,24217,42.3969238,-5.3011836,121,201,-39.8,-21.9,,,,,
Sant Esteve de la Sarga,Lleida,25196,42.0798949,0.7640458,121,116,4.3,-12.9,,,,,
Abaurregaina/Abaurrea Alta,Navarra,31003,42.9034594,-1.2088667,121,192,-37.0,-4.7,,,,,
Arruazu,Navarra,31037,42.9220169,-2.0000898,121,110,10.0,14.2,,,,,
Peromingo,Salamanca,37251,40.4635923,-5.7721684,121,167,-27.5,-7.6,,,,,
Montejo de la Vega de la Serrezuela,Segovia,40130,41.5489904,-3.6519752,121,209,-42.1,-18.2,,,,,
Loscos,Teruel,44138,41.081388,-1.0449678,121,223,-45.7,-12.3,,,,,
Velliza,Valladolid,47191,41.579515,-4.9475147,121,161,-24.8,14.2,,,,,
Friera de Valverde,Zamora,49078,41.9131749,-5.8416263,121,304,-60.2,-31.6,,,,,
Berrocalejo,Cáceres,10028,39.8193822,-5.349707,120,134,-10.4,6.2,,,,,
Castejón,Cuenca,16067,40.3817975,-2.5212898,120,239,-49.8,-14.3,,,,,
Víllora,Cuenca,16274,39.7535043,-1.5873076,120,262,-54.2,-13.0,,,,,
Caspueñas,Guadalajara,19074,40.693318,-2.978786,120,81,48.1,25.0,,,,,
"Cubillo de Uceda, El",Guadalajara,19102,40.8235549,-3.4057849,120,142,-15.5,-11.1,,,,,
Chalamera,Huesca,22094,41.6649798,0.1629008,120,179,-33.0,11.1,,,,,
Sesué,Huesca,22221,42.5511669,0.472037,120,117,2.6,16.5,,,,,
Reyero,León,24129,42.9484824,-5.1978848,120,165,-27.3,-6.2,,,,,
Guadramiro,Salamanca,37154,41.0169758,-6.4932794,120,240,-50.0,-20.0,,,,,
Valsalabroso,Salamanca,37340,41.1099617,-6.5028074,120,235,-48.9,-17.8,,,,,
Frumales,Segovia,40081,41.3830544,-4.1869652,120,239,-49.8,0.8,,,,,
Torre del Compte,Teruel,44225,40.9366482,0.1098142,120,189,-36.5,-7.0,,,,,
Alfaraz de Sayago,Zamora,49005,41.2273404,-5.9834205,120,232,-48.3,-19.5,,,,,
Villanueva de Gómez,Ávila,05258,40.8822647,-4.716141,119,153,-22.2,-15.0,,,,,
Santa María del Mercadillo,Burgos,09352,41.8600273,-3.559039,119,210,-43.3,9.2,,,,,
Espinosa de Cerrato,Palencia,34070,41.9678437,-3.951621,119,277,-57.0,-30.4,,,,,
Población de Campos,Palencia,34132,42.2697479,-4.4471347,119,227,-47.6,-13.1,,,,,
Castillejo de Mesleón,Segovia,40046,41.2807849,-3.6015632,119,145,-17.9,-8.5,,,,,
Cerezo de Arriba,Segovia,40054,41.2386315,-3.558266,119,240,-50.4,-16.8,,,,,
San Miguel de Bernuy,Segovia,40183,41.399526,-3.9522087,119,199,-40.2,-19.6,,,,,
Quintanas de Gormaz,Soria,42145,41.5088106,-2.9761304,119,199,-40.2,-21.7,,,,,
Cuevas de Almudén,Teruel,44093,40.7132549,-0.8290206,119,111,7.2,-15.6,,,,,
Uña de Quintana,Zamora,49225,42.0874013,-6.1427858,119,238,-50.0,-20.7,,,,,
Junta de Traslaloma,Burgos,09189,43.0414386,-3.388468,118,218,-45.9,-11.3,,,,,
Villa del Rey,Cáceres,10208,39.6594817,-6.821092,118,185,-36.2,-9.2,,,,,
Zorita del Maestrazgo,Castellón,12141,40.7287128,-0.166284,118,146,-19.2,-4.8,,,,,
"Hito, El",Cuenca,16101,39.8589283,-2.7150172,118,246,-52.0,-27.6,,,,,
Alòs de Balaguer,Lleida,25022,41.9124041,0.9607021,118,188,-37.2,-5.6,,,,,
Farrera,Lleida,25089,42.5042618,1.2718443,118,88,34.1,-6.3,,,,,
Robledillo de la Jara,Madrid,28124,40.9529148,-3.5250504,118,84,40.5,19.2,,,,,
Pancrudo,Teruel,44177,40.7620908,-1.0292935,118,202,-41.6,1.7,,,,,
Casas Altas,Valencia,46087,40.0395154,-1.2629814,118,165,-28.5,-20.3,,,,,
Gallegos del Pan,Zamora,49086,41.6001511,-5.5815547,118,174,-32.2,-5.6,,,,,
Manzanal del Barco,Zamora,49111,41.6353542,-5.9477982,118,218,-45.9,-13.2,,,,,
"Pedrosas, Las",Zaragoza,50205,42.0379245,-0.8754308,118,109,8.3,10.3,,,,,
Masegoso,Albacete,02047,38.7180307,-2.3158435,117,180,-35.0,-3.3,,,,,
Mediana de Voltoya,Ávila,05123,40.6999367,-4.5628709,117,111,5.4,10.4,,,,,
Puentedura,Burgos,09277,42.042031,-3.5830801,117,133,-12.0,-10.0,,,,,
Villafranca Montes de Oca,Burgos,09431,42.3883784,-3.3086147,117,211,-44.5,-6.4,,,,,
Villanueva de Argaño,Burgos,09449,42.3804783,-3.933169,117,117,0.0,12.5,,,,,
Zael,Burgos,09480,42.1098268,-3.824322,117,156,-25.0,2.6,,,,,
Alcoroches,Guadalajara,19013,40.6274455,-1.745883,117,211,-44.5,-15.2,,,,,
Zaorejas,Guadalajara,19333,40.7610694,-2.1992676,117,206,-43.2,-10.7,,,,,
Lagartos,Palencia,34091,42.4059897,-4.90386,117,178,-34.3,-14.6,,,,,
Yanguas de Eresma,Segovia,40231,41.0718126,-4.2394772,117,197,-40.6,-15.2,,,,,
Baraona,Soria,42029,41.2949931,-2.6571594,117,261,-55.2,-24.0,,,,,
Corbalán,Teruel,44082,40.4032092,-0.9852685,117,75,56.0,7.3,,,,,
Melgar de Abajo,Valladolid,47088,42.2432398,-5.1421583,117,202,-42.1,9.3,,,,,
Fresno de la Polvorosa,Zamora,49075,42.0826452,-5.7698581,117,231,-49.4,-21.5,,,,,
San Esteban del Molar,Zamora,49188,41.9371762,-5.5521844,117,196,-40.3,-6.4,,,,,
Anento,Zaragoza,50028,41.0700726,-1.3333288,117,73,60.3,15.8,,,,,
Bárcabo,Huesca,22051,42.2424109,0.0699771,116,114,1.8,2.7,,,,,
Perarrúa,Huesca,22177,42.2676835,0.3510982,116,147,-21.1,2.7,,,,,
Torres del Río,Navarra,31231,42.5513183,-2.2720136,116,198,-41.4,-11.5,,,,,
Dios le Guarde,Salamanca,37115,40.6421867,-6.3114043,116,172,-32.6,-16.5,,,,,
Nava de Francia,Salamanca,37214,40.5362584,-6.1135342,116,167,-30.5,-18.3,,,,,
Collado Hermoso,Segovia,40059,41.0380347,-3.918638,116,146,-20.5,-14.7,,,,,
Barca,Soria,42030,41.4551144,-2.6215182,116,156,-25.6,9.4,,,,,
Bordón,Teruel,44044,40.6871025,-0.3218359,116,139,-16.5,1.8,,,,,
Matilla de los Caños,Valladolid,47083,41.5477912,-4.9678309,116,98,18.4,7.4,,,,,
Saelices de Mayorga,Valladolid,47140,42.2119355,-5.2060398,116,208,-44.2,-0.9,,,,,
Villanueva de los Infantes,Valladolid,47221,41.7032195,-4.4831772,116,158,-26.6,3.6,,,,,
Alcudia de Monteagud,Almería,04009,37.2360207,-2.2671732,115,183,-37.2,-27.2,,,,,
Arija,Burgos,09025,42.9916248,-3.9451961,115,261,-55.9,-16.7,,,,,
Susinos del Páramo,Burgos,09374,42.4715972,-3.9247468,115,105,9.5,11.7,,,,,
Valdezate,Burgos,09405,41.6023916,-3.9305323,115,210,-45.2,-19.0,,,,,
Valle de Manzanedo,Burgos,09409,42.8989977,-3.6917127,115,126,-8.7,-7.3,,,,,
Valdetórtola,Cuenca,16902,39.9206214,-2.185952,115,152,-24.3,-19.0,,,,,
Villamayor de Monjardín,Navarra,31255,42.6293847,-2.1041989,115,118,-2.5,-5.0,,,,,
"Figuera, La",Tarragona,43058,41.2162629,0.7312824,115,123,-6.5,9.5,,,,,
Torremocha de Jiloca,Teruel,44228,40.5895233,-1.2962012,115,182,-36.8,4.5,,,,,
Cubo de Benavente,Zamora,49057,42.1244561,-6.1635419,115,204,-43.6,-3.4,,,,,
Villanueva de Campeán,Zamora,49258,41.3545156,-5.7693598,115,207,-44.4,-5.7,,,,,
Villatoya,Albacete,02082,39.333966,-1.3387842,114,194,-41.2,3.6,,,,,
Grijalba,Burgos,09148,42.4302456,-4.1189988,114,139,-18.0,7.5,,,,,
Humada,Burgos,09175,42.6679688,-4.0837157,114,246,-53.7,-10.9,,,,,
Fanlo,Huesca,22107,42.587154,-0.0213205,114,107,6.5,6.5,,,,,
Gistaín,Huesca,22114,42.5913466,0.3350266,114,187,-39.0,-16.8,,,,,
Navascués/Nabaskoze,Navarra,31181,42.7185668,-1.1160102,114,222,-48.6,-22.4,,,,,
Belmonte de San José,Teruel,44038,40.8750106,-0.0632236,114,151,-24.5,-4.2,,,,,
Torrecilla del Rebollar,Teruel,44222,40.9101277,-1.0719899,114,170,-32.9,-16.8,,,,,
Brime de Sog,Zamora,49027,42.0612368,-6.046729,114,266,-57.1,-22.4,,,,,
Muñomer del Peco,Ávila,05140,40.8592194,-4.8796903,113,143,-21.0,-11.7,,,,,
Neila,Burgos,09232,42.0601046,-2.9970186,113,244,-53.7,-33.9,,,,,
"Serratella, la",Castellón,12103,40.3127349,0.0311219,113,109,3.7,14.1,,,,,
Hueva,Guadalajara,19150,40.462452,-2.9607956,113,151,-25.2,-24.2,,,,,
Riba de Saelices,Guadalajara,19235,40.9113143,-2.2969282,113,197,-42.6,9.7,,,,,
Adrados,Segovia,40003,41.3677754,-4.1130681,113,236,-52.1,-24.2,,,,,
Almaluez,Soria,42018,41.289103,-2.2694648,113,329,-65.7,-28.0,,,,,
Ausejo de la Sierra,Soria,42028,41.8946671,-2.3739405,113,55,105.5,27.0,,,,,
Barrachina,Teruel,44035,40.8968866,-1.1399756,113,176,-35.8,-12.4,,,,,
Riodeva,Teruel,44196,40.1175989,-1.1471163,113,245,-53.9,-25.2,,,,,
Fompedraza,Valladolid,47063,41.5348052,-4.145634,113,145,-22.1,0.0,,,,,
San Pablo de la Moraleja,Valladolid,47147,41.1606619,-4.7772993,113,197,-42.6,-6.6,,,,,
Lagata,Zaragoza,50133,41.2399188,-0.8045543,113,157,-28.0,-10.3,,,,,
Revilla Vallejera,Burgos,09316,42.1470153,-4.1339604,112,183,-38.8,1.8,,,,,
Villaverde del Monte,Burgos,09466,42.160431,-3.8151528,112,207,-45.9,-15.2,,,,,
Buenache de la Sierra,Cuenca,16040,40.1346928,-2.0007632,112,110,1.8,14.3,,,,,
Campillos-Paravientos,Cuenca,16043,39.9734066,-1.5465215,112,153,-26.8,-5.1,,,,,
"Vajol, La",Girona,17014,42.4039078,2.800086,112,84,33.3,34.9,,,,,
Perales,Palencia,34127,42.1935939,-4.5805331,112,137,-18.2,15.5,,,,,
Santa Eulalia Bajera,La Rioja,26136,42.2097339,-2.1912785,112,111,0.9,-2.6,,,,,
Santa María de las Hoyas,Soria,42168,41.7710283,-3.1427301,112,208,-46.2,-0.9,,,,,
Cañizar del Olivar,Teruel,44063,40.8165916,-0.6451058,112,129,-13.2,19.1,,,,,
Orrios,Teruel,44175,40.5871985,-0.987305,112,209,-46.4,-15.8,,,,,
Aranda de Moncayo,Zaragoza,50031,41.5774022,-1.7916285,112,254,-55.9,-39.8,,,,,
Valmadrid,Zaragoza,50275,41.4434021,-0.8844837,112,63,77.8,-8.2,,,,,
Meranges,Girona,17099,42.4460663,1.7870102,111,70,58.6,12.1,,,,,
Matillas,Guadalajara,19174,40.9524796,-2.8429304,111,225,-50.7,-17.2,,,,,
Sarroca de Bellera,Lleida,25201,42.3595877,0.8812388,111,147,-24.5,-5.1,,,,,
Legaria,Navarra,31148,42.6482624,-2.1737786,111,152,-27.0,7.8,,,,,
Boadilla del Camino,Palencia,34034,42.2577849,-4.3472897,111,204,-45.6,-9.8,,,,,
Herramélluri,La Rioja,26073,42.5021435,-3.0195854,111,179,-38.0,0.9,,,,,
Encina de San Silvestre,Salamanca,37120,41.014567,-6.0927389,111,128,-13.3,0.0,,,,,
Sando,Salamanca,37283,40.9684419,-6.1109973,111,191,-41.9,-15.9,,,,,
Anaya,Segovia,40017,40.9913429,-4.3086181,111,131,-15.3,-11.9,,,,,
Laguna de Contreras,Segovia,40108,41.4942082,-4.028974,111,191,-41.9,-8.3,,,,,
Alcubilla de Avellaneda,Soria,42007,41.7258976,-3.3046827,111,238,-53.4,-12.6,,,,,
Conesa,Tarragona,43046,41.5190356,1.2913382,111,104,6.7,-4.3,,,,,
Vilanova de Prades,Tarragona,43168,41.347873,0.9571484,111,157,-29.3,-5.9,,,,,
"Olmos, Los",Teruel,44173,40.8768277,-0.4870377,111,154,-27.9,-12.6,,,,,
Curiel de Duero,Valladolid,47059,41.6401393,-4.0992767,111,135,-17.8,8.8,,,,,
Herrín de Campos,Valladolid,47073,42.1247742,-4.9517227,111,218,-49.1,-14.6,,,,,
Valdunquillo,Valladolid,47183,42.0417166,-5.3125914,111,240,-53.8,-24.5,,,,,
Cerecinos del Carrizal,Zamora,49047,41.6831617,-5.6536476,111,172,-35.5,-4.3,,,,,
Peque,Zamora,49150,42.0728595,-6.2747826,111,254,-56.3,-24.5,,,,,
Campillo de Aragón,Zaragoza,50071,41.1260772,-1.8431034,111,214,-48.1,-21.8,,,,,
Paracuellos de la Ribera,Zaragoza,50202,41.4230897,-1.5629992,111,331,-66.5,-31.5,,,,,
Benillup,Alicante,03036,38.7535607,-0.3788159,110,105,4.8,10.0,,,,,
Mironcillo,Ávila,05130,40.5547207,-4.8237308,110,135,-18.5,13.4,,,,,
Castillo de Villamalefa,Castellón,12041,40.1304975,-0.3803927,110,137,-19.7,6.8,,,,,
Cañaveruelas,Cuenca,16051,40.400328,-2.6368691,110,256,-57.0,-23.1,,,,,
Pozo de Almoguera,Guadalajara,19224,40.3425944,-3.0293582,110,212,-48.1,13.4,,,,,
Ibieca,Huesca,22126,42.1606453,-0.2084209,110,110,0.0,10.0,,,,,
Campazas,León,24032,42.1423995,-5.4934322,110,182,-39.6,-9.8,,,,,
Josa i Tuixén,Lleida,25910,42.2312502,1.5659834,110,141,-22.0,-9.8,,,,,
"Atazar, El",Madrid,28016,40.9343489,-3.4710919,110,96,14.6,15.8,,,,,
"Serna del Monte, La",Madrid,28138,41.0305793,-3.6252636,110,111,-0.9,42.9,,,,,
Morentin,Navarra,31174,42.6123241,-2.0136591,110,120,-8.3,-17.3,,,,,
Salinas de Oro/Jaitz,Navarra,31214,42.7754085,-1.8893416,110,107,2.8,-6.0,,,,,
Carpio de Azaba,Salamanca,37086,40.5957827,-6.646288,110,115,-4.3,8.9,,,,,
Pajares de la Laguna,Salamanca,37225,41.0875757,-5.5090893,110,152,-27.6,-5.2,,,,,
Mirambel,Teruel,44149,40.5867221,-0.3424737,110,144,-23.6,-9.8,,,,,
Estubeny,Valencia,46121,39.0174058,-0.6237803,110,141,-22.0,-6.8,,,,,
Ventosa de la Cuesta,Valladolid,47192,41.4113769,-4.8290416,110,167,-34.1,-9.1,,,,,
Villardondiego,Zamora,49267,41.5857765,-5.3751036,110,147,-25.2,13.4,,,,,
Langa del Castillo,Zaragoza,50134,41.2118835,-1.3985046,110,190,-42.1,-17.9,,,,,
Plenas,Zaragoza,50213,41.1121361,-0.964102,110,167,-34.1,4.8,,,,,
Martínez,Ávila,05122,40.6299978,-5.3477831,109,255,-57.3,-17.4,,,,,
Pradosegar,Ávila,05191,40.5491266,-5.0697404,109,191,-42.9,-17.4,,,,,
Salobral,Ávila,05197,40.6120678,-4.8096732,109,132,-17.4,1.9,,,,,
Pardilla,Burgos,09253,41.5517433,-3.7110923,109,123,-11.4,-14.2,,,,,
Quintanilla de la Mata,Burgos,09294,41.9888129,-3.7681497,109,177,-38.4,-13.5,,,,,
Albero Bajo,Huesca,22012,42.0241349,-0.3797341,109,117,-6.8,-20.4,,,,,
Argavieso,Huesca,22036,42.0533571,-0.2786264,109,121,-9.9,7.9,,,,,
Meneses de Campos,Palencia,34106,41.9413966,-4.9190728,109,163,-33.1,-6.0,,,,,
Villameriel,Palencia,34222,42.5284016,-4.4756512,109,170,-35.9,-13.5,,,,,
Laguna de Cameros,La Rioja,26082,42.1747064,-2.542109,109,169,-35.5,-12.8,,,,,
Gallegos de Solmirón,Salamanca,37146,40.5369588,-5.4477376,109,214,-49.1,-16.8,,,,,
Frías de Albarracín,Teruel,44109,40.3389342,-1.6173933,109,180,-39.4,-16.2,,,,,
Retamoso de la Jara,Toledo,45146,39.7427485,-4.7557209,109,198,-44.9,-0.9,,,,,
Velilla,Valladolid,47190,41.5585623,-5.0048279,109,161,-32.3,-4.4,,,,,
"Zarza, La",Valladolid,47232,41.2612189,-4.7698263,109,164,-33.5,-3.5,,,,,
Espadañedo,Zamora,49062,42.1161382,-6.3936304,109,220,-50.5,-11.4,,,,,
Sediles,Zaragoza,50242,41.3464086,-1.5303877,109,111,-1.8,6.9,,,,,
Durón,Guadalajara,19108,40.6256801,-2.726315,108,110,-1.8,-10.0,,,,,
Tramaced,Huesca,22239,41.9725624,-0.2954517,108,104,3.8,-4.4,,,,,
Prado de la Guzpeña,León,24118,42.7829122,-5.0253448,108,181,-40.3,-20.0,,,,,
Arano,Navarra,31024,43.1995483,-1.8948332,108,154,-29.9,-0.9,,,,,
Hontoria de Cerrato,Palencia,34086,41.9107107,-4.4413663,108,134,-19.4,0.9,,,,,
Buenamadre,Salamanca,37059,40.8568903,-6.2508147,108,187,-42.2,-18.8,,,,,
"Póveda de Soria, La",Soria,42141,42.0127065,-2.5035151,108,126,-14.3,-5.3,,,,,
Castrillo de Duero,Valladolid,47038,41.5750378,-4.0144512,108,236,-54.2,-12.9,,,,,
Alcubilla de Nogales,Zamora,49004,42.1285058,-5.9212583,108,216,-50.0,-19.4,,,,,
Cisla,Ávila,05060,40.9657349,-5.0139719,107,203,-47.3,-7.0,,,,,
Diego del Carpio,Ávila,05903,40.6639594,-5.3247619,107,333,-67.9,-30.5,,,,,
Villanueva del Campillo,Ávila,05260,40.5769506,-5.179421,107,225,-52.4,7.0,,,,,
Ameyugo,Burgos,09016,42.6560702,-3.0611514,107,51,109.8,1.9,,,,,
Mahamud,Burgos,09198,42.1200649,-3.9409416,107,168,-36.3,-7.8,,,,,
Santa Cecilia,Burgos,09343,42.0522264,-3.802824,107,139,-23.0,4.9,,,,,
Xodos/Chodos,Castellón,12055,40.2453957,-0.2874577,107,161,-33.5,-8.5,,,,,
Torralba,Cuenca,16209,40.3033395,-2.2852197,107,202,-47.0,-11.6,,,,,
Aldeanueva de Guadalajara,Guadalajara,19015,40.6819148,-3.0471156,107,107,0.0,27.4,,,,,
Hiendelaencina,Guadalajara,19135,41.0835841,-3.0036605,107,147,-27.2,-11.6,,,,,
Horcajo de Montemayor,Salamanca,37161,40.4215003,-5.8945223,107,208,-48.6,-30.5,,,,,
Salmoral,Salamanca,37276,40.8015774,-5.2193644,107,371,-71.2,-27.2,,,,,
Villalba de los Llanos,Salamanca,37353,40.8003129,-5.9743565,107,204,-47.5,-22.5,,,,,
Renieblas,Soria,42154,41.8202275,-2.3729328,107,130,-17.7,-0.9,,,,,
Requejo,Zamora,49174,42.0307248,-6.7427114,107,230,-53.5,-28.2,,,,,
Moneva,Zaragoza,50171,41.128295,-0.8341663,107,127,-15.7,-3.6,,,,,
Olvés,Zaragoza,50194,41.2392831,-1.6465963,107,178,-39.9,-10.8,,,,,
Castellanos de Zapardiel,Ávila,05056,41.0842432,-4.9095443,106,150,-29.3,9.3,,,,,
Sant Agustí de Lluçanès,Barcelona,08195,42.0942729,2.1315263,106,105,1.0,15.2,,,,,
Cardeñuela Riopico,Burgos,09075,42.3593611,-3.5600242,106,78,35.9,-17.2,,,,,
Casas de Miravete,Cáceres,10057,39.7276481,-5.7435701,106,169,-37.3,-26.4,,,,,
Toga,Castellón,12113,40.0421248,-0.3669719,106,110,-3.6,8.2,,,,,
Torrechiva,Castellón,12118,40.0498182,-0.3980334,106,63,68.3,41.3,,,,,
Reíllo,Cuenca,16177,39.9052464,-1.8723906,106,154,-31.2,11.6,,,,,
Salmeroncillos,Cuenca,16188,40.5046779,-2.5215533,106,190,-44.2,-9.4,,,,,
Moratilla de los Meleros,Guadalajara,19194,40.5012112,-2.9426182,106,115,-7.8,-4.5,,,,,
Castrotierra de Valmadrigal,León,24050,42.3463346,-5.2481945,106,172,-38.4,-4.5,,,,,
Javier,Navarra,31135,42.5911918,-1.2086914,106,143,-25.9,-0.9,,,,,
Margalef,Tarragona,43075,41.2854434,0.7537968,106,132,-19.7,9.3,,,,,
Muriel,Valladolid,47100,41.1230669,-4.8421401,106,232,-54.3,-25.9,,,,,
Villardiegua de la Ribera,Zamora,49265,41.5369766,-6.1814289,106,182,-41.8,-20.3,,,,,
Mambrilla de Castrejón,Burgos,09199,41.6669494,-3.9848011,105,166,-36.7,4.0,,,,,
Descargamaría,Cáceres,10071,40.3039486,-6.4862334,105,270,-61.1,-23.9,,,,,
Casas de Guijarro,Cuenca,16063,39.3458137,-2.1641211,105,158,-33.5,-6.2,,,,,
Huelves,Cuenca,16108,40.0425092,-2.8844157,105,80,31.2,84.2,,,,,
Paracuellos,Cuenca,16150,39.7178176,-1.7879705,105,160,-34.4,5.0,,,,,
Torralba de Aragón,Huesca,22232,41.9343439,-0.5110026,105,136,-22.8,-1.9,,,,,
Cerralbo,Salamanca,37101,40.9743999,-6.5868328,105,269,-61.0,-38.2,,,,,
Cordovilla,Salamanca,37110,40.9512623,-5.4070677,105,147,-28.6,-18.6,,,,,
Aldeanueva del Codonal,Segovia,40010,41.0817174,-4.5437054,105,223,-52.9,-22.8,,,,,
Fuente de Santa Cruz,Segovia,40082,41.210272,-4.6329161,105,198,-47.0,-12.5,,,,,
Labajos,Segovia,40107,40.8430003,-4.5202241,105,161,-34.8,-22.8,,,,,
Urueñas,Segovia,40210,41.3562435,-3.7751998,105,130,-19.2,-2.8,,,,,
Talveila,Soria,42178,41.7838925,-2.9666523,105,222,-52.7,-17.3,,,,,
Llorac,Tarragona,43073,41.5561484,1.3071491,105,122,-13.9,9.4,,,,,
Arcos de las Salinas,Teruel,44026,39.9924426,-1.0428521,105,178,-41.0,-0.9,,,,,
Montealegre de Campos,Valladolid,47092,41.9011291,-4.897662,105,175,-40.0,-13.9,,,,,
Arquillinos,Zamora,49014,41.7108837,-5.6557204,105,207,-49.3,-11.8,,,,,
Cernadilla,Zamora,49048,42.0208673,-6.4170982,105,159,-34.0,-18.0,,,,,
Granucillo,Zamora,49092,42.0514075,-5.9277833,105,288,-63.5,-23.9,,,,,
Villaferrueña,Zamora,49243,42.0983406,-5.8576824,105,168,-37.5,-8.7,,,,,
"Bohodón, El",Ávila,05036,40.9150074,-4.7304745,104,215,-51.6,-20.0,,,,,
Constanzana,Ávila,05064,40.9383816,-4.8736983,104,203,-48.8,-7.1,,,,,
Espinosa de los Caballeros,Ávila,05072,41.0086883,-4.6539796,104,114,-8.8,7.2,,,,,
Peñalba de Ávila,Ávila,05185,40.7716876,-4.74703,104,136,-23.5,-3.7,,,,,
Santiago del Tormes,Ávila,05904,40.3309195,-5.3996706,104,323,-67.8,-23.5,,,,,
Barchín del Hoyo,Cuenca,16029,39.6636596,-2.0684645,104,145,-28.3,20.9,,,,,
Muduex,Guadalajara,19196,40.8293944,-2.9595765,104,125,-16.8,-7.1,,,,,
Horcajuelo de la Sierra,Madrid,28071,41.0601151,-3.5457391,104,91,14.3,20.9,,,,,
Santa Coloma,La Rioja,26134,42.3681935,-2.6563567,104,153,-32.0,3.0,,,,,
Yanguas,Soria,42218,42.1009867,-2.338373,104,84,23.8,0.0,,,,,
Hinojosa de Jarque,Teruel,44123,40.6901845,-0.7861129,104,186,-44.1,-20.6,,,,,
Sartajada,Toledo,45159,40.2128437,-4.7930823,104,111,-6.3,2.0,,,,,
Corrales de Duero,Valladolid,47056,41.6713964,-4.0485657,104,145,-28.3,28.4,,,,,
Gallegos de Hornija,Valladolid,47069,41.6095336,-5.0979005,104,156,-33.3,-20.6,,,,,
Piedrahita de Castro,Zamora,49155,41.6807915,-5.728865,104,169,-38.5,18.2,,,,,
Alborge,Zaragoza,50012,41.3344672,-0.3570756,104,128,-18.8,-6.3,,,,,
San Miguel de Serrezuela,Ávila,05218,40.6701416,-5.2877253,103,232,-55.6,-22.0,,,,,
Santa María del Arroyo,Ávila,05224,40.6012086,-4.9237848,103,145,-29.0,-7.2,,,,,
Barbadillo de Herreros,Burgos,09037,42.1507572,-3.1743638,103,168,-38.7,-8.0,,,,,
Cubillo del Campo,Burgos,09114,42.1684304,-3.6105135,103,76,35.5,-1.0,,,,,
Hortigüela,Burgos,09169,42.0684401,-3.425765,103,125,-17.6,2.0,,,,,
Valdeande,Burgos,09403,41.833454,-3.5287921,103,179,-42.5,7.3,,,,,
Orexa,Gipuzkoa,20060,43.0942232,-2.0114313,103,79,30.4,-17.6,,,,,
Susqueda,Girona,17194,42.0141305,2.5470632,103,87,18.4,8.4,,,,,
Maraña,León,24096,43.0501024,-5.1778018,103,191,-46.1,-19.5,,,,,
Páramo de Boedo,Palencia,34122,42.5778506,-4.4003243,103,122,-15.6,4.0,,,,,
Bobadilla,La Rioja,26031,42.3175989,-2.7600208,103,175,-41.1,-11.2,,,,,
Orera,Zaragoza,50196,41.2986902,-1.4794652,103,143,-28.0,-15.6,,,,,
Cantiveros,Ávila,05048,40.9525033,-4.9548456,102,191,-46.6,-15.0,,,,,
Narros de Saldueña,Ávila,05149,40.8736443,-4.8684267,102,210,-51.4,-1.9,,,,,
Alfoz de Santa Gadea,Burgos,09012,42.9559407,-3.9514399,102,156,-34.6,5.2,,,,,
Cubo de Bureba,Burgos,09115,42.640148,-3.2060056,102,136,-25.0,0.0,,,,,
Higuera de Albalat,Cáceres,10097,39.724882,-5.6672585,102,127,-19.7,-3.8,,,,,
Tejadillos,Cuenca,16205,40.1401359,-1.6347259,102,185,-44.9,-22.1,,,,,
"Pobo de Dueñas, El",Guadalajara,19222,40.776982,-1.6498974,102,189,-46.0,-19.0,,,,,
Castelflorite,Huesca,22085,41.8032849,-0.0214772,102,157,-35.0,-10.5,,,,,
Torre la Ribera,Huesca,22233,42.3730631,0.5266856,102,120,-15.0,-1.0,,,,,
Espronceda,Navarra,31096,42.5969881,-2.3051547,102,178,-42.7,-12.8,,,,,
Población de Cerrato,Palencia,34133,41.7926299,-4.427955,102,129,-20.9,-15.0,,,,,
"Atalaya, La",Salamanca,37037,40.5030788,-6.4140467,102,160,-36.2,-15.0,,,,,
Villares de Yeltes,Salamanca,37363,40.866931,-6.4132711,102,187,-45.5,-20.3,,,,,
Bercial,Segovia,40028,40.9060273,-4.4368793,102,138,-26.1,-12.8,,,,,
Cozuelos de Fuentidueña,Segovia,40902,41.3911115,-4.0955261,102,217,-53.0,-22.7,,,,,
Libros,Teruel,44135,40.1619238,-1.2341011,102,182,-44.0,-9.7,,,,,
Castro de Filabres,Almería,04033,37.1844253,-2.4399674,101,207,-51.2,-27.3,,,,,
Bozoó,Burgos,09054,42.7265604,-3.0860117,101,105,-3.8,-3.8,,,,,
Garvín,Cáceres,10083,39.7198367,-5.3467283,101,119,-15.1,11.0,,,,,
Espadilla,Castellón,12058,40.0266307,-0.3554859,101,85,18.8,21.7,,,,,
Fuentelespino de Moya,Cuenca,16088,39.9204894,-1.4707807,101,158,-36.1,-14.4,,,,,
Tribaldos,Cuenca,16217,39.9724076,-2.8981469,101,140,-27.9,11.0,,,,,
Condemios de Arriba,Guadalajara,19096,41.2158797,-3.1256136,101,183,-44.8,-19.8,,,,,
Valdeavellano,Guadalajara,19299,40.6649019,-2.9692736,101,103,-1.9,-4.7,,,,,
Membribe de la Sierra,Salamanca,37189,40.6903863,-5.8063282,101,102,-1.0,-18.5,,,,,
Capafonts,Tarragona,43039,41.2948795,1.0269673,101,105,-3.8,-9.8,,,,,
Grisel,Zaragoza,50122,41.8711041,-1.7273562,101,65,55.4,42.3,,,,,
Santa Eulalia de Gállego,Zaragoza,50238,42.2862001,-0.7597519,101,138,-26.8,-1.0,,,,,
Fageca,Alicante,03067,38.7348122,-0.2681449,100,125,-20.0,-6.5,,,,,
Aldeanueva de Santa Cruz,Ávila,05007,40.3813669,-5.4215683,100,193,-48.2,-16.0,,,,,
Umbrías,Ávila,05249,40.3131382,-5.5785075,100,180,-44.4,-11.5,,,,,
Villaflor,Ávila,05256,40.7582122,-4.8745021,100,175,-42.9,-18.0,,,,,
Pinilla de los Barruecos,Burgos,09268,41.9180505,-3.3041718,100,133,-24.8,-6.5,,,,,
Rebolledo de la Torre,Burgos,09306,42.6889148,-4.2271223,100,176,-43.2,-13.8,,,,,
Cobeta,Guadalajara,19090,40.8655802,-2.1423641,100,129,-22.5,-15.3,,,,,
Renera,Guadalajara,19233,40.4916979,-3.0160342,100,70,42.9,3.1,,,,,
Castrillo de Cabrera,León,24043,42.340266,-6.5513871,100,203,-50.7,-25.4,,,,,
Ivorra,Lleida,25114,41.7720734,1.3949562,100,154,-35.1,-12.3,,,,,
"Molsosa, La",Lleida,25136,41.7856349,1.5442557,100,136,-26.5,-9.9,,,,,
Gallipienzo/Galipentzu,Navarra,31110,42.5243351,-1.4100849,100,161,-37.9,-3.8,,,,,
Larraona,Navarra,31143,42.7793475,-2.2572865,100,164,-39.0,-9.1,,,,,
Aldeavieja de Tormes,Salamanca,37024,40.5831764,-5.6163061,100,133,-24.8,-3.8,,,,,
Maderuelo,Segovia,40115,41.4867788,-3.5219055,100,153,-34.6,-9.1,,,,,
Castillejo de Robledo,Soria,42058,41.5591085,-3.4950898,100,228,-56.1,-13.8,,,,,
Tejado,Soria,42183,41.5882846,-2.2669405,100,262,-61.8,-19.4,,,,,
Camarillas,Teruel,44055,40.6126449,-0.7541341,100,131,-23.7,6.4,,,,,
Quintanilla de Trigueros,Valladolid,47130,41.853865,-4.659214,100,103,-2.9,-6.5,,,,,
Santervás de Campos,Valladolid,47153,42.2175962,-5.0992819,100,173,-42.2,-18.0,,,,,
"Losar del Barco, El",Ávila,05112,40.3932256,-5.5393432,99,162,-38.9,-9.2,,,,,
Navacepedilla de Corneja,Ávila,05151,40.4858066,-5.1843419,99,150,-34.0,-4.8,,,,,
Puerto Castilla,Ávila,05192,40.2896265,-5.629666,99,144,-31.2,-14.7,,,,,
Villamalur,Castellón,12131,39.9648022,-0.3953669,99,161,-38.5,45.6,,,,,
Cañada de Calatrava,Ciudad Real,13029,38.8543572,-4.0209377,99,88,12.5,0.0,,,,,
Matarrubia,Guadalajara,19173,40.8666986,-3.2919721,99,50,98.0,102.0,,,,,
Poveda de la Sierra,Guadalajara,19223,40.642628,-2.0286932,99,207,-52.2,-23.8,,,,,
Vallecillo,León,24191,42.3560442,-5.2116954,99,190,-47.9,-18.9,,,,,
Candilichera,Soria,42049,41.7044709,-2.3016123,99,243,-59.3,-18.9,,,,,
"Lloar, El",Tarragona,43072,41.185269,0.7505207,99,133,-25.6,-19.5,,,,,
Salvador de Zapardiel,Valladolid,47141,41.1170881,-4.8755215,99,208,-52.4,-27.2,,,,,
San Cebrián de Mazote,Valladolid,47142,41.6809699,-5.1478652,99,247,-59.9,-37.7,,,,,
Villarmentero de Esgueva,Valladolid,47224,41.6854311,-4.5467353,99,136,-27.2,1.0,,,,,
Fresneda de la Sierra Tirón,Burgos,09129,42.3152939,-3.1360093,98,107,-8.4,-11.7,,,,,
Redecilla del Camino,Burgos,09307,42.4379725,-3.0651553,98,156,-37.2,-19.0,,,,,
Fuentes de Ayódar,Castellón,12064,40.0208981,-0.4197803,98,98,0.0,-14.0,,,,,
Ledanca,Guadalajara,19159,40.8686389,-2.84391,98,152,-35.5,-10.9,,,,,
Loscorrales,Huesca,22151,42.25297,-0.6414831,98,127,-22.8,-3.9,,,,,
Puebla de la Sierra,Madrid,28118,41.0121247,-3.4444367,98,78,25.6,48.5,,,,,
"Mata de Ledesma, La",Salamanca,37186,41.0003986,-5.9708048,98,155,-36.8,-10.9,,,,,
Sardón de los Frailes,Salamanca,37301,41.2145473,-6.270895,98,106,-7.5,19.5,,,,,
Marazoleja,Segovia,40903,40.9608891,-4.3383896,98,160,-38.8,-10.1,,,,,
Pinarnegrillo,Segovia,40160,41.1907922,-4.2084717,98,205,-52.2,-6.7,,,,,
Barcial de la Loma,Valladolid,47013,41.9505269,-5.2846539,98,171,-42.7,-5.8,,,,,
Quintanilla de Urz,Zamora,49170,42.0325562,-5.8477793,98,150,-34.7,-7.5,,,,,
Bisimbre,Zaragoza,50052,41.8560133,-1.4433266,98,141,-30.5,-3.9,,,,,
Chodes,Zaragoza,50093,41.486542,-1.4801393,98,131,-25.2,-21.6,,,,,
"Revilla y Ahedo, La",Burgos,09312,42.012589,-3.3309834,97,130,-25.4,-13.4,,,,,
Galve de Sorbe,Guadalajara,19127,41.2230204,-3.1835211,97,169,-42.6,-5.8,,,,,
Yélamos de Arriba,Guadalajara,19330,40.639999,-2.84297,97,149,-34.9,4.3,,,,,
Barbués,Huesca,22049,41.9792537,-0.4204613,97,121,-19.8,16.9,,,,,
Eslava,Navarra,31094,42.5643609,-1.4594701,97,196,-50.5,-19.2,,,,,
Manjarrés,La Rioja,26092,42.3918759,-2.6758322,97,152,-36.2,-15.7,,,,,
"Rinconada de la Sierra, La",Salamanca,37268,40.6115511,-6.0196022,97,179,-45.8,-19.2,,,,,
Tabera de Abajo,Salamanca,37314,40.9105527,-6.0014533,97,120,-19.2,-12.6,,,,,
Tejeda y Segoyuela,Salamanca,37320,40.6321386,-6.023044,97,132,-26.5,-2.0,,,,,
Ventosa del Río Almar,Salamanca,37348,40.927724,-5.3482694,97,175,-44.6,-19.8,,,,,
"Pobo, El",Teruel,44185,40.5078458,-0.8612705,97,155,-37.4,-26.5,,,,,
Carrícola,Valencia,46086,38.8403002,-0.4720736,97,77,26.0,2.1,,,,,
Bahabón,Valladolid,47012,41.4809876,-4.2786005,97,208,-53.4,-21.1,,,,,
Cinco Olivas,Zaragoza,50083,41.3403204,-0.3719351,97,134,-27.6,-11.8,,,,,
Fuentelisendo,Burgos,09138,41.6218103,-3.9012949,96,118,-18.6,6.7,,,,,
Revilla del Campo,Burgos,09314,42.2117838,-3.5400609,96,140,-31.4,4.3,,,,,
Valdecañas de Tajo,Cáceres,10197,39.7591476,-5.6199964,96,149,-35.6,-27.8,,,,,
Valdemoro-Sierra,Cuenca,16227,40.1009872,-1.7670594,96,174,-44.8,-20.0,,,,,
Riu de Cerdanya,Lleida,25913,42.3451931,1.8261265,96,,,-1.0,,,,,
Hiriberri/Villanueva de Aezkoa,Navarra,31256,42.9457426,-1.2314098,96,156,-38.5,-16.5,,,,,
Torralba del Río,Navarra,31230,42.6084653,-2.3316332,96,158,-39.2,-16.5,,,,,
Villahán,Palencia,34210,42.050492,-4.131614,96,147,-34.7,-11.1,,,,,
Villodrigo,Palencia,34242,42.144524,-4.0947851,96,138,-30.4,-18.6,,,,,
Coca de Alba,Salamanca,37108,40.8780162,-5.3649354,96,168,-42.9,-3.0,,,,,
Saldeana,Salamanca,37275,41.0213972,-6.6379698,96,197,-51.3,-19.3,,,,,
Fuentesoto,Segovia,40091,41.4565788,-3.917711,96,172,-44.2,-16.5,,,,,
Gallegos,Segovia,40093,41.0745293,-3.7858799,96,113,-15.0,2.1,,,,,
Brahojos de Medina,Valladolid,47025,41.2313136,-5.0419437,96,189,-49.2,-26.2,,,,,
Villalbarba,Valladolid,47213,41.6044064,-5.212377,96,175,-45.1,-18.6,,,,,
Villanueva de San Mancio,Valladolid,47222,41.9282922,-5.0116847,96,99,-3.0,15.7,,,,,
Brime de Urz,Zamora,49028,42.0375321,-5.873206,96,167,-42.5,-20.0,,,,,
Piedratajada,Zaragoza,50207,42.1205428,-0.8054084,96,200,-52.0,-14.3,,,,,
Muñopepe,Ávila,05141,40.6346464,-4.8187637,95,106,-10.4,-13.6,,,,,
Solana de Ávila,Ávila,05236,40.3154483,-5.6122436,95,234,-59.4,-24.6,,,,,
Avellanosa de Muñó,Burgos,09032,41.9834994,-3.8257745,95,175,-45.7,-17.4,,,,,
Coruña del Conde,Burgos,09112,41.7657004,-3.3905895,95,166,-42.8,-20.2,,,,,
Frandovínez,Burgos,09128,42.3097248,-3.8376636,95,85,11.8,3.3,,,,,
Palazuelos de la Sierra,Burgos,09248,42.211946,-3.4601818,95,67,41.8,17.3,,,,,
Pineda Trasmonte,Burgos,09267,41.9086885,-3.6956524,95,202,-53.0,-16.7,,,,,
Villaescusa de Roa,Burgos,09428,41.727792,-4.0165272,95,182,-47.8,-13.6,,,,,
Membrillera,Guadalajara,19179,40.947242,-2.9781838,95,103,-7.8,3.3,,,,,
Canejan,Lleida,25063,42.8382496,0.7399836,95,104,-8.7,-2.1,,,,,
Boadilla de Rioseco,Palencia,34035,42.1793848,-4.9689427,95,198,-52.0,-22.1,,,,,
Cañas,La Rioja,26040,42.3916416,-2.8462019,95,119,-20.2,-6.9,,,,,
Santurdejo,La Rioja,26141,42.3775287,-2.9547541,95,218,-56.4,-19.5,,,,,
"Encina, La",Salamanca,37119,40.4993696,-6.5305442,95,227,-58.1,-15.2,,,,,
"Vídola, La",Salamanca,37349,41.1537832,-6.4878943,95,202,-53.0,-18.8,,,,,
Villar de Argañán,Salamanca,37356,40.6733187,-6.7187284,95,114,-16.7,6.7,,,,,
Vallfogona de Riucorb,Tarragona,43159,41.5632199,1.2363297,95,130,-26.9,1.1,,,,,
Rillo,Teruel,44195,40.7229168,-0.9961613,95,151,-37.1,3.3,,,,,
Amusquillo,Valladolid,47009,41.7488589,-4.3016445,95,190,-50.0,-10.4,,,,,
Layana,Zaragoza,50135,42.2971738,-1.244821,95,159,-40.3,-5.9,,,,,
Santa Cruz de Grío,Zaragoza,50236,41.3700744,-1.4305172,95,238,-60.1,-22.8,,,,,
Rabanera del Pinar,Burgos,09302,41.8938326,-3.1966167,94,146,-35.6,-18.3,,,,,
Santa Cruz del Valle Urbión,Burgos,09346,42.3049821,-3.2227903,94,133,-29.3,-4.1,,,,,
Matet,Castellón,12076,39.9376751,-0.4686984,94,151,-37.7,8.0,,,,,
Villanueva de Viver,Castellón,12133,40.0593289,-0.6474483,94,95,-1.1,56.7,,,,,
Castillejo de Iniesta,Cuenca,16068,39.5261811,-1.7620353,94,205,-54.1,-46.3,,,,,
Salillas,Huesca,22203,41.9934513,-0.2242303,94,130,-27.7,-4.1,,,,,
"Alamedilla, La",Salamanca,37006,40.4724139,-6.82828,94,239,-60.7,-34.3,,,,,
"Alberguería de Argañán, La",Salamanca,37011,40.4119598,-6.814641,94,208,-54.8,-29.9,,,,,
Fresnedoso,Salamanca,37133,40.4363188,-5.70964,94,138,-31.9,-12.1,,,,,
Azaila,Teruel,44031,41.2912333,-0.4942811,94,192,-51.0,-11.3,,,,,
Castelnou,Teruel,44067,41.228336,-0.3646998,94,106,-11.3,-31.4,,,,,
Urones de Castroponce,Valladolid,47177,42.0985572,-5.2819753,94,171,-45.0,-17.5,,,,,
"Mirón, El",Ávila,05129,40.5338446,-5.4052831,93,268,-65.3,-27.3,,,,,
Capolat,Barcelona,08045,42.0776191,1.752867,93,69,34.8,0.0,,,,,
"Hormazas, Las",Burgos,09166,42.5264822,-3.9274262,93,156,-40.4,-9.7,,,,,
Irueste,Guadalajara,19155,40.6119055,-2.890509,93,75,24.0,29.2,,,,,
Barbuñales,Huesca,22050,42.0255709,-0.0864082,93,110,-15.5,-2.1,,,,,
Somosierra,Madrid,28143,41.133207,-3.581478,93,99,-6.1,20.8,,,,,
Munilla,La Rioja,26098,42.188585,-2.2954756,93,120,-22.5,-11.4,,,,,
Ahigal de los Aceiteros,Salamanca,37003,40.8724904,-6.7462417,93,216,-56.9,-26.2,,,,,
Moríñigo,Salamanca,37206,40.9706153,-5.4138031,93,147,-36.7,-8.8,,,,,
Brieva,Segovia,40033,41.0344175,-4.0537369,93,72,29.2,9.4,,,,,
San Llorente,Valladolid,47143,41.6862157,-4.0649041,93,215,-56.7,-25.0,,,,,
Quintanilla del Monte,Zamora,49168,41.8671057,-5.3496902,93,156,-40.4,-8.8,,,,,
Bijuesca,Zaragoza,50050,41.5403685,-1.9206058,93,148,-37.2,-6.1,,,,,
Fresnedilla,Ávila,05075,40.2316621,-4.6213944,92,123,-25.2,-24.6,,,,,
Hontangas,Burgos,09160,41.5826524,-3.7958319,92,156,-41.0,-8.9,,,,,
Miraveche,Burgos,09220,42.6743332,-3.1991375,92,121,-24.0,15.0,,,,,
Pineda de la Sierra,Burgos,09266,42.2161087,-3.2972245,92,129,-28.7,-9.8,,,,,
Villaldemiro,Burgos,09441,42.2473312,-3.9843067,92,97,-5.2,26.0,,,,,
Zafra de Záncara,Cuenca,16277,39.892017,-2.5579885,92,235,-60.9,-30.8,,,,,
Piracés,Huesca,22181,42.0049623,-0.31579,92,100,-8.0,-10.7,,,,,
Garaioa,Navarra,31112,42.930232,-1.245177,92,126,-27.0,-2.1,,,,,
Alesón,La Rioja,26010,42.4054779,-2.6904851,92,146,-37.0,-20.0,,,,,
Hornos de Moncalvillo,La Rioja,26078,42.3919433,-2.5851743,92,98,-6.1,1.1,,,,,
Crivillén,Teruel,44087,40.88321,-0.5768456,92,138,-33.3,29.6,,,,,
Fuente Encalada,Zamora,49079,42.1100414,-5.9964344,92,167,-44.9,-19.3,,,,,
Malva,Zamora,49107,41.6545033,-5.4865985,92,252,-63.5,-30.3,,,,,
Celada del Camino,Burgos,09095,42.26278,-3.9344242,91,92,-1.1,-4.2,,,,,
Robledillo de Gata,Cáceres,10156,40.3224659,-6.4710118,91,187,-51.3,-4.2,,,,,
Atalaya del Cañavate,Cuenca,16026,39.518015,-2.2521232,91,133,-31.6,-11.7,,,,,
Villar y Velasco,Cuenca,16910,40.1492641,-2.4173548,91,141,-35.5,-1.1,,,,,
Torres de Alcanadre,Huesca,22235,41.9670452,-0.1102331,91,139,-34.5,-7.1,,,,,
Nalec,Lleida,25145,41.5601757,1.1151553,91,104,-12.5,-9.0,,,,,
Gallués/Galoze,Navarra,31111,42.7841441,-1.0960939,91,124,-26.6,-15.0,,,,,
Castrillo de Onielo,Palencia,34051,41.8581113,-4.3016225,91,198,-54.0,-16.5,,,,,
Santa Cecilia del Alcor,Palencia,34167,41.9341653,-4.6586291,91,184,-50.5,-26.0,,,,,
Villanuño de Valdavia,Palencia,34228,42.5074461,-4.5190881,91,138,-34.1,-3.2,,,,,
Martinamor,Salamanca,37182,40.8067817,-5.6000097,91,87,4.6,11.0,,,,,
Santa María de Sando,Salamanca,37293,40.9787511,-6.1289175,91,211,-56.9,-23.5,,,,,
Vallclara,Tarragona,43158,41.3774766,0.982585,91,112,-18.8,-17.3,,,,,
Villahermosa del Campo,Teruel,44252,41.1093212,-1.2459843,91,68,33.8,-8.1,,,,,
Pías,Zamora,49154,42.0919273,-6.9934658,91,255,-64.3,-34.1,,,,,
Alarba,Zaragoza,50009,41.2045968,-1.6129481,91,166,-45.2,-33.6,,,,,
Manchones,Zaragoza,50161,41.1499729,-1.4659045,91,162,-43.8,-24.2,,,,,
Fuentes de Año,Ávila,05078,41.0175547,-4.8976282,90,224,-59.8,-23.1,,,,,
Zapardiel de la Ribera,Ávila,05267,40.3554346,-5.3287255,90,142,-36.6,-21.1,,,,,
Sobremunt,Barcelona,08271,42.0353017,2.165156,90,90,0.0,8.4,,,,,
Ciruelos de Cervera,Burgos,09105,41.9058747,-3.5299981,90,174,-48.3,-19.6,,,,,
Pedroso de Acim,Cáceres,10139,39.824448,-6.4121084,90,149,-39.6,-10.9,,,,,
Uña,Cuenca,16219,40.2231089,-1.977556,90,143,-37.1,-7.2,,,,,
Sacecorbo,Guadalajara,19244,40.8326286,-2.4171017,90,143,-37.1,-10.0,,,,,
Chía,Huesca,22095,42.5206948,0.465951,90,121,-25.6,5.9,,,,,
Jasa,Huesca,22131,42.6933735,-0.6666752,90,137,-34.3,-8.2,,,,,
"Serna, La",Palencia,34175,42.4157678,-4.6645088,90,135,-33.3,-9.1,,,,,
Estollo,La Rioja,26060,42.329958,-2.8502751,90,156,-42.3,0.0,,,,,
Navalilla,Segovia,40140,41.3415816,-3.9335412,90,170,-47.1,-24.4,,,,,
Navares de Enmedio,Segovia,40143,41.3808088,-3.7221685,90,187,-51.9,-6.2,,,,,
Losacio,Zamora,49099,41.7108807,-6.0398748,90,184,-51.1,-28.0,,,,,
Artieda,Zaragoza,50035,42.586845,-0.9834508,90,105,-14.3,13.9,,,,,
Velilla de Jiloca,Zaragoza,50279,41.2745903,-1.6039725,90,130,-30.8,-21.1,,,,,
Cabizuela,Ávila,05045,40.9009527,-4.8010344,89,157,-43.3,-7.3,,,,,
Malpartida de Corneja,Ávila,05116,40.5219022,-5.3491147,89,239,-62.8,-21.2,,,,,
Ojos-Albos,Ávila,05173,40.7062924,-4.5166059,89,53,67.9,32.8,,,,,
Sant Sadurní d'Osormort,Barcelona,08241,41.9019288,2.3815562,89,74,20.3,11.2,,,,,
"Cueva de Roa, La",Burgos,09117,41.6673939,-3.9405223,89,122,-27.0,-1.1,,,,,
Fuentemolinos,Burgos,09139,41.6047416,-3.8499883,89,132,-32.6,-15.2,,,,,
Algora,Guadalajara,19017,40.9624637,-2.6663278,89,113,-21.2,14.1,,,,,
Baélls,Huesca,22043,41.9534941,0.4593262,89,160,-44.4,-15.2,,,,,
Sansol,Navarra,31219,42.5544246,-2.266428,89,127,-29.9,-13.6,,,,,
Collazos de Boedo,Palencia,34061,42.6193852,-4.4832119,89,176,-49.4,-20.5,,,,,
Pedroso,La Rioja,26114,42.3003186,-2.7186216,89,119,-25.2,9.9,,,,,
Aldeacipreste,Salamanca,37013,40.3811075,-5.8978503,89,276,-67.8,-26.4,,,,,
Arcediano,Salamanca,37033,41.0936182,-5.5602675,89,105,-15.2,-21.2,,,,,
Fuentes Calientes,Teruel,44111,40.7004538,-0.9786854,89,143,-37.8,-15.2,,,,,
Peralejos,Teruel,44181,40.4837318,-1.0329396,89,101,-11.9,3.5,,,,,
Valverde de Campos,Valladolid,47185,41.8348449,-5.0371188,89,123,-27.6,-13.6,,,,,
Gamones,Zamora,49088,41.4670486,-6.1778005,89,106,-16.0,-10.1,,,,,
Montón,Zaragoza,50174,41.2066103,-1.5153331,89,140,-36.4,-13.6,,,,,
Vega de Santa María,Ávila,05253,40.8362375,-4.6427746,88,145,-39.3,-1.1,,,,,
Pedrosa del Páramo,Burgos,09257,42.4412181,-3.9737005,88,117,-24.8,-16.2,,,,,
Valdearenas,Guadalajara,19298,40.8099076,-2.9919064,88,62,41.9,1.1,,,,,
"Hiruela, La",Madrid,28069,41.0779223,-3.4552928,88,56,57.1,63.0,,,,,
Matute,La Rioja,26095,42.2984492,-2.7954527,88,174,-49.4,-12.9,,,,,
Zorraquín,La Rioja,26183,42.3258316,-3.0377863,88,49,79.6,-2.2,,,,,
Aldeanueva de la Sierra,Salamanca,37018,40.6151176,-6.1002946,88,103,-14.6,-20.0,,,,,
"Milano, El",Salamanca,37191,41.0923837,-6.5984217,88,193,-54.4,-28.5,,,,,
Monleón,Salamanca,37197,40.584442,-5.8471379,88,135,-34.8,-2.2,,,,,
Pinedas,Salamanca,37252,40.4450129,-5.9609431,88,213,-58.7,-17.8,,,,,
"Tornadizo, El",Salamanca,37325,40.5420699,-5.8930586,88,154,-42.9,0.0,,,,,
"Cuervo, El",Teruel,44092,40.1510523,-1.3258089,88,138,-36.2,-1.1,,,,,
Gargallo,Teruel,44116,40.836081,-0.5837944,88,128,-31.2,-13.7,,,,,
Vega de Valdetronco,Valladolid,47188,41.5943975,-5.1134562,88,199,-55.8,-23.5,,,,,
Casaseca de Campeán,Zamora,49038,41.3741743,-5.7465569,88,165,-46.7,-12.0,,,,,
Vega de Villalobos,Zamora,49232,41.9703985,-5.46288,88,169,-47.9,-24.8,,,,,
Asín,Zaragoza,50036,42.283691,-1.0466465,88,108,-18.5,-17.0,,,,,
Trasmoz,Zaragoza,50265,41.82655,-1.7228713,88,67,31.3,-8.3,,,,,
Vierlas,Zaragoza,50281,41.9274611,-1.6806119,88,106,-17.0,3.5,,,,,
Muñosancho,Ávila,05142,40.9209524,-5.0356572,87,180,-51.7,-15.5,,,,,
Tolbaños,Ávila,05243,40.7515462,-4.5818637,87,147,-40.8,1.2,,,,,
Carrascosa de Haro,Cuenca,16058,39.5972679,-2.5411354,87,162,-46.3,-25.6,,,,,
Laperdiguera,Huesca,22139,41.9901988,-0.0449698,87,103,-15.5,-5.4,,,,,
Puente de Montañana,Huesca,22188,42.1505946,0.6942105,87,142,-38.7,-15.5,,,,,
Arsèguel,Lleida,25032,42.3507602,1.5830268,87,101,-13.9,4.8,,,,,
Fulleda,Lleida,25097,41.4634427,1.024406,87,117,-25.6,0.0,,,,,
Montornès de Segarra,Lleida,25143,41.6009305,1.230309,87,105,-17.1,-13.0,,,,,
Nieva de Cameros,La Rioja,26107,42.2187843,-2.6675237,87,122,-28.7,-5.4,,,,,
Olmedo de Camaces,Salamanca,37223,40.8804555,-6.6236298,87,213,-59.2,-21.6,,,,,
Cervillego de la Cruz,Valladolid,47049,41.1874001,-4.9498759,87,167,-47.9,-11.2,,,,,
Castejón de las Armas,Zaragoza,50076,41.3091768,-1.8107924,87,154,-43.5,-4.4,,,,,
Mirueña de los Infanzones,Ávila,05131,40.7370387,-5.0911915,86,215,-60.0,-14.0,,,,,
Villanueva del Aceral,Ávila,05259,41.0417451,-4.8542126,86,209,-58.9,-37.7,,,,,
Padilla de Arriba,Burgos,09243,42.4382653,-4.1932038,86,138,-37.7,10.3,,,,,
Salinas del Manzano,Cuenca,16187,40.0888092,-1.5536527,86,135,-36.3,-4.4,,,,,
Valverdejo,Cuenca,16237,39.6159822,-2.0238438,86,154,-44.2,-11.3,,,,,
Mirabueno,Guadalajara,19186,40.9444215,-2.7244581,86,123,-30.1,1.2,,,,,
"Yunta, La",Guadalajara,19332,40.9146065,-1.6843001,86,180,-52.2,-14.9,,,,,
Baños de Rioja,La Rioja,26025,42.5118917,-2.9459867,86,117,-26.5,-5.5,,,,,
Foncea,La Rioja,26062,42.6149845,-3.0390692,86,130,-33.8,-10.4,,,,,
San Pelayo de Guareña,Salamanca,37292,41.1165634,-5.8575464,86,114,-24.6,-13.1,,,,,
Villaciervos,Soria,42205,41.7623727,-2.6271019,86,101,-14.9,-6.5,,,,,
Robladillo,Valladolid,47135,41.6080465,-4.9101378,86,110,-21.8,-9.5,,,,,
Villalba de Perejil,Zaragoza,50286,41.3274445,-1.5491439,86,126,-31.7,-13.1,,,,,
Benimassot,Alicante,03039,38.7491212,-0.2923244,85,122,-30.3,-14.1,,,,,
Blascosancho,Ávila,05035,40.8780478,-4.6374932,85,163,-47.9,-22.0,,,,,
Graja de Campalbo,Cuenca,16095,39.8990692,-1.2714106,85,146,-41.8,-8.6,,,,,
Valverde de los Arroyos,Guadalajara,19311,41.1293314,-3.2336738,85,88,-3.4,1.2,,,,,
Bonansa,Huesca,22067,42.4269403,0.6668598,85,72,18.1,6.2,,,,,
Cabó,Lleida,25061,42.2391689,1.2469615,85,127,-33.1,-7.6,,,,,
Nestares,La Rioja,26106,42.2704007,-2.6198894,85,77,10.4,-11.5,,,,,
"Arco, El",Salamanca,37034,41.1100862,-5.8244943,85,113,-24.8,-8.6,,,,,
Aldealafuente,Soria,42009,41.6714352,-2.3249201,85,170,-50.0,-2.3,,,,,
Valdenebro,Soria,42195,41.5716718,-2.9641369,85,170,-50.0,-26.7,,,,,
"Hoz de la Vieja, La",Teruel,44124,40.9237957,-0.843254,85,139,-38.8,7.6,,,,,
Berrueces,Valladolid,47019,41.945506,-5.0975153,85,112,-24.1,-13.3,,,,,
Tamariz de Campos,Valladolid,47162,41.9762331,-5.024203,85,115,-26.1,39.3,,,,,
Villanueva de las Peras,Zamora,49259,41.935566,-5.9790915,85,206,-58.7,-3.4,,,,,
Murero,Zaragoza,50184,41.1590899,-1.4822657,85,144,-41.0,-34.1,,,,,
Cillán,Ávila,05059,40.7048645,-4.9778296,84,157,-46.5,-25.0,,,,,
Granera,Barcelona,08095,41.7255146,2.0570042,84,57,47.4,6.3,,,,,
San Adrián de Juarros,Burgos,09335,42.2741651,-3.4755771,84,44,90.9,-6.7,,,,,
Masegoso de Tajuña,Guadalajara,19172,40.825072,-2.6960985,84,105,-20.0,40.0,,,,,
Sopeira,Huesca,22223,42.3172402,0.7469658,84,113,-25.7,-11.6,,,,,
Canales de la Sierra,La Rioja,26038,42.1426201,-3.0251241,84,107,-21.5,-7.7,,,,,
Villalobar de Rioja,La Rioja,26167,42.4918138,-2.9621669,84,136,-38.2,33.3,,,,,
Añover de Tormes,Salamanca,37030,41.1364093,-5.9148371,84,123,-31.7,-9.7,,,,,
Valdehijaderos,Salamanca,37332,40.4193015,-5.8489097,84,130,-35.4,1.2,,,,,
Monforte de Moyuela,Teruel,44152,41.0547646,-1.0142555,84,85,-1.2,27.3,,,,,
Zapardiel de la Cañada,Ávila,05266,40.606713,-5.3385249,83,220,-62.3,-15.3,,,,,
Villegas,Burgos,09473,42.468108,-4.0169491,83,135,-38.5,-7.8,,,,,
Cachorrilla,Cáceres,10038,39.9156586,-6.6691385,83,105,-21.0,-7.8,,,,,
Valdemeca,Cuenca,16224,40.2241115,-1.7433762,83,117,-29.1,-8.8,,,,,
Atanzón,Guadalajara,19043,40.6663557,-2.9979922,83,110,-24.5,0.0,,,,,
Medranda,Guadalajara,19177,40.9828433,-2.9375868,83,150,-44.7,0.0,,,,,
"Tejado, El",Salamanca,37319,40.4426592,-5.5388481,83,186,-55.4,-30.8,,,,,
Valdevacas y Guijar,Segovia,40213,41.1453602,-3.9103987,83,156,-46.8,-11.7,,,,,
Mezquita de Jarque,Teruel,44148,40.7209505,-0.8667062,83,144,-42.4,-23.9,,,,,
Villarejo de Montalbán,Toledo,45194,39.7689628,-4.573705,83,104,-20.2,7.8,,,,,
Villacid de Campos,Valladolid,47199,42.0827855,-5.124154,83,115,-27.8,0.0,,,,,
Salce,Zamora,49183,41.2713023,-6.216758,83,167,-50.3,-19.4,,,,,
Badules,Zaragoza,50040,41.1380273,-1.2517957,83,122,-32.0,-5.7,,,,,
Campillo de Deleitosa,Cáceres,10042,39.7035177,-5.5750201,82,155,-47.1,60.8,,,,,
Ruanes,Cáceres,10161,39.3279182,-6.0132361,82,105,-21.9,17.1,,,,,
Montalbanejo,Cuenca,16129,39.7340388,-2.4988339,82,218,-62.4,-24.8,,,,,
Fuentelsaz,Guadalajara,19122,41.0737084,-1.8307486,82,156,-47.4,-21.2,,,,,
San Adrián del Valle,León,24141,42.130601,-5.7286192,82,173,-52.6,-24.8,,,,,
Villabraz,León,24203,42.2460378,-5.4467541,82,176,-53.4,-23.4,,,,,
Calahorra de Boedo,Palencia,34041,42.5747181,-4.3852597,82,151,-45.7,-12.8,,,,,
"Vid de Ojeda, La",Palencia,34093,42.659135,-4.38495,82,146,-43.8,-21.9,,,,,
Soto en Cameros,La Rioja,26146,42.2865432,-2.4248744,82,151,-45.7,-18.8,,,,,
Aguilar del Alfambra,Teruel,44005,40.5900281,-0.7957918,82,88,-6.8,28.1,,,,,
Valdelinares,Teruel,44244,40.3913722,-0.6059123,82,126,-34.9,-8.9,,,,,
Marracos,Zaragoza,50902,42.0907046,-0.7776508,82,,,-9.9,,,,,
Nava del Barco,Ávila,05153,40.2946529,-5.5407808,81,202,-59.9,-22.9,,,,,
Vita,Ávila,05265,40.8113662,-5.0053801,81,122,-33.6,-3.6,,,,,
Contreras,Burgos,09110,42.0197874,-3.4104416,81,119,-31.9,-1.2,,,,,
Espinosa de Cervera,Burgos,09122,41.8967066,-3.4688486,81,120,-32.5,-19.0,,,,,
Canredondo,Guadalajara,19064,40.8128362,-2.4940965,81,108,-25.0,6.6,,,,,
Fuencemillán,Guadalajara,19119,40.9236606,-3.100673,81,130,-37.7,-19.0,,,,,
Baldellou,Huesca,22045,41.9180234,0.5463819,81,159,-49.1,-11.0,,,,,
Hoz de Jaca,Huesca,22122,42.6910632,-0.3060829,81,80,1.2,12.5,,,,,
Mudá,Palencia,34110,42.8760099,-4.3944214,81,142,-43.0,-18.2,,,,,
Viniegra de Abajo,La Rioja,26178,42.152461,-2.8891866,81,131,-38.2,-1.2,,,,,
Guijo de Ávila,Salamanca,37155,40.5307637,-5.6401978,81,121,-33.1,5.2,,,,,
San Cristóbal de la Vega,Segovia,40178,41.1120688,-4.6445295,81,161,-49.7,-28.3,,,,,
Santiuste de Pedraza,Segovia,40188,41.090572,-3.8859728,81,108,-25.0,-22.1,,,,,
Matalebreras,Soria,42110,41.8414501,-2.0469084,81,135,-40.0,22.7,,,,,
Vadillo,Soria,42190,41.7910729,-3.0084487,81,161,-49.7,-19.0,,,,,
Ferreruela de Huerva,Teruel,44101,41.0634202,-1.2332963,81,87,-6.9,20.9,,,,,
Piñel de Arriba,Valladolid,47119,41.6988945,-4.1284803,81,161,-49.7,-18.2,,,,,
Vega de Ruiponce,Valladolid,47187,42.1876793,-5.1158472,81,151,-46.4,-19.0,,,,,
Cabezas del Pozo,Ávila,05043,41.0010385,-4.9551438,80,179,-55.3,-4.8,,,,,
Casas del Puerto,Ávila,05052,40.5285587,-5.1976684,80,111,-27.9,-18.4,,,,,
"Carrascalejo, El",Badajoz,06032,39.0223673,-6.3371905,80,34,135.3,8.1,,,,,
Bahabón de Esgueva,Burgos,09033,41.8613881,-3.7292698,80,156,-48.7,-4.8,,,,,
Alcalá de la Vega,Cuenca,16008,40.0271894,-1.524851,80,166,-51.8,-17.5,,,,,
Escopete,Guadalajara,19112,40.4154181,-3.0076346,80,68,17.6,15.9,,,,,
"Recuenco, El",Guadalajara,19232,40.6155654,-2.3395431,80,101,-20.8,9.6,,,,,
Castigaleu,Huesca,22087,42.2041606,0.5789993,80,104,-23.1,-10.1,,,,,
Mues,Navarra,31175,42.6061514,-2.2262371,80,119,-32.8,-4.8,,,,,
Alba de Cerrato,Palencia,34006,41.8127116,-4.3652566,80,115,-30.4,-3.6,,,,,
"Calzada de Béjar, La",Salamanca,37071,40.4115886,-5.8182628,80,107,-25.2,-7.0,,,,,
Fuenteliante,Salamanca,37137,40.8752009,-6.5726791,80,165,-51.5,-25.9,,,,,
Cedillo de la Torre,Segovia,40052,41.4250091,-3.6059777,80,139,-42.4,-22.3,,,,,
Ucero,Soria,42189,41.717188,-3.0512695,80,115,-30.4,45.5,,,,,
Villafuerte,Valladolid,47206,41.7348134,-4.3240657,80,161,-50.3,-14.9,,,,,
Villalonso,Zamora,49249,41.5985823,-5.2976578,80,146,-45.2,-16.7,,,,,
Villadoz,Zaragoza,50283,41.1624228,-1.2874305,80,87,-8.0,-2.4,,,,,
Golosalvo,Albacete,02036,39.2393335,-1.636854,79,140,-43.6,-28.8,,,,,
Bernuy-Zapardiel,Ávila,05029,40.9754808,-4.9439608,79,260,-69.6,-39.2,,,,,
"Hija de Dios, La",Ávila,05096,40.5298754,-4.9678096,79,114,-30.7,-2.5,,,,,
Medinilla,Ávila,05124,40.4399962,-5.61824,79,247,-68.0,-25.5,,,,,
Junta de Villalba de Losa,Burgos,09190,42.9363434,-3.0882171,79,97,-18.6,-9.2,,,,,
Torrecilla del Monte,Burgos,09386,42.0950629,-3.6937373,79,77,2.6,23.4,,,,,
Robregordo,Madrid,28126,41.1064517,-3.5937466,79,88,-10.2,75.6,,,,,
"Puebla de Valdavia, La",Palencia,34140,42.6715979,-4.610052,79,174,-54.6,-26.9,,,,,
Villar de Samaniego,Salamanca,37361,41.1234582,-6.4467365,79,132,-40.2,-10.2,,,,,
Languilla,Segovia,40109,41.4491923,-3.4233849,79,141,-44.0,-3.7,,,,,
Castel de Cabra,Teruel,44066,40.8025206,-0.6942863,79,192,-58.9,-34.2,,,,,
Bocos de Duero,Valladolid,47022,41.6236618,-4.0690547,79,84,-6.0,46.3,,,,,
Monasterio de Vega,Valladolid,47091,42.2304106,-5.1803749,79,87,-9.2,-7.1,,,,,
Argañín,Zamora,49012,41.4396293,-6.2086986,79,121,-34.7,2.6,,,,,
Cotanes del Monte,Zamora,49055,41.8169012,-5.2898081,79,184,-57.1,-30.1,,,,,
Vegalatrave,Zamora,49233,41.701499,-6.1070496,79,173,-54.3,-14.1,,,,,
Alberite de San Juan,Zaragoza,50010,41.8202772,-1.4709561,79,107,-26.2,-1.2,,,,,
Alconchel de Ariza,Zaragoza,50015,41.2040862,-2.1220539,79,171,-53.8,3.9,,,,,
Samper del Salz,Zaragoza,50233,41.2342619,-0.825206,79,149,-47.0,-32.5,,,,,
Cañizar,Guadalajara,19066,40.7697439,-3.0668177,78,125,-37.6,23.8,,,,,
Setiles,Guadalajara,19255,40.733081,-1.6176922,78,179,-56.4,-6.0,,,,,
Tordesilos,Guadalajara,19272,40.6704803,-1.5923641,78,150,-48.0,-23.5,,,,,
Santaliestra y San Quílez,Huesca,22212,42.3069617,0.3658401,78,101,-22.8,-17.9,,,,,
Echarri/Etxarri,Navarra,31083,42.7807766,-1.8251709,78,58,34.5,1.3,,,,,
Zúñiga,Navarra,31265,42.6930374,-2.3004117,78,130,-40.0,-29.1,,,,,
Mazuecos de Valdeginate,Palencia,34103,42.1680833,-4.840417,78,148,-47.3,-22.8,,,,,
Ochánduri,La Rioja,26109,42.5248501,-3.0029945,78,108,-27.8,-15.2,,,,,
Negrilla de Palencia,Salamanca,37222,41.0919534,-5.5922535,78,141,-44.7,-19.6,,,,,
"Sagrada, La",Salamanca,37273,40.7437184,-6.0712929,78,207,-62.3,-30.4,,,,,
Aldealengua de Pedraza,Segovia,40007,41.0643174,-3.8060591,78,105,-25.7,-4.9,,,,,
Caballar,Segovia,40034,41.1229167,-3.9624779,78,113,-31.0,-14.3,,,,,
Valle de Tabladillo,Segovia,40218,41.3626884,-3.8398147,78,178,-56.2,-21.2,,,,,
San Martín de Valvení,Valladolid,47144,41.7528325,-4.5666194,78,117,-33.3,-10.3,,,,,
Santa Eufemia del Arroyo,Valladolid,47152,41.8957208,-5.2651296,78,130,-40.0,-21.2,,,,,
Abanto,Zaragoza,50001,41.1376502,-1.6987114,78,191,-59.2,-26.4,,,,,
Muñico,Ávila,05136,40.706948,-5.0273381,77,156,-50.6,-31.2,,,,,
Sanchorreja,Ávila,05205,40.6646581,-4.9146123,77,136,-43.4,-9.4,,,,,
Ciadoncha,Burgos,09101,42.1592689,-3.9341394,77,139,-44.6,0.0,,,,,
Moncalvillo,Burgos,09225,41.9543436,-3.1993036,77,134,-42.5,-10.5,,,,,
Arcos de la Sierra,Cuenca,16022,40.3467558,-2.1131138,77,123,-37.4,-6.1,,,,,
"Peraleja, La",Cuenca,16156,40.2354319,-2.5556501,77,161,-52.2,-26.0,,,,,
Valfermoso de Tajuña,Guadalajara,19308,40.6199828,-2.9548099,77,111,-30.6,32.8,,,,,
Borau,Huesca,22068,42.6581476,-0.5874559,77,78,-1.3,-15.4,,,,,
Valde-Ucieza,Palencia,34192,42.3986486,-4.574973,77,139,-44.6,-25.2,,,,,
Valle de Cerrato,Palencia,34196,41.8798301,-4.3621839,77,135,-43.0,-15.4,,,,,
"Tala, La",Salamanca,37315,40.5898491,-5.53579,77,151,-49.0,-19.8,,,,,
"Cerollera, La",Teruel,44077,40.8399171,-0.0550066,77,87,-11.5,-19.8,,,,,
Cucalón,Teruel,44090,41.0860556,-1.2153321,77,83,-7.2,-19.8,,,,,
Torre los Negros,Teruel,44227,40.8532367,-1.0970115,77,98,-21.4,-11.5,,,,,
Cuelgamures,Zamora,49059,41.3068846,-5.6580555,77,155,-50.3,-14.4,,,,,
Retascón,Zaragoza,50224,41.1442633,-1.3816675,77,76,1.3,1.3,,,,,
Muñogrande,Ávila,05139,40.8215974,-4.9215323,76,111,-31.5,10.1,,,,,
Chillarón del Rey,Guadalajara,19106,40.5970133,-2.6898503,76,137,-44.5,-30.9,,,,,
Urzainqui/Urzainki,Navarra,31245,42.831403,-0.9460763,76,111,-31.5,-17.4,,,,,
Corral de Ayllón,Segovia,40061,41.3917236,-3.4591203,76,113,-32.7,-9.5,,,,,
Calomarde,Teruel,44052,40.3726062,-1.5754757,76,90,-15.6,-5.0,,,,,
Pozuel del Campo,Teruel,44190,40.7711768,-1.5056434,76,116,-34.5,5.6,,,,,
Singra,Teruel,44213,40.6558585,-1.3115801,76,98,-22.4,-5.0,,,,,
Torre de Arcas,Teruel,44223,40.7518062,-0.0690015,76,117,-35.0,-6.2,,,,,
Partido de la Sierra en Tobalina,Burgos,09255,42.732767,-3.254041,75,90,-16.7,-16.7,,,,,
Alconchel de la Estrella,Cuenca,16012,39.719603,-2.5740529,75,230,-67.4,-29.2,,,,,
Esparza de Salazar/Espartza Zaraitzu,Navarra,31095,42.8547125,-1.0990518,75,122,-38.5,-8.5,,,,,
Guirguillano,Navarra,31121,42.7244834,-1.8785078,75,80,-6.2,0.0,,,,,
Revilla de Collazos,Palencia,34154,42.6290611,-4.5037161,75,103,-27.2,-1.3,,,,,
Berrocal de Huebra,Salamanca,37050,40.7187428,-6.0002251,75,135,-44.4,10.3,,,,,
Fresno de la Fuente,Segovia,40080,41.3922745,-3.6443027,75,78,-3.8,-13.8,,,,,
Valtiendas,Segovia,40215,41.477802,-3.9180548,75,206,-63.6,-17.6,,,,,
Bocigas,Valladolid,47021,41.2291692,-4.6809528,75,180,-58.3,-12.8,,,,,
Bustillo del Oro,Zamora,49030,41.6760286,-5.4599831,75,175,-57.1,-13.8,,,,,
Justel,Zamora,49097,42.15014,-6.2943488,75,188,-60.1,-14.8,,,,,
Castejón de Alarba,Zaragoza,50075,41.1832149,-1.6360917,75,121,-38.0,-11.8,,,,,
Montalvos,Albacete,02050,39.1670809,-2.0271089,74,153,-51.6,-31.5,,,,,
Itero del Castillo,Burgos,09182,42.2898425,-4.2442995,74,127,-41.7,-7.5,,,,,
Valles de Palenzuela,Burgos,09418,42.1199335,-4.0778341,74,114,-35.1,-14.9,,,,,
Benquerencia,Cáceres,10027,39.3101101,-6.0842632,74,105,-29.5,-6.3,,,,,
Argecilla,Guadalajara,19039,40.8830532,-2.8178235,74,116,-36.2,12.1,,,,,
Abáigar,Navarra,31001,42.6482651,-2.1420631,74,95,-22.1,-17.8,,,,,
Aguilar de Codés,Navarra,31008,42.6131528,-2.3901003,74,112,-33.9,-5.1,,,,,
Vidángoz/Bidankoze,Navarra,31252,42.8011983,-1.0142307,74,117,-36.8,-20.4,,,,,
Berrocal de Salvatierra,Salamanca,37051,40.633183,-5.6888316,74,150,-50.7,-18.7,,,,,
Malpartida,Salamanca,37178,40.7625157,-5.2326741,74,175,-57.7,-25.3,,,,,
Nava de Béjar,Salamanca,37213,40.4754326,-5.6787329,74,125,-40.8,-25.3,,,,,
Condado de Castilnovo,Segovia,40060,41.2409132,-3.7428349,74,162,-54.3,-30.8,,,,,
Cubillo,Segovia,40062,41.1216198,-3.9084802,74,66,12.1,0.0,,,,,
Blesa,Teruel,44043,41.0515376,-0.8856396,74,159,-53.5,-26.7,,,,,
Vidayanes,Zamora,49236,41.9097259,-5.5739958,74,128,-42.2,-15.9,,,,,
Gimialcón,Ávila,05086,40.8771239,-5.1228384,73,131,-44.3,-11.0,,,,,
Navalperal de Tormes,Ávila,05162,40.3527558,-5.301196,73,142,-48.6,-21.5,,,,,
San Juan del Olmo,Ávila,05213,40.6536135,-5.0495566,73,194,-62.4,-29.8,,,,,
Rábanos,Burgos,09303,42.319986,-3.2702341,73,97,-24.7,-22.3,,,,,
Solarana,Burgos,09366,41.971418,-3.6586441,73,120,-39.2,-17.0,,,,,
Villalbilla de Gumiel,Burgos,09440,41.807094,-3.6252649,73,144,-49.3,-17.0,,,,,
Henche,Guadalajara,19132,40.7145199,-2.7074524,73,77,-5.2,-24.7,,,,,
Cabredo,Navarra,31063,42.629694,-2.4115903,73,130,-43.8,-31.8,,,,,
Pedraza de Campos,Palencia,34125,41.9844125,-4.7343652,73,146,-50.0,-20.7,,,,,
Triollo,Palencia,34185,42.9243179,-4.6810643,73,102,-28.4,19.7,,,,,
Cabezabellosa de la Calzada,Salamanca,37062,41.0444068,-5.4890785,73,144,-49.3,-16.1,,,,,
Moronta,Salamanca,37208,40.9773108,-6.4302682,73,147,-50.3,-8.8,,,,,
Donhierro,Segovia,40069,41.1158399,-4.6952886,73,116,-37.1,-26.3,,,,,
Arancón,Soria,42024,41.8005665,-2.2817951,73,115,-36.5,-18.0,,,,,
Fuentepinilla,Soria,42090,41.5669805,-2.7627878,73,174,-58.0,-22.3,,,,,
Miño de Medinaceli,Soria,42115,41.1895779,-2.5191228,73,125,-41.6,2.8,,,,,
Muriel Viejo,Soria,42125,41.7826469,-2.9151509,73,92,-20.7,-15.1,,,,,
Ababuj,Teruel,44001,40.5490913,-0.8081778,73,85,-14.1,-3.9,,,,,
Bezas,Teruel,44041,40.3307741,-1.324503,73,72,1.4,12.3,,,,,
Cascante del Río,Teruel,44064,40.1957871,-1.1142918,73,126,-42.1,-1.4,,,,,
Gúdar,Teruel,44121,40.4418233,-0.7199933,73,83,-12.0,0.0,,,,,
Lagueruela,Teruel,44132,41.0415731,-1.1915116,73,73,0.0,-7.6,,,,,
Ardisa,Zaragoza,50033,42.2016921,-0.7590935,73,85,-14.1,1.4,,,,,
Clarés de Ribota,Zaragoza,50084,41.5295761,-1.8376316,73,101,-27.7,-8.8,,,,,
Villanueva de Jiloca,Zaragoza,50289,41.0752414,-1.3924361,73,127,-42.5,28.1,,,,,
Rucandio,Burgos,09328,42.7515741,-3.5415035,72,123,-41.5,-1.4,,,,,
Santibáñez de Esgueva,Burgos,09355,41.8336543,-3.7588164,72,187,-61.5,-22.6,,,,,
Pesquera,Cantabria,39051,43.0820241,-4.0789718,72,106,-32.1,1.4,,,,,
Pavías,Castellón,12088,39.9733262,-0.4820162,72,62,16.1,4.3,,,,,
Campisábalos,Guadalajara,19061,41.2675337,-3.1455702,72,66,9.1,5.9,,,,,
Peñalén,Guadalajara,19214,40.6658527,-2.06986,72,160,-55.0,-4.0,,,,,
Solanillos del Extremo,Guadalajara,19258,40.7509826,-2.6980205,72,127,-43.3,-25.0,,,,,
Zorita de los Canes,Guadalajara,19335,40.3314367,-2.8888967,72,88,-18.2,5.9,,,,,
Etayo,Navarra,31099,42.6170237,-2.1535115,72,95,-24.2,-5.3,,,,,
Orísoain,Navarra,31197,42.6010652,-1.6038509,72,98,-26.5,-20.0,,,,,
Hérmedes de Cerrato,Palencia,34082,41.8193273,-4.1753038,72,155,-53.5,-14.3,,,,,
Pelayos,Salamanca,37242,40.6497928,-5.5756541,72,90,-20.0,-26.5,,,,,
"Matilla, La",Segovia,40125,41.1910769,-3.7948233,72,122,-41.0,-32.1,,,,,
Dévanos,Soria,42075,41.9035478,-1.9473175,72,152,-52.6,-20.0,,,,,
"Villares de Soria, Los",Soria,42211,41.8646716,-2.3559016,72,129,-44.2,-20.9,,,,,
"Cañada de Verich, La",Teruel,44061,40.8659417,-0.0990654,72,106,-32.1,-23.4,,,,,
Villaco,Valladolid,47200,41.7407958,-4.2684266,72,142,-49.3,-20.9,,,,,
Cazurra,Zamora,49044,41.4155012,-5.7041044,72,108,-33.3,-12.2,,,,,
Villaveza de Valverde,Zamora,49272,41.9450345,-5.849627,72,152,-52.6,-19.1,,,,,
Orés,Zaragoza,50197,42.2791648,-1.0002106,72,108,-33.3,-33.3,,,,,
Santed,Zaragoza,50239,41.0326684,-1.5070888,72,83,-13.3,16.1,,,,,
Sigüés,Zaragoza,50245,42.6303483,-1.0117771,72,185,-61.1,-22.6,,,,,
Santo Domingo de las Posadas,Ávila,05229,40.8118343,-4.6344621,71,101,-29.7,-19.3,,,,,
Padilla de Abajo,Burgos,09242,42.4074692,-4.1767266,71,106,-33.0,-17.4,,,,,
Pajarón,Cuenca,16146,39.9578209,-1.7832678,71,140,-49.3,-15.5,,,,,
Campillo de Dueñas,Guadalajara,19059,40.8837064,-1.6847648,71,151,-53.0,-11.2,,,,,
Fuentes de Carbajal,León,24074,42.1778728,-5.446686,71,149,-52.3,-22.8,,,,,
Villerías de Campos,Palencia,34240,41.9447004,-4.8560902,71,136,-47.8,-23.7,,,,,
Arévalo de la Sierra,Soria,42027,41.9473959,-2.4005731,71,120,-40.8,-7.8,,,,,
Fórnoles,Teruel,44105,40.8933257,-0.0039691,71,108,-34.3,-17.4,,,,,
Canillas de Esgueva,Valladolid,47034,41.7548204,-4.1251057,71,149,-52.3,-10.1,,,,,
Villacarralón,Valladolid,47198,42.1895019,-5.0425144,71,128,-44.5,-15.5,,,,,
Malanquilla,Zaragoza,50155,41.5687986,-1.8742932,71,139,-48.9,-33.6,,,,,
Becedillas,Ávila,05025,40.537921,-5.3252416,70,182,-61.5,-29.3,,,,,
Orbita,Ávila,05174,40.9983585,-4.6480105,70,111,-36.9,-10.3,,,,,
San Juan de la Encinilla,Ávila,05210,40.8302999,-4.8379499,70,151,-53.6,-21.3,,,,,
Santo Tomé de Zabarcos,Ávila,05230,40.7868813,-4.9105385,70,124,-43.5,1.4,,,,,
Santa María del Invierno,Burgos,09351,42.4428531,-3.4377738,70,54,29.6,7.7,,,,,
Valluércanes,Burgos,09419,42.572554,-3.1198541,70,133,-47.4,-11.4,,,,,
Poyatos,Cuenca,16165,40.4228412,-2.0492767,70,119,-41.2,11.1,,,,,
Ablanque,Guadalajara,19002,40.8981873,-2.2290447,70,157,-55.4,-4.1,,,,,
"Toba, La",Guadalajara,19269,41.0043007,-2.9825168,70,122,-42.6,-35.2,,,,,
Cabanabona,Lleida,25060,41.8516398,1.2165622,70,101,-30.7,-9.1,,,,,
"Acebeda, La",Madrid,28001,41.0869583,-3.624399,70,53,32.1,6.1,,,,,
Aranarache/Aranaratxe,Navarra,31021,42.7795361,-2.2285728,70,93,-24.7,-1.4,,,,,
Támara de Campos,Palencia,34180,42.2035789,-4.3935873,70,108,-35.2,-2.8,,,,,
Galbárruli,La Rioja,26065,42.6222516,-2.9612927,70,69,1.4,48.9,,,,,
Barbalos,Salamanca,37041,40.6770678,-5.9421514,70,123,-43.1,-10.3,,,,,
Pizarral,Salamanca,37255,40.6161491,-5.6503843,70,97,-27.8,40.0,,,,,
Zamarra,Salamanca,37378,40.5192206,-6.4527286,70,171,-59.1,-33.3,,,,,
Rebollo,Segovia,40165,41.193162,-3.85785,70,140,-50.0,-16.7,,,,,
Cimballa,Zaragoza,50082,41.1012393,-1.7737096,70,141,-50.4,-35.8,,,,,
Villarroya del Campo,Zaragoza,50294,41.1432234,-1.3242782,70,83,-15.7,-7.9,,,,,
Donjimeno,Ávila,05069,40.9602836,-4.8466502,69,142,-51.4,-13.8,,,,,
Bellprat,Barcelona,08021,41.5174829,1.4335846,69,87,-20.7,-8.0,,,,,
Hontanas,Burgos,09159,42.3126025,-4.0444754,69,80,-13.8,4.5,,,,,
Carrascosa,Cuenca,16057,40.5908678,-2.1629716,69,118,-41.5,-13.8,,,,,
"Valdecolmenas, Los",Cuenca,16906,40.1198693,-2.4969471,69,137,-49.6,-15.9,,,,,
Tiurana,Lleida,25222,41.9755539,1.2563829,69,22,213.6,-5.5,,,,,
Madarcos,Madrid,28078,41.0477311,-3.5821549,69,36,91.7,46.8,,,,,
Genevilla,Navarra,31116,42.6451032,-2.3900734,69,127,-45.7,-5.5,,,,,
Casafranca,Salamanca,37089,40.5938599,-5.7604576,69,89,-22.5,0.0,,,,,
"Peña, La",Salamanca,37243,41.1754366,-6.5187144,69,167,-58.7,-33.0,,,,,
Coscurita,Soria,42068,41.4351981,-2.4762543,69,163,-57.7,-20.7,,,,,
Ruesca,Zaragoza,50229,41.2825312,-1.4817074,69,93,-25.8,-5.5,,,,,
Torrehermosa,Zaragoza,50259,41.237897,-2.1280162,69,119,-42.0,3.0,,,,,
Castell de l'Areny,Barcelona,08057,42.1732169,1.9454439,68,52,30.8,-1.4,,,,,
Alfoz de Bricia,Burgos,09011,42.9075158,-3.8478105,68,146,-53.4,-5.6,,,,,
Fresneña,Burgos,09130,42.4141555,-3.134669,68,123,-44.7,-16.0,,,,,
Torrepadre,Burgos,09389,42.0436922,-3.9370054,68,165,-58.8,-6.8,,,,,
Villaverde-Mogina,Burgos,09467,42.1605481,-4.0508335,68,139,-51.1,-15.0,,,,,
Herbers,Castellón,12068,40.7207302,-0.0043748,68,115,-40.9,38.8,,,,,
Abia de la Obispalía,Cuenca,16001,40.0186019,-2.394852,68,93,-26.9,-11.7,,,,,
Huélamo,Cuenca,16107,40.2766202,-1.8098341,68,165,-58.8,-35.2,,,,,
Cendejas de Enmedio,Guadalajara,19080,40.982451,-2.8722665,68,129,-47.3,-9.3,,,,,
"Olivar, El",Guadalajara,19200,40.6060488,-2.7496506,68,114,-40.4,-11.7,,,,,
Beranuy,Huesca,22246,42.3659455,0.5947545,68,116,-41.4,-22.7,,,,,
Monesma y Cajigar,Huesca,22155,42.2601452,0.5967646,68,105,-35.2,-19.0,,,,,
Desojo,Navarra,31079,42.5881304,-2.2757428,68,151,-55.0,-15.0,,,,,
Capillas,Palencia,34045,42.0132277,-4.8902508,68,127,-46.5,-12.8,,,,,
Manzanares de Rioja,La Rioja,26094,42.3951436,-2.895125,68,132,-48.5,-18.1,,,,,
Villanueva de Cameros,La Rioja,26169,42.1671295,-2.6509038,68,126,-46.0,-1.4,,,,,
Chagarcía Medianero,Salamanca,37114,40.6490995,-5.3814275,68,164,-58.5,-19.0,,,,,
Buitrago,Soria,42042,41.8473326,-2.4087706,68,49,38.8,17.2,,,,,
Narros,Soria,42128,41.8490467,-2.2945564,68,61,11.5,54.5,,,,,
Peracense,Teruel,44180,40.6413603,-1.4698693,68,118,-42.4,-9.3,,,,,
Benafarces,Valladolid,47016,41.6210848,-5.2935315,68,118,-42.4,-9.3,,,,,
Talamantes,Zaragoza,50250,41.730689,-1.678859,68,67,1.5,23.6,,,,,
Aveinte,Ávila,05017,40.7821784,-4.8367695,67,153,-56.2,-20.2,,,,,
Casasola,Ávila,05053,40.6682408,-4.8273562,67,189,-64.6,-9.5,,,,,
Salvadiós,Ávila,05198,40.8783506,-5.0964251,67,127,-47.2,-13.0,,,,,
Sacañet,Castellón,12097,39.8521576,-0.7144275,67,124,-46.0,0.0,,,,,
Almadrones,Guadalajara,19020,40.9012507,-2.773743,67,91,-26.4,6.3,,,,,
Valdarachas,Guadalajara,19297,40.5165758,-3.126755,67,27,148.1,97.1,,,,,
Micieces de Ojeda,Palencia,34107,42.6908491,-4.4622322,67,115,-41.7,-20.2,,,,,
Villalaco,Palencia,34213,42.1547483,-4.259306,67,90,-25.6,9.8,,,,,
Villanueva del Rebollar,Palencia,34227,42.2412431,-4.7420949,67,116,-42.2,-15.2,,,,,
"Alameda de Gardón, La",Salamanca,37005,40.6508396,-6.7581352,67,184,-63.6,-19.3,,,,,
Vallejera de Riofrío,Salamanca,37343,40.4091472,-5.719642,67,54,24.1,0.0,,,,,
Añe,Segovia,40018,41.0379879,-4.2957183,67,127,-47.2,-31.6,,,,,
Ciria,Soria,42064,41.6187602,-1.9668672,67,102,-34.3,-25.6,,,,,
Cueva de Ágreda,Soria,42073,41.7638119,-1.8879014,67,112,-40.2,-11.8,,,,,
Villasexmir,Valladolid,47225,41.63969,-5.06452,67,130,-48.5,-19.3,,,,,
Vallesa de la Guareña,Zamora,49230,41.1350367,-5.3270999,67,194,-65.5,-32.3,,,,,
Mancera de Arriba,Ávila,05118,40.7915374,-5.1471584,66,156,-57.7,-24.1,,,,,
Neila de San Miguel,Ávila,05171,40.4234979,-5.6507565,66,135,-51.1,-9.6,,,,,
Quintanilla San García,Burgos,09298,42.5482373,-3.1931626,66,120,-45.0,-26.7,,,,,
Vallat,Castellón,12123,40.0304928,-0.3368007,66,43,53.5,22.2,,,,,
Puertas,Salamanca,37262,41.0972025,-6.2869626,66,117,-43.6,-21.4,,,,,
Salvatierra de Tormes,Salamanca,37277,40.5903045,-5.5977508,66,64,3.1,-15.4,,,,,
Sanchón de la Ribera,Salamanca,37280,41.0884029,-6.4137772,66,132,-50.0,-15.4,,,,,
Valdelageve,Salamanca,37334,40.3691265,-5.9910255,66,136,-51.5,-18.5,,,,,
Velamazán,Soria,42200,41.4493695,-2.698678,66,154,-57.1,-19.5,,,,,
Cabra de Mora,Teruel,44048,40.3175281,-0.8073019,66,97,-32.0,-2.9,,,,,
Jabaloyas,Teruel,44127,40.240197,-1.4075138,66,101,-34.7,-14.3,,,,,
Jarque de la Val,Teruel,44128,40.7024937,-0.8009751,66,106,-37.7,-10.8,,,,,
Bustillo de Chaves,Valladolid,47026,42.1304506,-5.0910466,66,100,-34.0,-17.5,,,,,
Bubierca,Zaragoza,50058,41.3143781,-1.8537739,66,112,-41.1,-4.3,,,,,
San Miguel de Corneja,Ávila,05217,40.4873512,-5.2862732,65,132,-50.8,14.0,,,,,
Quintanavides,Burgos,09292,42.4817142,-3.4241465,65,86,-24.4,-24.4,,,,,
Redecilla del Campo,Burgos,09308,42.4671552,-3.115445,65,105,-38.1,-9.7,,,,,
Fuertescusa,Cuenca,16091,40.4756419,-2.1765193,65,127,-48.8,-12.2,,,,,
Escamilla,Guadalajara,19110,40.5494673,-2.5624861,65,146,-55.5,-3.0,,,,,
Luzaga,Guadalajara,19162,40.9733413,-2.4454122,65,124,-47.6,-5.8,,,,,
Oco,Navarra,31184,42.6391735,-2.1648705,65,91,-28.6,-14.5,,,,,
Villaverde de Rioja,La Rioja,26176,42.3214131,-2.8104437,65,105,-38.1,14.0,,,,,
Aldeaseca de Alba,Salamanca,37021,40.8192396,-5.4457359,65,149,-56.4,-20.7,,,,,
Herguijuela de Ciudad Rodrigo,Salamanca,37157,40.4582826,-6.5209705,65,166,-60.8,-20.7,,,,,
Adradas,Soria,42003,41.3510099,-2.4740263,65,110,-40.9,35.4,,,,,
Fuentecantos,Soria,42087,41.8497879,-2.4281391,65,53,22.6,14.0,,,,,
Fuentelsaz de Soria,Soria,42089,41.866526,-2.4149229,65,62,4.8,10.2,,,,,
Bueña,Teruel,44046,40.7085066,-1.2672166,65,110,-40.9,22.6,,,,,
Calcena,Zaragoza,50069,41.6552887,-1.7181092,65,102,-36.3,-9.7,,,,,
Orcajo,Zaragoza,50195,41.110044,-1.4899156,65,47,38.3,12.1,,,,,
Torralba de los Frailes,Zaragoza,50256,41.0367198,-1.6609507,65,112,-42.0,-25.3,,,,,
Valtorres,Zaragoza,50277,41.2987043,-1.7407117,65,102,-36.3,-11.0,,,,,
Monsalupe,Ávila,05133,40.7692472,-4.7812815,64,99,-35.4,-12.3,,,,,
"Parral, El",Ávila,05180,40.7978926,-4.9903179,64,137,-53.3,-13.5,,,,,
San García de Ingelmos,Ávila,05209,40.7692877,-5.1151447,64,186,-65.6,-24.7,,,,,
Barbadillo del Pez,Burgos,09039,42.1200477,-3.2284599,64,118,-45.8,-7.2,,,,,
Santibáñez del Val,Burgos,09356,41.9739206,-3.4808536,64,64,0.0,36.2,,,,,
Abánades,Guadalajara,19001,40.8929461,-2.4852216,64,125,-48.8,8.5,,,,,
Sayatón,Guadalajara,19252,40.37602,-2.8532862,64,199,-67.8,-25.6,,,,,
Cardeñosa de Volpejera,Palencia,34046,42.2322915,-4.7019806,64,58,10.3,45.5,,,,,
Villasila de Valdavia,Palencia,34234,42.5320097,-4.5588013,64,117,-45.3,-14.7,,,,,
Pradillo,La Rioja,26118,42.1773122,-2.6413811,64,101,-36.6,6.7,,,,,
Canillas de Abajo,Salamanca,37079,40.9222051,-5.9289689,64,119,-46.2,-16.9,,,,,
Cerezal de Peñahorcada,Salamanca,37100,41.1303953,-6.6538463,64,148,-56.8,-20.0,,,,,
Aldehorno,Segovia,40014,41.512919,-3.7774828,64,84,-23.8,12.3,,,,,
Castejón de Tornos,Teruel,44065,40.9974874,-1.4267934,64,109,-41.3,3.2,,,,,
Cabreros del Monte,Valladolid,47029,41.8493512,-5.2708928,64,105,-39.0,-12.3,,,,,
Villanueva de la Condesa,Valladolid,47219,42.1489308,-5.0954584,64,44,45.5,3.2,,,,,
Benitagla,Almería,04026,37.231801,-2.2388276,63,111,-43.2,-8.7,,,,,
Cepeda la Mora,Ávila,05058,40.4576267,-5.0488492,63,150,-58.0,-23.2,,,,,
Gutierre-Muñoz,Ávila,05090,40.9832104,-4.6384392,63,137,-54.0,-24.1,,,,,
Vallibona,Castellón,12127,40.6030803,0.0465541,63,108,-41.7,-22.2,,,,,
Milmarcos,Guadalajara,19183,41.0865389,-1.8764205,63,102,-38.2,-25.9,,,,,
San Andrés del Congosto,Guadalajara,19248,40.9999435,-3.027599,63,99,-36.4,-23.2,,,,,
Olvena,Huesca,22164,42.1078404,0.260347,63,53,18.9,40.0,,,,,
Esterri de Cardós,Lleida,25087,42.5924733,1.2620454,63,80,-21.2,-8.7,,,,,
Daroca de Rioja,La Rioja,26057,42.371653,-2.5813355,63,61,3.3,26.0,,,,,
"Casas del Conde, Las",Salamanca,37090,40.507597,-6.0413664,63,92,-31.5,14.5,,,,,
Fuentepiñel,Segovia,40087,41.4011417,-4.041854,63,192,-67.2,-35.1,,,,,
Valdeprados,Segovia,40211,40.8174894,-4.2568565,63,56,12.5,-21.2,,,,,
Alobras,Teruel,44019,40.1793207,-1.3886401,63,94,-33.0,0.0,,,,,
Cosa,Teruel,44085,40.8339734,-1.1353123,63,106,-40.6,14.5,,,,,
Vivel del Río Martín,Teruel,44267,40.8704933,-0.9404566,63,110,-42.7,-19.2,,,,,
Villageriz,Zamora,49244,42.1185914,-5.954934,63,74,-14.9,28.6,,,,,
Mesegar de Corneja,Ávila,05126,40.5014247,-5.3016483,62,130,-52.3,-11.4,,,,,
Jurisdicción de San Zadornil,Burgos,09192,42.8413806,-3.1581659,62,86,-27.9,19.2,,,,,
Rojas,Burgos,09323,42.5782752,-3.4422375,62,108,-42.6,-11.4,,,,,
Villoruebo,Burgos,09476,42.1682973,-3.4420655,62,54,14.8,-23.5,,,,,
Bustares,Guadalajara,19057,41.1357889,-3.0727214,62,108,-42.6,-27.1,,,,,
Castejón de Henares,Guadalajara,19075,40.936896,-2.7867866,62,129,-51.9,-7.5,,,,,
Bausen,Lleida,25045,42.8347635,0.7158147,62,70,-11.4,-3.1,,,,,
Manquillos,Palencia,34099,42.2042764,-4.5675522,62,81,-23.5,-17.3,,,,,
Villovieco,Palencia,34246,42.2954371,-4.4819042,62,141,-56.0,-16.2,,,,,
San Torcuato,La Rioja,26139,42.4821727,-2.8903548,62,110,-43.6,5.1,,,,,
Doñinos de Ledesma,Salamanca,37116,41.0115802,-6.0339649,62,110,-43.6,-8.8,,,,,
Abejuela,Teruel,44002,39.9102257,-0.8929933,62,70,-11.4,10.7,,,,,
Cortes de Aragón,Teruel,44084,40.9737275,-0.8352589,62,143,-56.6,-1.6,,,,,
Monterde de Albarracín,Teruel,44157,40.4974056,-1.4918671,62,76,-18.4,-6.1,,,,,
Moscardón,Teruel,44159,40.332479,-1.5368889,62,48,29.2,10.7,,,,,
Pitarque,Teruel,44183,40.6478037,-0.5936311,62,114,-45.6,-31.9,,,,,
Tramacastiel,Teruel,44234,40.1883603,-1.2401816,62,120,-48.3,-6.1,,,,,
Aladrén,Zaragoza,50007,41.2492023,-1.1557811,62,64,-3.1,29.2,,,,,
Chamartín,Ávila,05067,40.7018688,-4.9570085,61,121,-49.6,-30.7,,,,,
Gallegos de Altamiros,Ávila,05079,40.7098809,-4.8983792,61,109,-44.0,-11.6,,,,,
Aguas Cándidas,Burgos,09006,42.7311559,-3.5084127,61,96,-36.5,5.2,,,,,
San Millán de Lara,Burgos,09340,42.1363624,-3.345226,61,88,-30.7,-22.8,,,,,
Villaescusa la Sombría,Burgos,09429,42.4149504,-3.4184599,61,59,3.4,-15.3,,,,,
Paredes,Cuenca,16151,40.0659163,-2.8544122,61,75,-18.7,-6.2,,,,,
Valhermoso de la Fuente,Cuenca,16231,39.5524313,-2.0164684,61,64,-4.7,24.5,,,,,
Fuentelviejo,Guadalajara,19123,40.5260247,-2.9850841,61,81,-24.7,7.0,,,,,
"Redonda, La",Salamanca,37266,40.9080833,-6.7489952,61,123,-50.4,-35.1,,,,,
Aldeasoña,Segovia,40013,41.4720246,-4.0563689,61,126,-51.6,-3.2,,,,,
Orejana,Segovia,40150,41.1644848,-3.7803082,61,122,-50.0,-11.6,,,,,
Valleruela de Pedraza,Segovia,40220,41.1792317,-3.8065341,61,78,-21.8,-16.4,,,,,
Alcubilla de las Peñas,Soria,42008,41.2516792,-2.5262868,61,100,-39.0,1.7,,,,,
Almazul,Soria,42021,41.5746727,-2.1458688,61,183,-66.7,-19.7,,,,,
Magaña,Soria,42107,41.9005681,-2.1631048,61,110,-44.5,-22.8,,,,,
Oncala,Soria,42135,41.9707127,-2.3124743,61,117,-47.9,-18.7,,,,,
Recuerda,Soria,42152,41.474509,-2.9945728,61,125,-51.2,-32.2,,,,,
Tajueco,Soria,42177,41.5365732,-2.8489056,61,139,-56.1,-15.3,,,,,
"Parras de Castellote, Las",Teruel,44178,40.7754734,-0.2439791,61,109,-44.0,7.0,,,,,
Mengamuñoz,Ávila,05125,40.5009847,-4.9986341,60,74,-18.9,-4.8,,,,,
Cebrecos,Burgos,09094,41.9843991,-3.596321,60,79,-24.1,25.0,,,,,
"Inviernas, Las",Guadalajara,19154,40.8718374,-2.670153,60,98,-38.8,-11.8,,,,,
Majaelrayo,Guadalajara,19165,41.1116768,-3.30221,60,58,3.4,0.0,,,,,
Miedes de Atienza,Guadalajara,19181,41.2672096,-2.9635623,60,115,-47.8,-6.2,,,,,
"Pedregal, El",Guadalajara,19213,40.7794749,-1.569881,60,114,-47.4,-23.1,,,,,
Yésero,Huesca,22253,42.6193423,-0.2503789,60,70,-14.3,5.3,,,,,
Cubillas de Cerrato,Palencia,34066,41.7984696,-4.4663595,60,111,-45.9,-3.2,,,,,
Marcilla de Campos,Palencia,34101,42.3178263,-4.3959413,60,83,-27.7,50.0,,,,,
Herguijuela del Campo,Salamanca,37159,40.6307421,-5.8637055,60,138,-56.5,-34.1,,,,,
Torre de Esgueva,Valladolid,47169,41.7683027,-4.1998757,60,117,-48.7,-16.7,,,,,
Valdefinjas,Zamora,49228,41.4513172,-5.4528928,60,96,-37.5,11.1,,,,,
Villárdiga,Zamora,49266,41.819015,-5.464274,60,124,-51.6,-28.6,,,,,
"Buste, El",Zaragoza,50063,41.88607,-1.6014515,60,121,-50.4,-6.2,,,,,
Undués de Lerda,Zaragoza,50268,42.5654577,-1.1688986,60,59,1.7,3.4,,,,,
Rivilla de Barajas,Ávila,05196,40.9019309,-4.9882631,59,100,-41.0,1.7,,,,,
Hurones,Burgos,09176,42.4064376,-3.6136387,59,60,-1.7,-20.3,,,,,
Villamayor de Treviño,Burgos,09444,42.4593941,-4.1198699,59,116,-49.1,-18.1,,,,,
Alcantud,Cuenca,16009,40.5484371,-2.3322481,59,136,-56.6,-9.2,,,,,
Pajaroncillo,Cuenca,16147,39.9462593,-1.7342922,59,98,-39.8,-20.3,,,,,
Villalgordo del Marquesado,Cuenca,16247,39.6822592,-2.5088883,59,146,-59.6,-32.2,,,,,
Villanueva de Guadamejud,Cuenca,16250,40.2244737,-2.5056232,59,130,-54.6,-21.3,,,,,
Zafrilla,Cuenca,16278,40.1945017,-1.6183696,59,139,-57.6,-11.9,,,,,
Bujalaro,Guadalajara,19055,40.9372812,-2.8843032,59,88,-33.0,-7.8,,,,,
Puebla de Valles,Guadalajara,19229,40.9275039,-3.3028337,59,73,-19.2,-11.9,,,,,
Villaseca de Uceda,Guadalajara,19323,40.8205085,-3.3520123,59,65,-9.2,34.1,,,,,
Ledigos,Palencia,34094,42.3546268,-4.86461,59,114,-48.2,-10.6,,,,,
Payo de Ojeda,Palencia,34124,42.7192977,-4.478643,59,101,-41.6,-4.8,,,,,
Valderrodilla,Soria,42197,41.5638171,-2.8073995,59,139,-57.6,-23.4,,,,,
Villasayas,Soria,42212,41.3527258,-2.6104426,59,112,-47.3,-21.3,,,,,
Villafrades de Campos,Valladolid,47203,42.0783899,-4.9708003,59,121,-51.2,-11.9,,,,,
Fombuena,Zaragoza,50108,41.1440266,-1.192324,59,21,181.0,9.3,,,,,
"Vilueña, La",Zaragoza,50282,41.2728286,-1.7252077,59,103,-42.7,-41.0,,,,,
Arevalillo,Ávila,05015,40.5872112,-5.371953,58,152,-61.8,-32.6,,,,,
Fuentebureba,Burgos,09135,42.6340379,-3.2350577,58,90,-35.6,11.5,,,,,
Grisaleña,Burgos,09149,42.5913666,-3.264126,58,53,9.4,45.0,,,,,
Terradillos de Esgueva,Burgos,09380,41.8200951,-3.84288,58,134,-56.7,-29.3,,,,,
Zuñeda,Burgos,09485,42.6048358,-3.2264746,58,88,-34.1,3.6,,,,,
Garaballa,Cuenca,16093,39.8144683,-1.3763652,58,159,-63.5,-19.4,,,,,
Masegosa,Cuenca,16123,40.5464824,-2.0257693,58,135,-57.0,-25.6,,,,,
Pineda de Gigüela,Cuenca,16160,40.0855943,-2.5438748,58,171,-66.1,-4.9,,,,,
Portilla,Cuenca,16163,40.2891053,-2.0828367,58,100,-42.0,-21.6,,,,,
Castilfalé,León,24042,42.2204088,-5.4220406,58,107,-45.8,-19.4,,,,,
Valdemora,León,24178,42.1955809,-5.4275174,58,131,-55.7,-24.7,,,,,
Arres,Lleida,25031,42.7544859,0.7111445,58,64,-9.4,-9.4,,,,,
Bustillo del Páramo de Carrión,Palencia,34039,42.3550033,-4.7387975,58,103,-43.7,-7.9,,,,,
Reinoso de Cerrato,Palencia,34146,41.9765269,-4.3829532,58,86,-32.6,13.7,,,,,
Torrecilla sobre Alesanco,La Rioja,26152,42.4084962,-2.834464,58,90,-35.6,61.1,,,,,
Valdemierque,Salamanca,37336,40.8228876,-5.581335,58,77,-24.7,-4.9,,,,,
Marazuela,Segovia,40118,40.9798126,-4.3655121,58,92,-37.0,7.4,,,,,
Melque de Cercos,Segovia,40126,41.0511694,-4.4693488,58,132,-56.1,-31.0,,,,,
Navares de Ayuso,Segovia,40142,41.3746333,-3.708466,58,87,-33.3,5.5,,,,,
"Aldehuelas, Las",Soria,42014,41.9955978,-2.3685483,58,133,-56.4,-14.7,,,,,
Fuentelmonge,Soria,42088,41.4199809,-2.1866825,58,150,-61.3,-19.4,,,,,
Villar del Salz,Teruel,44258,40.6820245,-1.49984,58,115,-49.6,-17.1,,,,,
Abezames,Zamora,49002,41.6260896,-5.4262519,58,118,-50.8,-10.8,,,,,
Nigüella,Zaragoza,50187,41.5362858,-1.5249151,58,123,-52.8,-23.7,,,,,
Hoyorredondo,Ávila,05103,40.462617,-5.4110418,57,133,-57.1,-24.0,,,,,
"Llanos de Tormes, Los",Ávila,05113,40.3283186,-5.5002414,57,146,-61.0,-20.8,,,,,
Pozanco,Ávila,05190,40.800288,-4.6683059,57,58,-1.7,14.0,,,,,
Torralba del Pinar,Castellón,12116,39.9887744,-0.4382786,57,71,-19.7,-13.6,,,,,
Castilforte,Guadalajara,19078,40.5577798,-2.431665,57,53,7.5,-3.4,,,,,
Puebla de Beleña,Guadalajara,19228,40.8903007,-3.219586,57,37,54.1,21.3,,,,,
Yélamos de Abajo,Guadalajara,19329,40.630835,-2.8557132,57,101,-43.6,-10.9,,,,,
Sarriés/Sartze,Navarra,31222,42.8350577,-1.1007613,57,84,-32.1,-9.5,,,,,
Guaza de Campos,Palencia,34081,42.133496,-4.9092466,57,85,-32.9,-6.6,,,,,
Osornillo,Palencia,34116,42.3701512,-4.2911423,57,106,-46.2,-5.0,,,,,
Castroviejo,La Rioja,26044,42.3301583,-2.6613127,57,63,-9.5,-3.4,,,,,
Mansilla de la Sierra,La Rioja,26093,42.1532975,-2.9446257,57,54,5.6,-13.6,,,,,
Muro de Aguas,La Rioja,26100,42.1334505,-2.1120071,57,74,-23.0,11.8,,,,,
Navalmoral de Béjar,Salamanca,37217,40.4231446,-5.782842,57,82,-30.5,-13.6,,,,,
Valverde de Valdelacasa,Salamanca,37341,40.4812228,-5.7811248,57,82,-30.5,-25.0,,,,,
Ródenas,Teruel,44197,40.6394853,-1.5159131,57,98,-41.8,-10.9,,,,,
Torre de Peñafiel,Valladolid,47170,41.5366171,-4.0885448,57,50,14.0,39.0,,,,,
Alforque,Zaragoza,50019,41.3304407,-0.3857483,57,89,-36.0,-1.7,,,,,
Calmarza,Zaragoza,50070,41.157907,-1.9117931,57,94,-39.4,-19.7,,,,,
Narrillos del Álamo,Ávila,05144,40.5665587,-5.4659816,56,173,-67.6,-32.5,,,,,
Castrillo de Riopisuerga,Burgos,09088,42.5150153,-4.252278,56,97,-42.3,-8.2,,,,,
Retuerta,Burgos,09311,42.0296682,-3.5065409,56,77,-27.3,-9.7,,,,,
Miralrío,Guadalajara,19187,40.8886447,-2.9428391,56,85,-34.1,-12.5,,,,,
Olmeda de Cobeta,Guadalajara,19201,40.859511,-2.1821306,56,84,-33.3,-21.1,,,,,
Mirafuentes,Navarra,31170,42.6218731,-2.2783646,56,57,-1.8,0.0,,,,,
Valdeolmillos,Palencia,34189,42.0410076,-4.3999815,56,96,-41.7,-16.4,,,,,
Brincones,Salamanca,37058,41.1146754,-6.3479305,56,124,-54.8,-3.4,,,,,
Puebla de Pedraza,Segovia,40163,41.2047803,-3.9136196,56,95,-41.1,-8.2,,,,,
Bayubas de Arriba,Soria,42033,41.5571202,-2.8871843,56,98,-42.9,9.8,,,,,
Santa Cruz de Yanguas,Soria,42166,42.0626346,-2.4489439,56,65,-13.8,-16.4,,,,,
Cubla,Teruel,44089,40.2102421,-1.0787138,56,60,-6.7,7.7,,,,,
Lidón,Teruel,44136,40.7175307,-1.1124556,56,85,-34.1,1.8,,,,,
Tronchón,Teruel,44236,40.6212083,-0.398535,56,92,-39.1,-16.4,,,,,
Navalmoralejo,Toledo,45111,39.739225,-5.1429775,56,88,-36.4,-20.0,,,,,
Pozuelo de la Orden,Valladolid,47125,41.82224,-5.25906,56,83,-32.5,-6.7,,,,,
Valdearcos de la Vega,Valladolid,47180,41.6426037,-4.048322,56,153,-63.4,-33.3,,,,,
Villalba de la Loma,Valladolid,47211,42.1745783,-5.1902681,56,50,12.0,-5.1,,,,,
Berrocalejo de Aragona,Ávila,05030,40.6946348,-4.5934464,55,41,34.1,14.6,,,,,
Bularros,Ávila,05040,40.724612,-4.8662675,55,127,-56.7,-20.3,,,,,
Moraleja de Matacabras,Ávila,05134,41.1072841,-4.9568853,55,73,-24.7,5.8,,,,,
Arauzo de Torre,Burgos,09022,41.7982057,-3.4223744,55,113,-51.3,-27.6,,,,,
Barrios de Colina,Burgos,09044,42.3956912,-3.4608358,55,80,-31.2,10.0,,,,,
Mazuela,Burgos,09206,42.2064052,-3.917864,55,88,-37.5,-14.1,,,,,
Monterrubio de la Demanda,Burgos,09226,42.1491104,-3.1131226,55,95,-42.1,-14.1,,,,,
Salinillas de Bureba,Burgos,09334,42.5520722,-3.387465,55,73,-24.7,10.0,,,,,
Fuente la Reina,Castellón,12063,40.0639186,-0.609029,55,32,71.9,19.6,,,,,
Santa María del Val,Cuenca,16197,40.5040264,-2.0417378,55,127,-56.7,-9.8,,,,,
"Busto, El",Navarra,31061,42.5490885,-2.2420409,55,105,-47.6,-12.7,,,,,
Moratinos,Palencia,34109,42.3605222,-4.9266466,55,95,-42.1,-9.8,,,,,
"Cabeza de Béjar, La",Salamanca,37063,40.4960866,-5.6630348,55,121,-54.5,-21.4,,,,,
Cereceda de la Sierra,Salamanca,37099,40.5662971,-6.0923097,55,109,-49.5,-26.7,,,,,
Aldeonte,Segovia,40016,41.3511377,-3.6783359,55,96,-42.7,-5.2,,,,,
Lastras del Pozo,Segovia,40111,40.8789757,-4.3455922,55,82,-32.9,-29.5,,,,,
Carabias,Segovia,40161,41.4417257,-3.6734929,55,82,-32.9,19.6,,,,,
Fuentestrún,Soria,42093,41.8748261,-2.0819703,55,74,-25.7,34.1,,,,,
San Felices,Soria,42163,41.9384552,-2.025826,55,78,-29.5,-5.2,,,,,
Huesa del Común,Teruel,44125,41.0104815,-0.9197856,55,138,-60.1,-20.3,,,,,
Segura de los Baños,Teruel,44211,40.9402937,-0.9505108,55,56,-1.8,25.0,,,,,
Villamuriel de Campos,Valladolid,47215,41.9468776,-5.2075331,55,103,-46.6,-6.8,,,,,
Godojos,Zaragoza,50120,41.2685001,-1.8639174,55,77,-28.6,3.8,,,,,
Val de San Martín,Zaragoza,50274,41.0572573,-1.4462737,55,74,-25.7,-21.4,,,,,
Navaescurial,Ávila,05155,40.4720368,-5.2770456,54,111,-51.4,-5.3,,,,,
Valdecasa,Ávila,05252,40.659698,-5.011903,54,126,-57.1,-25.0,,,,,
Mambrillas de Lara,Burgos,09200,42.0949074,-3.4613668,54,81,-33.3,8.0,,,,,
Prádanos de Bureba,Burgos,09273,42.5027424,-3.3477004,54,78,-30.8,-6.9,,,,,
Riocavado de la Sierra,Burgos,09318,42.1525792,-3.1973947,54,76,-28.9,-12.9,,,,,
Higueras,Castellón,12069,39.9841331,-0.5024074,54,46,17.4,-28.9,,,,,
Hontecillas,Cuenca,16104,39.6927948,-2.1868921,54,99,-45.5,3.8,,,,,
Laguna del Marquesado,Cuenca,16115,40.1776385,-1.6715429,54,79,-31.6,25.6,,,,,
San Pedro Palmiches,Cuenca,16193,40.4298294,-2.4052384,54,111,-51.4,-16.9,,,,,
Alaminos,Guadalajara,19004,40.8633363,-2.7259879,54,97,-44.3,-19.4,,,,,
Pálmaces de Jadraque,Guadalajara,19208,41.0563559,-2.9105197,54,63,-14.3,20.0,,,,,
Cumbres de Enmedio,Huelva,21027,38.0731247,-6.6935095,54,60,-10.0,8.0,,,,,
Valfarta,Huesca,22242,41.5580695,-0.1323442,54,109,-50.5,-22.9,,,,,
Castil de Vela,Palencia,34048,41.9837696,-4.9582139,54,117,-53.8,-21.7,,,,,
"Manzano, El",Salamanca,37180,41.1749604,-6.2875837,54,108,-50.0,-27.0,,,,,
"Castellar, El",Teruel,44070,40.3650349,-0.8173009,54,95,-43.2,-3.6,,,,,
Santa María de los Caballeros,Ávila,05226,40.3887337,-5.4514771,53,172,-69.2,-32.9,,,,,
Belbimbre,Burgos,09047,42.168718,-4.0127101,53,75,-29.3,-22.1,,,,,
Úrbel del Castillo,Burgos,09398,42.6192167,-3.8447275,53,103,-48.5,-31.2,,,,,
Morenilla,Guadalajara,19195,40.7861633,-1.707564,53,58,-8.6,20.5,,,,,
Bárcena de Campos,Palencia,34025,42.4834048,-4.4987889,53,72,-26.4,-14.5,,,,,
San Román de la Cuba,Palencia,34165,42.2621227,-4.8569195,53,137,-61.3,-22.1,,,,,
Juarros de Riomoros,Segovia,40105,40.9460702,-4.3086829,53,75,-29.3,-5.4,,,,,
Torreadrada,Segovia,40202,41.4442118,-3.8397875,53,146,-63.7,-18.5,,,,,
Caltojar,Soria,42048,41.4030809,-2.7648035,53,144,-63.2,-15.9,,,,,
Muriel de la Fuente,Soria,42124,41.7244272,-2.8613848,53,83,-36.1,-19.7,,,,,
"Cuba, La",Teruel,44088,40.5916447,-0.2981642,53,70,-24.3,39.5,,,,,
Pozondón,Teruel,44189,40.5610374,-1.4701596,53,88,-39.8,-11.7,,,,,
Puebla de San Miguel,Valencia,46201,40.044968,-1.1443952,53,77,-31.2,-17.2,,,,,
Prado,Zamora,49165,41.9203967,-5.4203949,53,114,-53.5,-10.2,,,,,
Berberana,Burgos,09050,42.9198502,-3.0594587,52,88,-40.9,-21.2,,,,,
Cilleruelo de Arriba,Burgos,09104,41.9047903,-3.6606354,52,83,-37.3,-1.9,,,,,
Cuevas de San Clemente,Burgos,09119,42.1300713,-3.5688189,52,70,-25.7,10.6,,,,,
Fontioso,Burgos,09127,41.9428631,-3.7384163,52,103,-49.5,-16.1,,,,,
Oquillas,Burgos,09239,41.8315653,-3.7034821,52,81,-35.8,-11.9,,,,,
Palazuelos de Muñó,Burgos,09249,42.1966199,-3.9890626,52,75,-30.7,0.0,,,,,
Tamarón,Burgos,09375,42.2723225,-3.9905439,52,49,6.1,26.8,,,,,
Villagalijo,Burgos,09433,42.3488691,-3.1918379,52,82,-36.6,-20.0,,,,,
Tresviso,Cantabria,39088,43.25713,-4.66813,52,62,-16.1,-26.8,,,,,
Armallones,Guadalajara,19040,40.7359202,-2.3028361,52,54,-3.7,2.0,,,,,
"Huerce, La",Guadalajara,19146,41.1527065,-3.1701284,52,42,23.8,20.9,,,,,
Peralveche,Guadalajara,19217,40.610928,-2.4497421,52,95,-45.3,-13.3,,,,,
Retiendas,Guadalajara,19234,40.9709424,-3.2749146,52,54,-3.7,10.6,,,,,
Valle de Bardají,Huesca,22243,42.4346509,0.4650436,52,57,-8.8,52.9,,,,,
Valle de Lierp,Huesca,22244,42.3793173,0.4770246,52,63,-17.5,0.0,,,,,
Riberos de la Cueza,Palencia,34156,42.2784342,-4.7247277,52,97,-46.4,-8.8,,,,,
Garcirrey,Salamanca,37149,40.9013423,-6.1302791,52,113,-54.0,-24.6,,,,,
Pastores,Salamanca,37233,40.5149268,-6.5100082,52,65,-20.0,-18.8,,,,,
Puerto Seguro,Salamanca,37264,40.8274835,-6.7606594,52,122,-57.4,-18.8,,,,,
San Miguel del Robledo,Salamanca,37036,40.5367707,-6.0449626,52,101,-48.5,-16.1,,,,,
Alpanseque,Soria,42023,41.2649313,-2.6707464,52,119,-56.3,-21.2,,,,,
Torrubia de Soria,Soria,42187,41.6302086,-2.0909806,52,104,-50.0,-29.7,,,,,
Villa de Ves,Albacete,02077,39.2225954,-1.2602649,51,68,-25.0,-19.0,,,,,
Villazopeque,Burgos,09472,42.1983071,-4.0165214,51,100,-49.0,-13.6,,,,,
Villores,Castellón,12137,40.6762953,-0.2006783,51,72,-29.2,34.2,,,,,
Berninches,Guadalajara,19051,40.5716705,-2.8010984,51,125,-59.2,-12.1,,,,,
Gajanejos,Guadalajara,19125,40.842399,-2.8928179,51,96,-46.9,13.3,,,,,
Huertahernando,Guadalajara,19148,40.8229072,-2.2867333,51,70,-27.1,-15.0,,,,,
Aria,Navarra,31033,42.9529822,-1.2664583,51,69,-26.1,-1.9,,,,,
Oronz/Orontze,Navarra,31198,42.8685267,-1.0965787,51,53,-3.8,10.9,,,,,
Santa Cruz de Boedo,Palencia,34168,42.5255042,-4.3736548,51,73,-30.1,-8.9,,,,,
Fuente el Olmo de Íscar,Segovia,40084,41.2795496,-4.4940173,51,119,-57.1,-22.7,,,,,
Monterrubio,Segovia,40131,40.8488405,-4.3507292,51,71,-28.2,-19.0,,,,,
Ortigosa de Pestaño,Segovia,40151,41.0875411,-4.3947242,51,87,-41.4,-23.9,,,,,
Santo Domingo de Pirón,Segovia,40190,41.0414069,-3.9905421,51,56,-8.9,-17.7,,,,,
Tabanera la Luenga,Segovia,40200,41.0967576,-4.2385358,51,81,-37.0,0.0,,,,,
Barruelo del Valle,Valladolid,47014,41.6738042,-5.0694379,51,78,-34.6,-22.7,,,,,
Villavellid,Valladolid,47227,41.6924694,-5.2769707,51,69,-26.1,-19.0,,,,,
Vistabella,Zaragoza,50295,41.2187328,-1.1539437,51,34,50.0,6.2,,,,,
Muñotello,Ávila,05143,40.5418131,-5.0414952,50,133,-62.4,-19.4,,,,,
Vadillo de la Sierra,Ávila,05251,40.6063594,-5.1248517,50,175,-71.4,-20.6,,,,,
Nebreda,Burgos,09231,41.9685521,-3.6341657,50,113,-55.8,-26.5,,,,,
Quintanilla del Coco,Burgos,09295,41.9787884,-3.5176199,50,129,-61.2,-16.7,,,,,
Lagunaseca,Cuenca,16116,40.5313816,-2.0190418,50,114,-56.1,-37.5,,,,,
Albendiego,Guadalajara,19008,41.2272366,-3.0524038,50,52,-3.8,13.6,,,,,
Luzón,Guadalajara,19163,41.0265629,-2.2774879,50,93,-46.2,-24.2,,,,,
Marañón,Navarra,31162,42.628671,-2.4391688,50,76,-34.2,-5.7,,,,,
Monforte de la Sierra,Salamanca,37196,40.4832509,-6.056028,50,113,-55.8,-38.3,,,,,
Zarapicos,Salamanca,37380,41.038896,-5.8445454,50,70,-28.6,-9.1,,,,,
Aldealengua de Santa María,Segovia,40008,41.4620062,-3.4670096,50,97,-48.5,-19.4,,,,,
Villar del Ala,Soria,42207,41.9162914,-2.5664646,50,58,-13.8,2.0,,,,,
Adalia,Valladolid,47001,41.6486513,-5.1213107,50,93,-46.2,-15.3,,,,,
Santa María de Valverde,Zamora,49204,41.9347356,-5.9359004,50,108,-53.7,-16.7,,,,,
Villar de Fallaves,Zamora,49263,41.9246185,-5.340548,50,115,-56.5,8.7,,,,,
Cabolafuente,Zaragoza,50065,41.2114483,-2.0395394,50,86,-41.9,42.9,,,,,
Sisamón,Zaragoza,50246,41.1708396,-2.0042537,50,89,-43.8,42.9,,,,,
Urriés,Zaragoza,50270,42.5192918,-1.1292528,50,88,-43.2,25.0,,,,,
Viñegra de Moraña,Ávila,05264,40.8504638,-4.9211106,49,101,-51.5,2.1,,,,,
Arraya de Oca,Burgos,09027,42.4145422,-3.3973407,49,53,-7.5,14.0,,,,,
Fresno de Rodilla,Burgos,09133,42.4196959,-3.4846875,49,35,40.0,2.1,,,,,
Padrones de Bureba,Burgos,09244,42.7057482,-3.53218,49,86,-43.0,-5.8,,,,,
Chumillas,Cuenca,16081,39.7711484,-2.0322704,49,47,4.3,-15.5,,,,,
Rada de Haro,Cuenca,16176,39.5693066,-2.6205352,49,67,-26.9,4.3,,,,,
Valdemorillo de la Sierra,Cuenca,16225,40.0391444,-1.7804077,49,108,-54.6,-36.4,,,,,
"Cardoso de la Sierra, El",Guadalajara,19067,41.0968956,-3.4647756,49,103,-52.4,-22.2,,,,,
Riofrío del Llano,Guadalajara,19238,41.137743,-2.8245945,49,81,-39.5,6.5,,,,,
Valdegrudas,Guadalajara,19302,40.7138517,-3.0144449,49,57,-14.0,-24.6,,,,,
Zarzuela de Jadraque,Guadalajara,19334,41.0682961,-3.043864,49,31,58.1,32.4,,,,,
Senés de Alcubierre,Huesca,22218,41.907392,-0.4907548,49,60,-18.3,8.9,,,,,
Olejua,Navarra,31190,42.6235601,-2.1423082,49,58,-15.5,-5.8,,,,,
Tirapu,Navarra,31229,42.6566786,-1.7029388,49,70,-30.0,-3.9,,,,,
Valbuena de Pisuerga,Palencia,34186,42.1457693,-4.2387558,49,78,-37.2,-2.0,,,,,
Honrubia de la Cuesta,Segovia,40099,41.5101373,-3.7044319,49,90,-45.6,-12.5,,,,,
Liceras,Soria,42105,41.3797605,-3.2438097,49,69,-29.0,-9.3,,,,,
Nepas,Soria,42130,41.5269534,-2.398143,49,94,-47.9,-16.9,,,,,
Pozalmuro,Soria,42142,41.7747313,-2.1019629,49,101,-51.5,-25.8,,,,,
Rollamienta,Soria,42159,41.9261046,-2.5307907,49,51,-3.9,25.6,,,,,
Savallà del Comtat,Tarragona,43143,41.5428139,1.2997894,49,74,-33.8,-16.9,,,,,
Villanueva del Rebollar de la Sierra,Teruel,44256,40.8914413,-1.0091947,49,47,4.3,0.0,,,,,
Castromembibre,Valladolid,47042,41.6724619,-5.3047229,49,90,-45.6,-23.4,,,,,
Llano de Olmedo,Valladolid,47079,41.2674383,-4.614043,49,105,-53.3,-19.7,,,,,
Navatejares,Ávila,05170,40.3355162,-5.5320952,48,122,-60.7,-15.8,,,,,
Castellanos de Castro,Burgos,09079,42.3289446,-4.033354,48,71,-32.4,-4.0,,,,,
Castrillo Mota de Judíos,Burgos,09090,42.3078072,-4.1722363,48,84,-42.9,-14.3,,,,,
Tosantos,Burgos,09392,42.4141088,-3.2424229,48,80,-40.0,-14.3,,,,,
Rozalén del Monte,Cuenca,16181,39.9908714,-2.8052532,48,126,-61.9,-32.4,,,,,
Ezprogui,Navarra,31103,42.5710983,-1.4214783,48,67,-28.4,0.0,,,,,
Ayuela,Palencia,34020,42.6262262,-4.6597711,48,90,-46.7,-11.1,,,,,
Villaconancio,Palencia,34205,41.8714837,-4.223565,48,96,-50.0,-21.3,,,,,
Ventrosa,La Rioja,26164,42.1557741,-2.8521104,48,105,-54.3,-18.6,,,,,
"Bouza, La",Salamanca,37056,40.836137,-6.7963394,48,72,-33.3,-12.7,,,,,
Pozos de Hinojo,Salamanca,37257,40.9137675,-6.4111023,48,95,-49.5,-5.9,,,,,
Valleruela de Sepúlveda,Segovia,40221,41.1880079,-3.7735664,48,78,-38.5,-9.4,,,,,
Cabrejas del Campo,Soria,42044,41.6811312,-2.2696893,48,99,-51.5,-15.8,,,,,
Jatiel,Teruel,44129,41.2191924,-0.3811707,48,72,-33.3,14.3,,,,,
Manzanillo,Valladolid,47080,41.586343,-4.189038,48,86,-44.2,2.1,,,,,
Aldehuela de Liestos,Zaragoza,50016,41.0642215,-1.7005882,48,67,-28.4,-9.4,,,,,
"Pozuelo, El",Cuenca,16169,40.6201881,-2.2772876,47,106,-55.7,-17.5,,,,,
Pinilla de Jadraque,Guadalajara,19218,41.0202461,-2.9430528,47,106,-55.7,-11.3,,,,,
Saúca,Guadalajara,19251,41.0312918,-2.5292937,47,66,-28.8,-20.3,,,,,
Armañanzas,Navarra,31035,42.560496,-2.2851222,47,100,-53.0,-26.6,,,,,
Valderrábano,Palencia,34190,42.606366,-4.6557314,47,83,-43.4,-14.5,,,,,
Villaeles de Valdavia,Palencia,34208,42.5659809,-4.5838316,47,90,-47.8,-13.0,,,,,
Fuentes de Magaña,Soria,42092,41.9355022,-2.1798692,47,107,-56.1,-27.7,,,,,
Trévago,Soria,42188,41.8737588,-2.1025868,47,85,-44.7,-6.0,,,,,
Viana de Duero,Soria,42204,41.5342828,-2.4607382,47,83,-43.4,-17.5,,,,,
Senan,Tarragona,43146,41.4696984,1.0874668,47,36,30.6,-7.8,,,,,
Molezuelas de la Carballeda,Zamora,49120,42.0827555,-6.1861859,47,130,-63.8,-42.7,,,,,
San Martín de Valderaduey,Zamora,49190,41.8135325,-5.4718604,47,112,-58.0,-25.4,,,,,
Bordalba,Zaragoza,50054,41.4166975,-2.0784744,47,101,-53.5,-20.3,,,,,
Aguilar de Bureba,Burgos,09007,42.5906726,-3.3277768,46,97,-52.6,-28.1,,,,,
Campolara,Burgos,09066,42.1193977,-3.4271819,46,106,-56.6,-34.3,,,,,
Valle de Zamanzas,Burgos,09416,42.8495228,-3.754193,46,85,-45.9,-23.3,,,,,
Anquela del Ducado,Guadalajara,19033,40.9702391,-2.1295912,46,89,-48.3,-28.1,,,,,
Baides,Guadalajara,19047,41.0025333,-2.7715934,46,97,-52.6,-27.0,,,,,
Barbarin,Navarra,31046,42.6016906,-2.1005686,46,106,-56.6,-25.8,,,,,
Piedramillera,Navarra,31204,42.6317106,-2.2027196,46,75,-38.7,24.3,,,,,
Nogal de las Huertas,Palencia,34112,42.3922913,-4.6416359,46,80,-42.5,-8.0,,,,,
Villaprovedo,Palencia,34229,42.5169576,-4.3963974,46,110,-58.2,-33.3,,,,,
Gatón de Campos,Valladolid,47070,42.0501045,-4.9798355,46,49,-6.1,24.3,,,,,
Villagómez la Nueva,Valladolid,47208,42.1557798,-5.1422017,46,109,-57.8,-33.3,,,,,
Gil García,Ávila,05085,40.2978041,-5.5942268,45,79,-43.0,9.8,,,,,
Gilbuena,Ávila,05084,40.4150429,-5.606348,45,153,-70.6,-39.2,,,,,
Iglesiarrubia,Burgos,09179,41.9744459,-3.8469783,45,68,-33.8,7.1,,,,,
Jaramillo de la Fuente,Burgos,09183,42.1151721,-3.3125095,45,34,32.4,-13.5,,,,,
Llano de Bureba,Burgos,09195,42.6244785,-3.4589436,45,68,-33.8,-26.2,,,,,
Villaquirán de la Puebla,Burgos,09455,42.2828862,-4.1001439,45,78,-42.3,-13.5,,,,,
Villar del Pozo,Ciudad Real,13095,38.8503411,-3.9635321,45,106,-57.5,-51.6,,,,,
Beamud,Cuenca,16031,40.1863409,-1.8293402,45,111,-59.5,-11.8,,,,,
"Ordial, El",Guadalajara,19203,41.1280743,-3.1146297,45,49,-8.2,55.2,,,,,
Prádena de Atienza,Guadalajara,19226,41.1726056,-3.0064613,45,42,7.1,-11.8,,,,,
Prados Redondos,Guadalajara,19227,40.7847219,-1.7936275,45,92,-51.1,-35.7,,,,,
Taragudo,Guadalajara,19263,40.8233201,-3.0795645,45,30,50.0,-11.8,,,,,
Arconada,Palencia,34015,42.3276271,-4.4952828,45,81,-44.4,2.3,,,,,
Berzosilla,Palencia,34032,42.7801605,-4.0376393,45,77,-41.6,4.7,,,,,
Villalcón,Palencia,34216,42.2927331,-4.8546716,45,102,-55.9,-34.8,,,,,
Barceo,Salamanca,37042,41.0612538,-6.452043,45,76,-40.8,-6.2,,,,,
Navamorales,Salamanca,37218,40.4769369,-5.4786156,45,192,-76.6,-35.7,,,,,
Pelayos del Arroyo,Segovia,40157,41.050778,-3.941377,45,55,-18.2,-11.8,,,,,
Santa Marta del Cerro,Segovia,40186,41.2183709,-3.6848182,45,51,-11.8,4.7,,,,,
Nolay,Soria,42131,41.527173,-2.3506384,45,101,-55.4,-19.6,,,,,
Taroda,Soria,42182,41.3478341,-2.4333906,45,89,-49.4,-6.2,,,,,
Marzales,Valladolid,47081,41.5873694,-5.1330732,45,77,-41.6,-8.2,,,,,
Longás,Zaragoza,50144,42.4803949,-0.9348934,45,42,7.1,28.6,,,,,
Famorca,Alicante,03068,38.7316986,-0.2464923,44,73,-39.7,-24.1,,,,,
San Bartolomé de Béjar,Ávila,05199,40.4079864,-5.6626602,44,88,-50.0,7.3,,,,,
San Pascual,Ávila,05219,40.881645,-4.7550974,44,59,-25.4,2.3,,,,,
Altable,Burgos,09013,42.6032004,-3.0771775,44,63,-30.2,-13.7,,,,,
Arauzo de Salce,Burgos,09021,41.8195157,-3.4120266,44,83,-47.0,-27.9,,,,,
Hornillos del Camino,Burgos,09167,42.3385369,-3.9259523,44,81,-45.7,-21.4,,,,,
Quintanaélez,Burgos,09283,42.6693759,-3.2987332,44,124,-64.5,-8.3,,,,,
Villambistia,Burgos,09445,42.4051648,-3.261804,44,82,-46.3,0.0,,,,,
Monreal del Llano,Cuenca,16128,39.5690417,-2.7602557,44,91,-51.6,-36.2,,,,,
Algar de Mesa,Guadalajara,19016,41.1340421,-1.9592665,44,92,-52.2,-29.0,,,,,
Copernal,Guadalajara,19098,40.867467,-3.0570732,44,32,37.5,46.7,,,,,
Hombrados,Guadalajara,19139,40.801435,-1.685453,44,54,-18.5,22.2,,,,,
Jirueque,Guadalajara,19157,40.9647878,-2.9026106,44,61,-27.9,-29.0,,,,,
"Mierla, La",Guadalajara,19182,40.9376304,-3.235567,44,44,0.0,12.8,,,,,
Lerga,Navarra,31151,42.5662802,-1.5008122,44,87,-49.4,-39.7,,,,,
Población de Arroyo,Palencia,34131,42.3369489,-4.8740936,44,96,-54.2,-27.9,,,,,
San Mamés de Campos,Palencia,34163,42.35478,-4.5658356,44,123,-64.2,-12.0,,,,,
Villacidaler,Palencia,34204,42.2214182,-4.9759098,44,79,-44.3,-8.3,,,,,
Puras,Valladolid,47126,41.1823173,-4.6491499,44,63,-30.2,-24.1,,,,,
Ramiro,Valladolid,47132,41.2285281,-4.7857515,44,87,-49.4,-13.7,,,,,
"Cuerlas, Las",Zaragoza,50091,40.9594637,-1.5495204,44,103,-57.3,0.0,,,,,
Brazacorta,Burgos,09055,41.717424,-3.3669996,43,112,-61.6,-34.8,,,,,
Espinosa del Camino,Burgos,09123,42.4055584,-3.2796725,43,52,-17.3,0.0,,,,,
Piérnigas,Burgos,09265,42.5901504,-3.4131187,43,48,-10.4,7.5,,,,,
Villamiel de la Sierra,Burgos,09447,42.1915528,-3.4174828,43,39,10.3,-6.5,,,,,
Villanueva de Teba,Burgos,09454,42.6488808,-3.1635397,43,78,-44.9,-10.4,,,,,
San Martín de Boniches,Cuenca,16192,39.8865394,-1.5737828,43,111,-61.3,-15.7,,,,,
Huérmeces del Cerro,Guadalajara,19147,41.0535379,-2.7959391,43,70,-38.6,10.3,,,,,
Canillas de Río Tuerto,La Rioja,26039,42.3994057,-2.8412029,43,75,-42.7,4.9,,,,,
Villavelayo,La Rioja,26175,42.1317208,-2.9847602,43,82,-47.6,-17.3,,,,,
Molinillo,Salamanca,37195,40.4689678,-5.9451942,43,80,-46.2,-17.3,,,,,
Sanchón de la Sagrada,Salamanca,37281,40.743199,-6.0249609,43,59,-27.1,7.5,,,,,
Calatañazor,Soria,42046,41.6988312,-2.8186679,43,76,-43.4,-23.2,,,,,
Miño de San Esteban,Soria,42116,41.535917,-3.3458563,43,101,-57.4,-17.3,,,,,
Montenegro de Cameros,Soria,42121,42.0890366,-2.7515359,43,124,-65.3,-34.8,,,,,
Torlengua,Soria,42184,41.4548153,-2.1622235,43,122,-64.8,-29.5,,,,,
Monteagudo del Castillo,Teruel,44156,40.4568776,-0.8176137,43,68,-36.8,-17.3,,,,,
Rubiales,Teruel,44199,40.2764146,-1.2711769,43,64,-32.8,-14.0,,,,,
Castrobol,Valladolid,47040,42.1373037,-5.3137491,43,90,-52.2,-33.8,,,,,
Quintanilla del Molar,Valladolid,47128,41.9890105,-5.4493242,43,89,-51.7,-32.8,,,,,
Fuentesecas,Zamora,49083,41.6305782,-5.4728015,43,92,-53.3,-25.9,,,,,
Oseja,Zaragoza,50198,41.5956317,-1.7001244,43,60,-28.3,-28.3,,,,,
Canales,Ávila,05046,41.0034097,-4.9013913,42,68,-38.2,-19.2,,,,,
Gallegos de Sobrinos,Ávila,05080,40.7169734,-5.112086,42,114,-63.2,-23.6,,,,,
Carazo,Burgos,09070,41.9678708,-3.3547428,42,48,-12.5,20.0,,,,,
Cerratón de Juarros,Burgos,09100,42.4236317,-3.3744439,42,71,-40.8,-20.8,,,,,
Fresneda de la Sierra,Cuenca,16084,40.3914583,-2.141628,42,75,-44.0,-20.8,,,,,
Narboneta,Cuenca,16137,39.7515826,-1.4744993,42,115,-63.5,-27.6,,,,,
Torrubia del Castillo,Cuenca,16213,39.6585198,-2.311664,42,46,-8.7,10.5,,,,,
Valdeconcha,Guadalajara,19301,40.4556255,-2.8769211,42,51,-17.6,5.0,,,,,
Valdelcubo,Guadalajara,19303,41.226126,-2.6758195,42,75,-44.0,-23.6,,,,,
Santibáñez de Ecla,Palencia,34170,42.707615,-4.374304,42,109,-61.5,-35.4,,,,,
Aldeanueva de la Serrezuela,Segovia,40009,41.4603172,-3.7796605,42,59,-28.8,-23.6,,,,,
Membibre de la Hoz,Segovia,40127,41.4478832,-4.097202,42,82,-48.8,35.5,,,,,
Sequera de Fresno,Segovia,40196,41.3667638,-3.5461026,42,57,-26.3,5.0,,,,,
Jorcas,Teruel,44130,40.5429271,-0.7533525,42,54,-22.2,10.5,,,,,
Plou,Teruel,44184,40.9922654,-0.8538516,42,54,-22.2,-14.3,,,,,
Fuente-Olmedo,Valladolid,47068,41.2436986,-4.646986,42,66,-36.4,10.5,,,,,
Moraleja de las Panaderas,Valladolid,47095,41.2766257,-4.8245891,42,29,44.8,7.7,,,,,
San Pelayo,Valladolid,47149,41.6808404,-5.034009,42,42,0.0,-6.7,,,,,
Luesma,Zaragoza,50149,41.1663123,-1.1462268,42,22,90.9,20.0,,,,,
Puendeluna,Zaragoza,50220,42.153174,-0.7574581,42,61,-31.1,-4.5,,,,,
Hurtumpascual,Ávila,05107,40.691812,-5.1129965,41,119,-65.5,-29.3,,,,,
Sigeres,Ávila,05234,40.798821,-4.9333971,41,84,-51.2,-10.9,,,,,
"Quar, La",Barcelona,08177,42.1050263,1.9807775,41,56,-26.8,-24.1,,,,,
Vallarta de Bureba,Burgos,09408,42.5885237,-3.2048503,41,76,-46.1,-2.4,,,,,
Villatuelda,Burgos,09464,41.8153167,-3.8810981,41,77,-46.8,2.5,,,,,
Vizcaínos,Burgos,09478,42.1018113,-3.2669089,41,72,-43.1,-6.8,,,,,
Huérguina,Cuenca,16109,40.04053,-1.608876,41,106,-61.3,-26.8,,,,,
Saelices de la Sal,Guadalajara,19246,40.9065113,-2.3238122,41,72,-43.1,-25.5,,,,,
Viana de Jadraque,Guadalajara,19314,41.0258314,-2.7696069,41,64,-35.9,-22.6,,,,,
Polentinos,Palencia,34134,42.9387931,-4.5264759,41,98,-58.2,-24.1,,,,,
Torremormojón,Palencia,34184,41.9605467,-4.7776238,41,84,-51.2,-28.1,,,,,
Almarza de Cameros,La Rioja,26012,42.2177127,-2.5983147,41,40,2.5,57.7,,,,,
Tobía,La Rioja,26149,42.2986802,-2.8142702,41,62,-33.9,-28.1,,,,,
"Sierpe, La",Salamanca,37309,40.645467,-5.8569297,41,57,-28.1,-14.6,,,,,
Castro de Fuentidueña,Segovia,40047,41.4202328,-3.8542354,41,95,-56.8,32.3,,,,,
Cilleruelo de San Mamés,Segovia,40055,41.4320204,-3.5666086,41,55,-25.5,5.1,,,,,
Junciana,Ávila,05108,40.4112728,-5.5568204,40,100,-60.0,-18.4,,,,,
San Esteban de Zapardiel,Ávila,05208,41.092755,-4.9009616,40,74,-45.9,0.0,,,,,
Fígols,Barcelona,08080,42.1809467,1.8366637,40,53,-24.5,0.0,,,,,
Alcocero de Mola,Burgos,09010,42.4725921,-3.3581664,40,63,-36.5,37.9,,,,,
Viacamp y Litera,Huesca,22247,42.1278354,0.6151953,40,32,25.0,-9.1,,,,,
Nazar,Navarra,31182,42.6368976,-2.2793568,40,59,-32.2,-7.0,,,,,
Lomas,Palencia,34096,42.27354,-4.5503861,40,59,-32.2,-27.3,,,,,
Corporales,La Rioja,26055,42.4324248,-2.9951679,40,64,-37.5,-7.0,,,,,
Leza de Río Leza,La Rioja,26088,42.3292496,-2.4060612,40,33,21.2,2.6,,,,,
Muro en Cameros,La Rioja,26101,42.2254596,-2.529888,40,43,-7.0,-11.1,,,,,
Viniegra de Arriba,La Rioja,26179,42.0952984,-2.8334594,40,56,-28.6,-4.8,,,,,
Ribota,Segovia,40171,41.365104,-3.4290203,40,41,-2.4,-2.4,,,,,
Yelo,Soria,42219,41.2103021,-2.5290837,40,73,-45.2,-9.1,,,,,
Cañada de Benatanduz,Teruel,44060,40.5789413,-0.5369292,40,69,-42.0,-2.4,,,,,
"Vallecillo, El",Teruel,44249,40.2348692,-1.5662929,40,40,0.0,-32.2,,,,,
Berdejo,Zaragoza,50047,41.5614288,-1.9441486,40,53,-24.5,-23.1,,,,,
Nombrevilla,Zaragoza,50188,41.1069225,-1.3587532,40,33,21.2,25.0,,,,,
Jurisdicción de Lara,Burgos,09191,42.1230839,-3.445306,39,84,-53.6,-4.9,,,,,
"Cierva, La",Cuenca,16074,40.0564088,-1.8512278,39,60,-35.0,0.0,,,,,
Robledo de Corpes,Guadalajara,19240,41.1179804,-2.9498511,39,76,-48.7,-23.5,,,,,
Villares de Jadraque,Guadalajara,19321,41.1012805,-3.0257919,39,57,-31.6,-26.4,,,,,
Sorlada,Navarra,31225,42.6150004,-2.2161205,39,53,-26.4,-27.8,,,,,
Dehesa de Romanos,Palencia,34068,42.638722,-4.436018,39,53,-26.4,-2.5,,,,,
Adrada de Pirón,Segovia,40002,41.0519643,-4.0517691,39,61,-36.1,0.0,,,,,
Encinas,Segovia,40071,41.3755042,-3.6675732,39,72,-45.8,-13.3,,,,,
Seno,Teruel,44212,40.8126804,-0.3377956,39,56,-30.4,-4.9,,,,,
Lechón,Zaragoza,50138,41.0864942,-1.2841604,39,58,-32.8,-23.5,,,,,
Navaquesera,Ávila,05164,40.4254949,-4.9108579,38,44,-13.6,58.3,,,,,
Pascualcobo,Ávila,05181,40.6561766,-5.2765076,38,48,-20.8,-24.0,,,,,
Monasterio de la Sierra,Burgos,09223,42.0507106,-3.1931525,38,37,2.7,-17.4,,,,,
Olmillos de Muñó,Burgos,09236,42.2028204,-3.9398962,38,48,-20.8,-2.6,,,,,
Santa Olalla de Bureba,Burgos,09354,42.4786307,-3.439743,38,37,2.7,5.6,,,,,
Vallejera,Burgos,09417,42.1823695,-4.1520827,38,59,-35.6,-7.3,,,,,
Viloria de Rioja,Burgos,09424,42.4264666,-3.1003951,38,71,-46.5,2.7,,,,,
Rueda de la Sierra,Guadalajara,19243,40.9183294,-1.8536762,38,76,-50.0,-24.0,,,,,
Sienes,Guadalajara,19256,41.2005167,-2.6535489,38,107,-64.5,-29.6,,,,,
Taravilla,Guadalajara,19264,40.6971651,-1.968366,38,77,-50.6,11.8,,,,,
Tordellego,Guadalajara,19271,40.7211139,-1.6702474,38,78,-51.3,-29.6,,,,,
Cava,Lleida,25071,42.3252262,1.5841084,38,61,-37.7,-33.3,,,,,
Leache/Leatxe,Navarra,31146,42.607675,-1.4069932,38,50,-24.0,-5.0,,,,,
Abarca de Campos,Palencia,34001,42.0625676,-4.8418423,38,51,-25.5,5.6,,,,,
Olea de Boedo,Palencia,34113,42.6088759,-4.4509722,38,49,-22.4,0.0,,,,,
Brieva de Cameros,La Rioja,26032,42.1640402,-2.7936493,38,77,-50.6,-26.9,,,,,
Peralejos de Arriba,Salamanca,37249,41.0048108,-6.3337391,38,76,-50.0,-11.6,,,,,
Villarmuerto,Salamanca,37366,41.0564519,-6.3629639,38,70,-45.7,-7.3,,,,,
Moral de Hornuez,Segovia,40132,41.464961,-3.6158333,38,121,-68.6,-40.6,,,,,
Tolocirio,Segovia,40201,41.1337944,-4.6503315,38,64,-40.6,-32.1,,,,,
Beratón,Soria,42034,41.7175073,-1.8112726,38,40,-5.0,15.2,,,,,
Forès,Tarragona,43061,41.4941385,1.2378499,38,72,-47.2,-19.1,,,,,
Alcaine,Teruel,44011,40.9531735,-0.7054491,38,61,-37.7,-45.7,,,,,
Fuenferrada,Teruel,44110,40.8689227,-1.0119277,38,49,-22.4,-32.1,,,,,
Quintanilla del Olmo,Zamora,49169,41.9056319,-5.4072724,38,67,-43.3,18.8,,,,,
Cerveruela,Zaragoza,50080,41.2156498,-1.2151644,38,6,533.3,11.8,,,,,
Torralbilla,Zaragoza,50258,41.2100091,-1.33812,38,77,-50.6,-34.5,,,,,
Garganta del Villar,Ávila,05081,40.4495574,-5.1042447,37,84,-56.0,-9.8,,,,,
Tórtoles,Ávila,05246,40.5614138,-5.2617982,37,133,-72.2,-41.3,,,,,
Encío,Burgos,09120,42.6683531,-3.0843048,37,58,-36.2,-15.9,,,,,
Rublacedo de Abajo,Burgos,09327,42.5534049,-3.5017388,37,42,-11.9,27.6,,,,,
Embid,Guadalajara,19109,40.9724337,-1.7122126,37,66,-43.9,-7.5,,,,,
"Navas de Jadraque, Las",Guadalajara,19197,41.1047901,-3.0876009,37,22,68.2,32.1,,,,,
Rillo de Gallo,Guadalajara,19237,40.8667617,-1.9372983,37,72,-48.6,-28.8,,,,,
Romanillos de Atienza,Guadalajara,19241,41.2748772,-2.8957316,37,70,-47.1,-24.5,,,,,
Arenzana de Arriba,La Rioja,26016,42.388468,-2.695645,37,41,-9.8,27.6,,,,,
Soliedra,Soria,42172,41.4695546,-2.3816394,37,45,-17.8,2.8,,,,,
"Pintanos, Los",Zaragoza,50210,42.529134,-1.0216123,37,88,-58.0,-14.0,,,,,
Carcedo de Bureba,Burgos,09071,42.5783936,-3.4982038,36,46,-21.7,-20.0,,,,,
Buciegas,Cuenca,16038,40.336223,-2.461798,36,88,-59.1,-25.0,,,,,
"Parra de las Vegas, La",Cuenca,16152,39.8682597,-2.2048433,36,66,-45.5,-20.0,,,,,
Piqueras del Castillo,Cuenca,16161,39.7206359,-2.0825145,36,90,-60.0,-41.0,,,,,
Mochales,Guadalajara,19188,41.0960514,-2.0146711,36,127,-71.7,-28.0,,,,,
Güesa/Gorza,Navarra,31119,42.8061528,-1.0951832,36,79,-54.4,-16.3,,,,,
Izalzu/Itzaltzu,Navarra,31133,42.9134978,-1.0538676,36,49,-26.5,-28.0,,,,,
Amayuelas de Arriba,Palencia,34009,42.211081,-4.4887297,36,44,-18.2,-7.7,,,,,
Villamuera de la Cueza,Palencia,34224,42.2588686,-4.6881539,36,77,-53.2,-23.4,,,,,
Blacos,Soria,42036,41.6813146,-2.8583472,36,65,-44.6,-28.0,,,,,
Rebollar,Soria,42151,41.9139059,-2.5050538,36,47,-23.4,-7.7,,,,,
Valdegeña,Soria,42192,41.8171769,-2.1741664,36,53,-32.1,-16.3,,,,,
Cañada Vellida,Teruel,44062,40.7082497,-0.9149755,36,63,-42.9,2.9,,,,,
Nogueras,Teruel,44164,41.1350928,-1.0668188,36,23,56.5,24.1,,,,,
Torrijas,Teruel,44231,40.0234779,-0.9574493,36,85,-57.6,-20.0,,,,,
Berceruelo,Valladolid,47018,41.5802174,-5.0325645,36,35,2.9,-2.7,,,,,
Villalán de Campos,Valladolid,47209,42.0141638,-5.2360874,36,54,-33.3,-18.2,,,,,
Tormellas,Ávila,05244,40.3041646,-5.5117428,35,119,-70.6,-30.0,,,,,
Tejada,Burgos,09378,41.9524564,-3.535309,35,55,-36.4,20.7,,,,,
Fresneda de Altarejos,Cuenca,16083,39.9263108,-2.3158007,35,94,-62.8,-32.7,,,,,
Portalrubio de Guadamejud,Cuenca,16162,40.2721375,-2.6043122,35,105,-66.7,25.0,,,,,
Establés,Guadalajara,19115,41.0079309,-2.0240908,35,55,-36.4,29.6,,,,,
San Andrés del Rey,Guadalajara,19249,40.6387222,-2.8202344,35,50,-30.0,9.4,,,,,
Valdesotos,Guadalajara,19307,40.9574718,-3.3286205,35,45,-22.2,34.6,,,,,
San Millán de Yécora,La Rioja,26131,42.5469329,-3.096822,35,63,-44.4,-2.8,,,,,
Castilfrío de la Sierra,Soria,42056,41.9195106,-2.3050401,35,39,-10.3,20.7,,,,,
Cihuela,Soria,42063,41.4066105,-2.0000298,35,111,-68.5,-32.7,,,,,
Nafría de Ucero,Soria,42127,41.7228757,-3.0944746,35,92,-62.0,0.0,,,,,
"Febró, La",Tarragona,43057,41.2772556,1.0039681,35,55,-36.4,-12.5,,,,,
Anadón,Teruel,44024,40.9821703,-0.9831068,35,23,52.2,29.6,,,,,
Fonfría,Teruel,44102,40.9960156,-1.0843389,35,33,6.1,12.9,,,,,
Maicas,Teruel,44142,40.9663806,-0.8896818,35,25,40.0,0.0,,,,,
Obón,Teruel,44167,40.9047511,-0.7232771,35,60,-41.7,-20.5,,,,,
Olmos de Peñafiel,Valladolid,47106,41.5721353,-4.0421982,35,87,-59.8,-43.5,,,,,
Navardún,Zaragoza,50186,42.5128138,-1.1459925,35,64,-45.3,-16.7,,,,,
Brabos,Ávila,05039,40.7787832,-4.9397978,34,76,-55.3,-30.6,,,,,
Grandes y San Martín,Ávila,05088,40.7552041,-4.9575086,34,55,-38.2,21.4,,,,,
Narrillos del Rebollar,Ávila,05145,40.6649623,-4.9657629,34,82,-58.5,-34.6,,,,,
Castildelgado,Burgos,09082,42.4372642,-3.0848612,34,83,-59.0,-15.0,,,,,
"Gallega, La",Burgos,09144,41.8987863,-3.2637004,34,98,-65.3,-35.8,,,,,
Torrelara,Burgos,09388,42.1663038,-3.5167991,34,33,3.0,-5.6,,,,,
Palanques,Castellón,12087,40.7173669,-0.1790528,34,23,47.8,-2.9,,,,,
Villar del Infantado,Cuenca,16259,40.4555118,-2.4791511,34,49,-30.6,-12.8,,,,,
Aribe,Navarra,31034,42.9443902,-1.2638423,34,70,-51.4,-19.0,,,,,
Tremedal de Tormes,Salamanca,37329,41.0744047,-6.1815403,34,57,-40.4,-22.7,,,,,
Bercimuel,Segovia,40029,41.3991011,-3.5704766,34,76,-55.3,9.7,,,,,
Josa,Teruel,44131,40.9558045,-0.7666248,34,47,-27.7,0.0,,,,,
Pobladura de Valderaduey,Zamora,49160,41.7001062,-5.5423917,34,84,-59.5,-22.7,,,,,
Contamina,Zaragoza,50087,41.3054843,-1.9174684,34,61,-44.3,-2.9,,,,,
Cabezón de la Sierra,Burgos,09062,41.9343089,-3.2418285,33,80,-58.8,-46.8,,,,,
Haza,Burgos,09155,41.6210565,-3.8310662,33,45,-26.7,22.2,,,,,
Saceda-Trasierra,Cuenca,16185,40.1545669,-2.8534818,33,95,-65.3,-26.7,,,,,
Pardos,Guadalajara,19209,40.9474414,-1.9260311,33,67,-50.7,-26.7,,,,,
Piqueras,Guadalajara,19221,40.6625837,-1.721885,33,57,-42.1,-49.2,,,,,
Selas,Guadalajara,19254,40.9509863,-2.1014671,33,60,-45.0,-45.9,,,,,
Villabasta de Valdavia,Palencia,34202,42.5606139,-4.6025948,33,44,-25.0,6.5,,,,,
Castraz,Salamanca,37097,40.7054079,-6.3340007,33,72,-54.2,-15.4,,,,,
Valacloche,Teruel,44239,40.1907329,-1.0907763,33,21,57.1,43.5,,,,,
Valdecuenca,Teruel,44243,40.2982626,-1.4082873,33,37,-10.8,-2.9,,,,,
Sempere,Valencia,46226,38.9198161,-0.4800619,33,38,-13.2,-31.2,,,,,
Matilla la Seca,Zamora,49114,41.579216,-5.5002606,33,74,-55.4,-26.7,,,,,
Tollos,Alicante,03130,38.7569986,-0.2746901,32,47,-31.9,-39.6,,,,,
San Bartolomé de Corneja,Ávila,05200,40.4928456,-5.3841741,32,131,-75.6,-33.3,,,,,
San Lorenzo de Tormes,Ávila,05214,40.3701858,-5.488168,32,67,-52.2,-22.0,,,,,
Bañuelos de Bureba,Burgos,09036,42.5005974,-3.2808231,32,51,-37.3,-15.8,,,,,
Barrio de Muñó,Burgos,09041,42.175337,-4.0072058,32,35,-8.6,-3.0,,,,,
Solera de Gabaldón,Cuenca,16199,39.7493161,-1.9768851,32,45,-28.9,14.3,,,,,
Arroyo de las Fraguas,Guadalajara,19042,41.1030119,-3.1317598,32,53,-39.6,23.1,,,,,
Hortezuela de Océn,Guadalajara,19145,40.9521693,-2.4162426,32,84,-61.9,-36.0,,,,,
Tierzo,Guadalajara,19268,40.7490828,-1.9309207,32,42,-23.8,-15.8,,,,,
Torremocha del Pinar,Guadalajara,19283,40.8895823,-2.0454117,32,70,-54.3,-13.5,,,,,
Escobar de Campos,León,24069,42.3135885,-4.9657279,32,89,-64.0,-23.8,,,,,
Espadaña,Salamanca,37126,41.0622425,-6.2852703,32,58,-44.8,0.0,,,,,
"Hoya, La",Salamanca,37163,40.4066413,-5.6989123,32,23,39.1,-23.8,,,,,
Puebla de San Medel,Salamanca,37259,40.5118883,-5.7377132,32,74,-56.8,-27.3,,,,,
Suellacabras,Soria,42175,41.8530171,-2.2235578,32,51,-37.3,33.3,,,,,
Saldón,Teruel,44204,40.3262093,-1.4273964,32,47,-31.9,23.1,,,,,
Berrueco,Zaragoza,50048,40.9905734,-1.4668813,32,38,-15.8,-8.6,,,,,
Isuerre,Zaragoza,50128,42.4883445,-1.0559251,32,67,-52.2,0.0,,,,,
Donvidas,Ávila,05070,41.0889123,-4.8058522,31,70,-55.7,-13.9,,,,,
Villar de Corneja,Ávila,05261,40.4747394,-5.4341556,31,86,-64.0,-22.5,,,,,
Cillaperlata,Burgos,09102,42.7824799,-3.3582255,31,85,-63.5,-11.4,,,,,
Castillejo-Sierra,Cuenca,16070,40.3752299,-2.1405708,31,56,-44.6,0.0,,,,,
"Miñosa, La",Guadalajara,19185,41.1793692,-2.9321633,31,48,-35.4,-6.1,,,,,
Montarrón,Guadalajara,19193,40.9104708,-3.1155948,31,64,-51.6,19.2,,,,,
Utande,Guadalajara,19296,40.8486006,-2.9302393,31,59,-47.5,-8.8,,,,,
Palo,Huesca,22168,42.3231958,0.2440283,31,33,-6.1,29.2,,,,,
Bergasillas Bajera,La Rioja,26029,42.2448566,-2.158954,31,33,-6.1,-18.4,,,,,
Terroba,La Rioja,26147,42.2573994,-2.4438584,31,37,-16.2,-8.8,,,,,
Gejuelo del Barro,Salamanca,37150,41.0771748,-6.1237903,31,51,-39.2,-24.4,,,,,
Arahuetes,Segovia,40019,41.1378436,-3.8569026,31,45,-31.1,-22.5,,,,,
Castroserna de Abajo,Segovia,40049,41.2078986,-3.7345164,31,63,-50.8,-39.2,,,,,
Sotillo,Segovia,40198,41.2596057,-3.6359609,31,49,-36.7,24.0,,,,,
Vizmanos,Soria,42216,42.0236564,-2.4076392,31,45,-31.1,14.8,,,,,
Allueva,Teruel,44023,40.9856986,-1.0423001,31,19,63.2,6.9,,,,,
Miravete de la Sierra,Teruel,44150,40.5770398,-0.6941419,31,50,-38.0,10.7,,,,,
Toril y Masegoso,Teruel,44217,40.2488134,-1.4860337,31,37,-16.2,3.3,,,,,
Villabaruz de Campos,Valladolid,47196,42.010095,-4.9962749,31,55,-43.6,-16.2,,,,,
Poveda,Ávila,05188,40.568,-5.0794334,30,95,-68.4,-36.2,,,,,
Ibrillos,Burgos,09178,42.4541673,-3.0826424,30,104,-71.2,-38.8,,,,,
Pinilla de los Moros,Burgos,09269,42.067974,-3.3271657,30,50,-40.0,-23.1,,,,,
Casas de Garcimolina,Cuenca,16062,39.9977629,-1.4183301,30,26,15.4,0.0,,,,,
Esplegares,Guadalajara,19114,40.8567592,-2.3703681,30,63,-52.4,-30.2,,,,,
Sotodosos,Guadalajara,19261,40.9217319,-2.3926175,30,70,-57.1,-21.1,,,,,
Villanueva de Argecilla,Guadalajara,19318,40.9025356,-2.9137463,30,44,-31.8,3.4,,,,,
Abaurrepea/Abaurrea Baja,Navarra,31004,42.9099508,-1.2170155,30,48,-37.5,-14.3,,,,,
Villarejo,La Rioja,26172,42.372862,-2.88774,30,46,-34.8,-3.2,,,,,
Ahigal de Villarino,Salamanca,37004,41.1579679,-6.3793342,30,49,-38.8,-25.0,,,,,
Bea,Teruel,44036,41.0360113,-1.1467425,30,46,-34.8,-14.3,,,,,
Torrelapaja,Zaragoza,50260,41.5815119,-1.9517028,30,48,-37.5,-9.1,,,,,
Marlín,Ávila,05120,40.7113678,-4.8295264,29,53,-45.3,-25.6,,,,,
Navadijos,Ávila,05154,40.4244908,-5.0825292,29,67,-56.7,-29.3,,,,,
Quintanabureba,Burgos,09280,42.586161,-3.3664052,29,38,-23.7,-3.3,,,,,
Zarzosa de Río Pisuerga,Burgos,09482,42.5359838,-4.2680635,29,66,-56.1,-3.3,,,,,
Azuelo,Navarra,31043,42.6086595,-2.3493717,29,63,-54.0,-21.6,,,,,
Petilla de Aragón,Navarra,31203,42.4614023,-1.0926115,29,52,-44.2,-17.1,,,,,
Rabanera,La Rioja,26121,42.1896,-2.48673,29,64,-54.7,3.6,,,,,
Iruelos,Salamanca,37165,41.1417403,-6.3281576,29,72,-59.7,-19.4,,,,,
Domingo García,Segovia,40068,41.1151681,-4.3792275,29,49,-40.8,-3.3,,,,,
Riofrío de Riaza,Segovia,40172,41.2466255,-3.4501051,29,51,-43.1,-23.7,,,,,
Valdevacas de Montejo,Segovia,40212,41.5208727,-3.6350138,29,35,-17.1,-3.3,,,,,
Aldealseñor,Soria,42012,41.8799681,-2.3144689,29,49,-40.8,-23.7,,,,,
Arenillas,Soria,42026,41.3468888,-2.8461003,29,55,-47.3,7.4,,,,,
Borjabad,Soria,42038,41.5526414,-2.366286,29,70,-58.6,-17.1,,,,,
Cañamaque,Soria,42050,41.4438241,-2.2376039,29,46,-37.0,-14.7,,,,,
Fuentecambrón,Soria,42086,41.5052901,-3.3289219,29,82,-64.6,-25.6,,,,,
Villar del Campo,Soria,42208,41.788444,-2.1490656,29,41,-29.3,31.8,,,,,
Vozmediano,Soria,42217,41.8382377,-1.8559358,29,57,-49.1,-21.6,,,,,
Tormón,Teruel,44218,40.2025629,-1.3545024,29,43,-32.6,-14.7,,,,,
Fontihoyuelo,Valladolid,47064,42.1620231,-5.057964,29,42,-31.0,-14.7,,,,,
Pleitas,Zaragoza,50212,41.7112771,-1.2028208,29,74,-60.8,-34.1,,,,,
Purujosa,Zaragoza,50221,41.6824626,-1.7641229,29,34,-14.7,-23.7,,,,,
Valdehorna,Zaragoza,50273,41.0727456,-1.4228274,29,62,-53.2,3.6,,,,,
Hoyos del Collado,Ávila,05104,40.3593184,-5.2003576,28,50,-44.0,-24.3,,,,,
Gisclareny,Barcelona,08093,42.249978,1.7866137,28,30,-6.7,-3.4,,,,,
Abajas,Burgos,09001,42.623387,-3.581355,28,37,-24.3,-3.4,,,,,
Galbarros,Burgos,09143,42.5279739,-3.4382172,28,32,-12.5,-9.7,,,,,
"Sequera de Haza, La",Burgos,09365,41.5638715,-3.8165088,28,70,-60.0,-20.0,,,,,
Campillos-Sierra,Cuenca,16044,40.1008009,-1.6966379,28,96,-70.8,-15.2,,,,,
Adobes,Guadalajara,19003,40.6762401,-1.6793064,28,45,-37.8,-33.3,,,,,
Anquela del Pedregal,Guadalajara,19034,40.743364,-1.7369335,28,27,3.7,27.3,,,,,
Mantiel,Guadalajara,19169,40.6190695,-2.6618429,28,74,-62.2,-33.3,,,,,
"Sotillo, El",Guadalajara,19260,40.8808075,-2.634236,28,52,-46.2,-40.4,,,,,
Torrubia,Guadalajara,19285,40.9657074,-1.9004247,28,46,-39.1,21.7,,,,,
Orbara,Navarra,31196,42.9661373,-1.2417917,28,67,-58.2,-30.0,,,,,
Belmonte de Campos,Palencia,34031,41.9427963,-4.9873964,28,63,-55.6,-12.5,,,,,
Riaguas de San Bartolomé,Segovia,40168,41.4261702,-3.4887203,28,82,-65.9,-24.3,,,,,
Torreblacos,Soria,42185,41.6697181,-2.8784509,28,43,-34.9,7.7,,,,,
Bádenas,Teruel,44032,41.0919306,-1.1218534,28,25,12.0,47.4,,,,,
"Zoma, La",Teruel,44268,40.7843139,-0.6195433,28,34,-17.6,75.0,,,,,
Embid de Ariza,Zaragoza,50096,41.3797103,-1.9724838,28,64,-56.2,-31.7,,,,,
Lobera de Onsella,Zaragoza,50142,42.478169,-1.0219669,28,66,-57.6,-12.5,,,,,
Mamolar,Burgos,09201,41.927038,-3.362244,27,74,-63.5,-6.9,,,,,
Tobar,Burgos,09382,42.4838628,-3.9389483,27,49,-44.9,0.0,,,,,
Cueva del Hierro,Cuenca,16079,40.5828632,-2.0359702,27,45,-40.0,-15.6,,,,,
Requena de Campos,Palencia,34149,42.30785,-4.3428348,27,56,-51.8,28.6,,,,,
Castrojimeno,Segovia,40048,41.3957126,-3.8476345,27,50,-46.0,-27.0,,,,,
Aldehuela de Periáñez,Soria,42013,41.8073233,-2.3069881,27,47,-42.6,-27.0,,,,,
Buberos,Soria,42041,41.646883,-2.1946395,27,54,-50.0,-20.6,,,,,
Cerbón,Soria,42060,41.9292939,-2.1687504,27,53,-49.1,-28.9,,,,,
Alpeñés,Teruel,44020,40.7991086,-1.0655813,27,32,-15.6,17.4,,,,,
Veguillas de la Sierra,Teruel,44250,40.154152,-1.405884,27,31,-12.9,42.1,,,,,
Torrecilla de la Torre,Valladolid,47168,41.6665859,-5.049413,27,39,-30.8,-10.0,,,,,
Narros del Puerto,Ávila,05148,40.5416959,-4.9918307,26,41,-36.6,0.0,,,,,
Berzosa de Bureba,Burgos,09052,42.6269035,-3.266226,26,60,-56.7,-13.3,,,,,
Carrias,Burgos,09076,42.4816821,-3.2833204,26,51,-49.0,4.0,,,,,
Castil de Peones,Burgos,09083,42.4837724,-3.3844208,26,37,-29.7,-29.7,,,,,
San Vicente del Valle,Burgos,09360,42.3372697,-3.1618332,26,39,-33.3,-10.3,,,,,
"Vid de Bureba, La",Burgos,09422,42.6310493,-3.300255,26,44,-40.9,52.9,,,,,
Barriopedro,Guadalajara,19050,40.7898043,-2.7526715,26,36,-27.8,44.4,,,,,
Somolinos,Guadalajara,19259,41.2451295,-3.0577003,26,36,-27.8,-21.2,,,,,
Torrecuadradilla,Guadalajara,19278,40.8533031,-2.5326915,26,76,-65.8,-10.3,,,,,
Villarmentero de Campos,Palencia,34230,42.2971612,-4.499231,26,19,36.8,30.0,,,,,
Velilla de la Sierra,Soria,42201,41.8092122,-2.4014378,26,24,8.3,13.0,,,,,
Roturas,Valladolid,47137,41.6682638,-4.1180563,26,29,-10.3,-18.8,,,,,
Sant Jaume de Frontanyà,Barcelona,08216,42.1874392,2.0238488,25,30,-16.7,-7.4,,,,,
Cascajares de Bureba,Burgos,09077,42.6794782,-3.2378381,25,67,-62.7,-26.5,,,,,
Cascajares de la Sierra,Burgos,09078,42.0619334,-3.4002726,25,25,0.0,-34.2,,,,,
Alcohujate,Cuenca,16011,40.4173874,-2.614855,25,65,-61.5,-21.9,,,,,
Algarra,Cuenca,16013,40.0016616,-1.43573,25,38,-34.2,-13.8,,,,,
Mota de Altarejos,Cuenca,16132,39.8816032,-2.3098706,25,60,-58.3,-28.6,,,,,
Mazarete,Guadalajara,19175,41.0009725,-2.1590207,25,87,-71.3,-34.2,,,,,
Megina,Guadalajara,19178,40.6392228,-1.87022,25,87,-71.3,-35.9,,,,,
Semillas,Guadalajara,19901,41.0591279,-3.1196781,25,34,-26.5,-37.5,,,,,
Valderrebollo,Guadalajara,19306,40.8104174,-2.7293521,25,43,-41.9,-10.7,,,,,
Orreaga/Roncesvalles,Navarra,31211,43.0091669,-1.3201731,25,32,-21.9,-26.5,,,,,
Cobos de Fuentidueña,Segovia,40056,41.3832558,-3.9272432,25,73,-65.8,-21.9,,,,,
Barcones,Soria,42031,41.2913099,-2.8157357,25,55,-54.5,8.7,,,,,
Bliecos,Soria,42037,41.5281846,-2.2718261,25,66,-62.1,-32.4,,,,,
Mianos,Zaragoza,50168,42.583813,-0.9540922,25,37,-32.4,-10.7,,,,,
Hoyos de Miguel Muñoz,Ávila,05106,40.3927895,-5.0670333,24,62,-61.3,-29.4,,,,,
Navas de Bureba,Burgos,09230,42.6818017,-3.326625,24,54,-55.6,-31.4,,,,,
Valmala,Burgos,09407,42.3050748,-3.255344,24,35,-31.4,-17.2,,,,,
Villanueva de Carazo,Burgos,09450,41.9854996,-3.3234783,24,24,0.0,-22.6,,,,,
Casas de San Galindo,Guadalajara,19073,40.8721245,-2.9576836,24,41,-41.5,4.3,,,,,
Hijes,Guadalajara,19136,41.2511034,-2.9992481,24,27,-11.1,9.1,,,,,
Terzaga,Guadalajara,19267,40.6946785,-1.9045962,24,42,-42.9,26.3,,,,,
Fago,Huesca,22106,42.7344354,-0.865546,24,43,-44.2,9.1,,,,,
Pazuengos,La Rioja,26113,42.3181122,-2.9255138,24,51,-52.9,-31.4,,,,,
Aldehuela del Codonal,Segovia,40015,41.0551736,-4.5376928,24,60,-60.0,-22.6,,,,,
Castroserracín,Segovia,40051,41.3937024,-3.8019228,24,60,-60.0,-53.8,,,,,
Hinojosa del Campo,Soria,42100,41.7389854,-2.0999528,24,57,-57.9,-25.0,,,,,
Lanzuela,Teruel,44133,41.0987227,-1.2057106,24,32,-25.0,-11.1,,,,,
Santa Cruz de Nogueras,Teruel,44208,41.1147357,-1.0888585,24,28,-14.3,-40.0,,,,,
Almenara de Adaja,Valladolid,47008,41.2140052,-4.677067,24,33,-27.3,-7.7,,,,,
Cabezón de Valderaduey,Valladolid,47028,42.1678462,-5.1580301,24,54,-55.6,-35.1,,,,,
Avellaneda,Ávila,05018,40.3888653,-5.3888288,23,43,-46.5,-28.1,,,,,
Sordillos,Burgos,09368,42.4619774,-4.1068703,23,35,-34.3,0.0,,,,,
Vileña,Burgos,09423,42.6221486,-3.3239409,23,46,-50.0,-14.8,,,,,
Bascuñana de San Pedro,Cuenca,16030,40.213616,-2.2280069,23,37,-37.8,4.5,,,,,
Cendejas de la Torre,Guadalajara,19081,40.9788955,-2.8514415,23,113,-79.6,-14.8,,,,,
Ciruelos del Pinar,Guadalajara,19089,41.0087767,-2.2202456,23,67,-65.7,-25.8,,,,,
Torremocha de Jadraque,Guadalajara,19281,41.0193334,-2.8993946,23,18,27.8,-8.0,,,,,
Cabezón de Cameros,La Rioja,26035,42.1973,-2.51952,23,32,-28.1,43.8,,,,,
Jalón de Cameros,La Rioja,26081,42.21802,-2.48867,23,33,-30.3,35.3,,,,,
Alconada de Maderuelo,Segovia,40005,41.4504265,-3.4857645,23,60,-61.7,-34.3,,,,,
Calabazas de Fuentidueña,Segovia,40037,41.4456227,-4.0099324,23,82,-72.0,-39.5,,,,,
Alentisque,Soria,42015,41.4206037,-2.3317557,23,51,-54.9,-28.1,,,,,
Villaseca de Arciel,Soria,42213,41.6245164,-2.1612609,23,50,-54.0,-36.1,,,,,
Pomer,Zaragoza,50214,41.6381466,-1.8408999,23,22,4.5,-30.3,,,,,
Cantabrana,Burgos,09068,42.734353,-3.4670984,22,61,-63.9,-29.0,,,,,
Castellar de la Muela,Guadalajara,19076,40.8189679,-1.7595184,22,55,-60.0,-40.5,,,,,
Gascueña de Bornova,Guadalajara,19129,41.142023,-3.0195572,22,50,-56.0,-37.1,,,,,
Villaseca de Henares,Guadalajara,19322,40.9605365,-2.7979676,22,82,-73.2,-35.3,,,,,
Villodre,Palencia,34241,42.211561,-4.2458531,22,50,-56.0,22.2,,,,,
"Bastida, La",Salamanca,37045,40.5852831,-6.058329,22,46,-52.2,-8.3,,,,,
Villasdardo,Salamanca,37368,41.0041648,-6.1620485,22,26,-15.4,29.4,,,,,
Navares de las Cuevas,Segovia,40144,41.413984,-3.7506526,22,26,-15.4,-18.5,,,,,
Pajarejos,Segovia,40154,41.3905126,-3.5900869,22,47,-53.2,15.8,,,,,
Villaverde de Montejo,Segovia,40229,41.5219643,-3.6540414,22,83,-73.5,-37.1,,,,,
Aldealices,Soria,42010,41.9016663,-2.3097191,22,35,-37.1,-24.1,,,,,
Cubilla,Soria,42070,41.7491751,-2.9373514,22,89,-75.3,-37.1,,,,,
Tajahuerce,Soria,42176,41.7399242,-2.1503766,22,51,-56.9,-29.0,,,,,
Almochuel,Zaragoza,50021,41.2801064,-0.5502775,22,45,-51.1,-29.0,,,,,
Manciles,Burgos,09202,42.456051,-3.9451813,21,49,-57.1,10.5,,,,,
Reinoso,Burgos,09310,42.5092523,-3.3841421,21,26,-19.2,75.0,,,,,
Villaespasa,Burgos,09430,42.0997383,-3.4040923,21,33,-36.4,-19.2,,,,,
Castell de Cabres,Castellón,12037,40.6608092,0.0428379,21,24,-12.5,23.5,,,,,
Paredes de Sigüenza,Guadalajara,19210,41.2431828,-2.7337751,21,76,-72.4,0.0,,,,,
Pozo de Urama,Palencia,34137,42.2532748,-4.8939337,21,43,-51.2,-25.0,,,,,
Robres del Castillo,La Rioja,26126,42.2739128,-2.2919467,21,20,5.0,-32.3,,,,,
Cilleros de la Bastida,Salamanca,37104,40.5764747,-6.0611439,21,47,-55.3,-16.0,,,,,
Perosillo,Segovia,40158,41.392299,-4.1410021,21,35,-40.0,23.5,,,,,
Carabantes,Soria,42051,41.5523624,-1.9983174,21,42,-50.0,0.0,,,,,
Cirujales del Río,Soria,42065,41.8677085,-2.3265011,21,45,-53.3,0.0,,,,,
Rello,Soria,42153,41.3333981,-2.7504627,21,50,-58.0,23.5,,,,,
Reznos,Soria,42156,41.5915139,-2.0278949,21,55,-61.8,-32.3,,,,,
Bascuñana,Burgos,09046,42.425526,-3.0821832,20,74,-73.0,-33.3,,,,,
Tinieblas de la Sierra,Burgos,09381,42.17271,-3.3629645,20,39,-48.7,-47.4,,,,,
Olmedilla de Eliz,Cuenca,16143,40.3025307,-2.4188699,20,36,-44.4,25.0,,,,,
Cincovillas,Guadalajara,19087,41.2054105,-2.8193375,20,38,-47.4,-9.1,,,,,
Torrecuadrada de Molina,Guadalajara,19277,40.7497637,-1.8066344,20,22,-9.1,-4.8,,,,,
Ujados,Guadalajara,19294,41.2350711,-3.0057336,20,38,-47.4,-39.4,,,,,
Baquerín de Campos,Palencia,34024,42.0157345,-4.7815641,20,41,-51.2,-50.0,,,,,
San Cristóbal de Boedo,Palencia,34161,42.5418534,-4.3530239,20,54,-63.0,-13.0,,,,,
Tabanera de Valdavia,Palencia,34179,42.6473734,-4.6934476,20,57,-64.9,-28.6,,,,,
Aliud,Soria,42016,41.6548411,-2.2532095,20,45,-55.6,25.0,,,,,
Frechilla de Almazán,Soria,42083,41.4265089,-2.5149913,20,53,-62.3,-20.0,,,,,
Rubielos de la Cérida,Teruel,44200,40.7704251,-1.2121906,20,61,-67.2,-48.7,,,,,
San Salvador,Valladolid,47151,41.6201693,-5.0868382,20,50,-60.0,-35.5,,,,,
San Esteban de los Patos,Ávila,05206,40.7465117,-4.6246867,19,50,-62.0,-47.2,,,,,
Palacios de Riopisuerga,Burgos,09247,42.3433567,-4.2568616,19,35,-45.7,-26.9,,,,,
Vindel,Cuenca,16275,40.5870515,-2.3807498,19,26,-26.9,72.7,,,,,
"Bodera, La",Guadalajara,19052,41.1350877,-2.8872198,19,58,-67.2,-26.9,,,,,
Cogollor,Guadalajara,19091,40.8486323,-2.743998,19,61,-68.9,-29.6,,,,,
Iniéstola,Guadalajara,19153,40.9940097,-2.3708229,19,20,-5.0,-20.8,,,,,
Tortuero,Guadalajara,19288,40.9363854,-3.3534051,19,42,-54.8,5.6,,,,,
Bezares,La Rioja,26030,42.3706349,-2.6708514,19,33,-42.4,-13.6,,,,,
Carrascosa de la Sierra,Soria,42054,41.8949638,-2.2809422,19,16,18.8,5.6,,,,,
Centenera de Andaluz,Soria,42059,41.5070231,-2.7178655,19,36,-47.2,-9.5,,,,,
Escobosa de Almazán,Soria,42079,41.4868405,-2.3712503,19,47,-59.6,-29.6,,,,,
Momblona,Soria,42118,41.444201,-2.3461919,19,47,-59.6,-17.4,,,,,
Torre de las Arcas,Teruel,44224,40.8419988,-0.7182012,19,40,-52.5,-34.5,,,,,
Balconchán,Zaragoza,50042,41.0874731,-1.460531,19,34,-44.1,35.7,,,,,
Collado del Mirón,Ávila,05063,40.5527439,-5.3535524,18,97,-81.4,-45.5,,,,,
Rezmondo,Burgos,09317,42.5156436,-4.238958,18,26,-30.8,-10.0,,,,,
Yémeda,Cuenca,16276,39.7628988,-1.7224387,18,31,-41.9,-18.2,,,,,
Congostrina,Guadalajara,19097,41.0370177,-2.9866265,18,43,-58.1,-5.3,,,,,
"Olmeda de Jadraque, La",Guadalajara,19202,41.1263896,-2.7413498,18,22,-18.2,50.0,,,,,
Traíd,Guadalajara,19289,40.6685591,-1.8090805,18,70,-74.3,-33.3,,,,,
Cidamón,La Rioja,26048,42.4852681,-2.8433821,18,50,-64.0,-28.0,,,,,
Pinillos,La Rioja,26115,42.1994892,-2.5973975,18,31,-41.9,-5.3,,,,,
Arevalillo de Cega,Segovia,40021,41.1618361,-3.8892573,18,38,-52.6,-37.9,,,,,
Aldealpozo,Soria,42011,41.7826423,-2.205619,18,32,-43.8,-5.3,,,,,
Carrascosa de Abajo,Soria,42053,41.4223817,-3.0894033,18,47,-61.7,-33.3,,,,,
Gormaz,Soria,42097,41.4921737,-3.0047665,18,24,-25.0,-30.8,,,,,
Aguatón,Teruel,44003,40.6715322,-1.2343587,18,26,-30.8,-5.3,,,,,
Aguasal,Valladolid,47002,41.2748427,-4.6531667,18,25,-28.0,-25.0,,,,,
Castillo-Albaráñez,Cuenca,16071,40.2991751,-2.3929946,17,33,-48.5,-22.7,,,,,
Valsalobre,Cuenca,16234,40.6173995,-2.0930014,17,58,-70.7,-41.4,,,,,
Boada de Campos,Palencia,34033,41.9896693,-4.8775277,17,29,-41.4,-5.6,,,,,
Ventosilla y Tejadilla,Segovia,40224,41.1818213,-3.6937704,17,29,-41.4,-22.7,,,,,
Pinilla del Campo,Soria,42139,41.7166114,-2.0836977,17,26,-34.6,-29.2,,,,,
Olmeda de la Cuesta,Cuenca,16140,40.31128,-2.476545,16,54,-70.4,-52.9,,,,,
Villarejo de la Peñuela,Cuenca,16265,40.0878631,-2.4098217,16,36,-55.6,-15.8,,,,,
Arbeteta,Guadalajara,19038,40.6695117,-2.4030027,16,52,-69.2,-40.7,,,,,
Gallinero de Cameros,La Rioja,26067,42.1722856,-2.6177606,16,31,-48.4,-33.3,,,,,
Ledesma de la Cogolla,La Rioja,26086,42.3203303,-2.7199458,16,20,-20.0,0.0,,,,,
Fresno de Caracena,Soria,42084,41.4525964,-3.0911718,16,58,-72.4,-36.0,,,,,
Valtajeros,Soria,42198,41.9372008,-2.2226601,16,31,-48.4,-36.0,,,,,
Bagüés,Zaragoza,50041,42.5493106,-0.9459128,16,34,-52.9,33.3,,,,,
Alique,Guadalajara,19019,40.5865777,-2.643947,15,37,-59.5,-25.0,,,,,
Ocentejo,Guadalajara,19199,40.7724788,-2.3978421,15,49,-69.4,-21.1,,,,,
Santiuste,Guadalajara,19250,41.0852955,-2.8094199,15,25,-40.0,-25.0,,,,,
Valhermoso,Guadalajara,19309,40.7862668,-1.9620426,15,35,-57.1,-50.0,,,,,
Cellorigo,La Rioja,26045,42.6271687,-2.9993768,15,20,-25.0,25.0,,,,,
Valdemadera,La Rioja,26161,41.9839,-2.0737,15,19,-21.1,114.3,,,,,
Aldealcorvo,Segovia,40006,41.244002,-3.791299,15,35,-57.1,-37.5,,,,,
Velilla de los Ajos,Soria,42202,41.4908512,-2.2554815,15,45,-66.7,-25.0,,,,,
Pozuel de Ariza,Zaragoza,50215,41.3517524,-2.155481,15,29,-48.3,-37.5,,,,,
Blasconuño de Matacabras,Ávila,05034,41.1232359,-4.9899228,14,27,-48.1,0.0,,,,,
Arandilla del Arroyo,Cuenca,16020,40.5107566,-2.3842697,14,55,-74.5,0.0,,,,,
Arrancacepas,Cuenca,16025,40.3037374,-2.3590462,14,38,-63.2,-50.0,,,,,
Condemios de Abajo,Guadalajara,19095,41.2190157,-3.1075165,14,32,-56.2,-12.5,,,,,
Castillonuevo,Navarra,31071,42.6784626,-1.0447115,14,27,-48.1,-17.6,,,,,
Hornillos de Cameros,La Rioja,26077,42.2099,-2.4196,14,26,-46.2,-39.1,,,,,
Zarzosa,La Rioja,26181,42.1813871,-2.3421683,14,18,-22.2,0.0,,,,,
Cigudosa,Soria,42062,41.9357183,-2.05623,14,87,-83.9,-36.4,,,,,
Salcedillo,Teruel,44203,40.9618871,-1.0054143,14,9,55.6,-17.6,,,,,
Baños de Tajo,Guadalajara,19048,40.7186434,-1.970991,13,31,-58.1,-31.6,,,,,
Chequilla,Guadalajara,19104,40.6062454,-1.8278273,13,21,-38.1,-18.8,,,,,
Estriégana,Guadalajara,19116,41.0575183,-2.5238663,13,29,-55.2,-23.5,,,,,
Fuembellida,Guadalajara,19118,40.7557359,-1.9990172,13,17,-23.5,30.0,,,,,
Herrería,Guadalajara,19134,40.8873352,-1.9607161,13,42,-69.0,-45.8,,,,,
Monasterio,Guadalajara,19191,40.9852744,-3.0975,13,21,-38.1,0.0,,,,,
Pinilla de Molina,Guadalajara,19219,40.6800088,-1.8802182,13,28,-53.6,-18.8,,,,,
Caracena,Soria,42052,41.383217,-3.0913012,13,19,-31.6,-18.8,,,,,
Estepa de San Juan,Soria,42082,41.9268886,-2.3336259,13,16,-18.8,62.5,,,,,
Valdelagua del Cerro,Soria,42193,41.8880329,-2.1160161,13,34,-61.8,-35.0,,,,,
Jaramillo Quemado,Burgos,09184,42.0850199,-3.3577936,12,19,-36.8,140.0,,,,,
Negredo,Guadalajara,19198,41.0272779,-2.8588219,12,25,-52.0,-20.0,,,,,
Herrera de Soria,Soria,42098,41.7622704,-3.0120009,12,28,-57.1,20.0,,,,,
"Losilla, La",Soria,42106,41.8728912,-2.2786995,12,20,-40.0,-14.3,,,,,
Rebollosa de Jadraque,Guadalajara,19231,41.0900436,-2.8416413,11,40,-72.5,-8.3,,,,,
Portillo de Soria,Soria,42140,41.6351408,-2.1209099,11,24,-54.2,-31.2,,,,,
Bañuelos,Guadalajara,19049,41.2863562,-2.9145771,10,32,-68.8,-37.5,,,,,
Maján,Soria,42108,41.4690623,-2.3030166,10,20,-50.0,-23.1,,,,,
Quiñonería,Soria,42148,41.5682146,-2.0377322,10,15,-33.3,0.0,,,,,
Almohaja,Teruel,44018,40.60524,-1.4376696,10,35,-71.4,-47.4,,,,,
Villamedianilla,Burgos,09446,42.1608548,-4.1462672,9,29,-69.0,-18.2,,,,,
Villarroya,La Rioja,26173,42.1323214,-2.0666992,9,9,0.0,80.0,,,,,
"Riba de Escalote, La",Soria,42157,41.3522649,-2.796383,9,34,-73.5,-40.0,,,,,
Angón,Guadalajara,19031,41.0670061,-2.854052,8,43,-81.4,-46.7,,,,,
Castilnuevo,Guadalajara,19079,40.8145364,-1.8580689,8,12,-33.3,0.0,,,,,
Tordelrábano,Guadalajara,19270,41.2185953,-2.7580363,8,18,-55.6,-60.0,,,,,
Navajún,La Rioja,26104,41.964573,-2.0987907,8,19,-57.9,-42.9,,,,,
Torre en Cameros,La Rioja,26153,42.2403,-2.5184,8,11,-27.3,-38.5,,,,,
Valdeprado,Soria,42196,41.9383361,-2.1087031,8,18,-55.6,-27.3,,,,,
Illán de Vacas,Toledo,45080,39.9710315,-4.5570488,8,6,33.3,33.3,,,,,
Alcolea de las Peñas,Guadalajara,19010,41.2100187,-2.7845853,7,33,-78.8,-36.4,,,,,
Valtablado del Río,Guadalajara,19310,40.71456,-2.4024261,7,16,-56.2,-22.2,,,,,
Torremontalbo,La Rioja,26154,42.5011722,-2.6852289,7,15,-53.3,-41.7,,,,,
Torremochuela,Guadalajara,19284,40.7657327,-1.841389,6,12,-50.0,-40.0,,,,,
Villanueva de Gormaz,Soria,42206,41.4676802,-3.0614707,6,23,-73.9,-25.0,,,,,
